x1,x2,x3,x4,x5,x6,y
-0.7136025655499916,-1.0,-0.09160478198531219,-0.6600659003818728,0.544120593671136,0.07249343981838308,0.2128119899785482
-0.8081112501698313,-0.6821029816515648,-0.9166048678635395,-0.4728604806013039,-0.7110370661344649,-1.0,2.50550695010578
-0.008899548298539034,0.17029692774138316,-1.0,0.3005613394848604,1.0,0.7641005883114482,4.096689329397227
1.0,1.0,1.0,1.0,1.0,0.7767463553062324,-10.14959084122815
-0.5637879427727672,-1.0,-0.28772006118049487,-0.3465917156016789,0.3362290291750809,0.39205326374717214,-1.216385785601253
1.0,0.07527263298017672,0.5915028670493414,1.0,-0.6623063234438437,0.4076017649440607,1.7772904199855577
0.9740965615660369,1.0,-0.749318559793352,-0.5980597532333007,-0.7379427645170007,-1.0,5.496766844603787
-1.0,1.0,-1.0,-0.8253709190577113,-1.0,0.039470618815787006,1.3299964718651702
-1.0,-0.7517230986222718,0.03777576739785371,-0.91511405830595,-0.736218811156351,-0.9774744243527169,3.3689146564217194
-0.09427103721919619,-1.0,0.09682225498059516,-0.8515756864028552,-0.3178324031799041,0.9636039085395984,0.9144500013383946
0.6291387916142235,-0.9469637906497627,-1.0,-0.8200846504731171,0.6613122206735177,1.0,-2.8744450470181993
-0.6331421751759365,-0.7388682515903755,-1.0,-0.13747097769089556,1.0,0.1269549062575941,-1.8344304281359007
0.2508818361259628,1.0,0.42353063377174704,0.6342690111892871,-1.0,-0.5114881475737684,1.2597113174970345
-0.459144451829149,-1.0,-0.6559152551421541,-1.0,-1.0,-1.0,6.550993918258587
-0.5856537924441013,-1.0,-0.12942792048665383,-0.11014534881691249,-1.0,-0.3529385105361567,0.25541141049268035
-1.0,-1.0,-0.7902515681492581,-0.9003951548124935,-1.0,-1.0,3.7847920147681005
-1.0,-0.2225152814062482,0.9944809231400958,-0.010216664242351181,-0.2003340544505734,-0.6431235557141637,0.8916307710676533
1.0,-0.26389881272305815,-0.23599207507649206,0.5295854485186111,0.5839333883208546,0.8230010119734079,0.1754961364096666
-1.0,-1.0,-0.04956289415672144,0.6013409402893,0.9665673023521854,1.0,4.079394982522024
0.09776644519503297,0.20339989314937723,0.6063598165539614,-1.0,0.8858347711143608,1.0,2.8689360223956304
-0.5567424065403956,-0.4270288421916618,-1.0,-0.9763490175927757,0.6513817721283072,0.6202320077869128,0.524893785524073
-0.04275525130161828,-1.0,-0.3721690443713308,-0.2520875755979033,-0.8681097797930264,-0.37184243524609806,0.8983903006174041
0.5696166763152423,0.315065413565927,0.15710072911223727,-0.11670792857618684,0.8510084580614192,1.0,2.564721006340221
-0.3757729752336483,-0.774672205191731,0.13379275610877883,-0.38570694358396573,-0.757817504211085,-0.028616421685484728,-0.41639842101018437
-1.0,-0.4442194129659429,-1.0,0.6436379912184761,-1.0,0.7538928930498866,-0.855919050547853
-0.11856917816497492,-0.02784515825396905,-1.0,-0.4628123531768597,1.0,0.4516564909582623,0.32176017740933305
1.0,0.6884247138716417,1.0,-0.5496919483718086,-0.02298356172351379,-0.596471896420848,-0.32491960420371646
-1.0,0.9895870831474857,-0.38271506666576544,-0.24506937804453882,-0.5767380375058567,0.4061675676839507,0.10166031118358676
-0.7358245687390061,1.0,-0.4692358552409327,-1.0,0.8466609926682567,0.7466658200065011,6.974053279000383
-1.0,-0.3767076934560577,-0.5635142926893375,-0.2476729174037029,0.2695013826480201,-0.1198174559798909,-0.011934063573290826
-0.39598760404391325,0.5055501393559234,1.0,-0.007405813839504782,0.716769507966392,1.0,0.6521573456867243
0.8977558704262618,0.2867482323185957,-0.39889236918754456,0.1202197776891496,-0.07085353172253861,-0.211838595203086,0.6383925061169348
-0.4844235383123377,-1.0,-1.0,-1.0,-0.7925597976177186,-0.7119972032185005,2.1206545519058735
-0.2151698272178426,0.3453414095138361,1.0,-0.6233999377353376,0.013015547638371538,-0.5395161931922303,-0.7557154405034282
-0.3394195494257791,1.0,0.4812728176681373,0.8371117654332483,-1.0,0.8236003556492708,-1.8247298883614975
0.025524078763409674,0.831016471893832,0.873342284665245,0.5846015642303162,0.6626976787692398,-0.19696732159874664,-2.4755253424964496
-0.32484538130758106,1.0,1.0,0.5645180340078546,-0.43113798015384147,-0.8504007648033062,-1.0574582253400995
-0.7024979864766301,0.3809058456412978,0.4428164039839655,-1.0,-1.0,-0.12669782585236922,0.21169955576520705
0.9354075937028105,0.1760651137189611,0.6142324725177408,-0.46070731341309845,-0.10667333769226287,-0.4483815097294509,2.240867018595492
0.25875802331695347,-1.0,-0.5340689357347361,-0.4596928831826018,-1.0,-1.0,3.808307478499648
0.2042513815633833,0.5862879224632069,-0.909828988644455,0.4701487575431156,0.7852923911541703,0.18777218504774607,0.21171240987571932
1.0,1.0,1.0,0.3961802231102818,-0.6411968520038543,0.9559812814763207,-0.16196623993521736
1.0,1.0,0.9374027555530744,1.0,-0.20172036700964135,-0.43760838772381605,1.0352848817049392
-1.0,-1.0,0.2681778688749259,-1.0,-0.5189914115192564,-0.9769607219317713,5.291001529428718
1.0,1.0,1.0,1.0,0.9363014080314086,1.0,-9.087316340506
0.3518175262264459,-0.6924622716737908,0.2487388553911477,0.10698138805853108,-1.0,-0.12207215072549737,2.9001072902642644
-1.0,-0.19216346727755518,-0.12773072135077734,-0.3614861388157755,0.07641548667481035,-0.5038061220708505,1.5365031568909966
-1.0,-0.9086640644471489,-1.0,-1.0,0.09570126601898776,-0.4024908708666509,-4.309105460328333
1.0,1.0,1.0,0.7121133419048775,-0.6726440968025926,-1.0,6.0270819914257405
-0.41960447788998123,-1.0,-0.7833467555555673,-1.0,0.0647169112321685,0.2854199094552643,-3.341870583945843
0.37522878095273626,-1.0,0.476884638860121,-0.592089815761517,-1.0,-1.0,10.941639687236352
-0.892503176640492,-0.29162666480778343,-1.0,-0.3596180484862371,-0.01659932365550154,-0.09997755656809515,-1.3957838289331224
-1.0,-1.0,0.9147792766397023,0.47933825520740325,1.0,0.8329819031624337,1.3939906714916808
1.0,0.27812326820045785,-0.0273181351691143,-1.0,0.9622847838446078,-0.013103720373101369,-0.40484255291441346
1.0,1.0,0.19108650038935915,-0.0020896247641934984,1.0,1.0,0.760272663234594
-0.8724520685804714,-0.574802576837226,-0.5086748461191023,-0.6729958174477153,-0.034189639854492526,-0.8219250474008696,2.1524405073355464
0.17310066755857856,1.0,1.0,-0.0214216328448672,1.0,0.13363181785218092,-2.9781692271531206
-0.5882076135528987,0.5007922811982691,-1.0,0.5905005552491536,-0.44598595247351924,-0.05708496632349552,-0.6138759225969047
0.06034145118409684,0.42158230826130627,-0.25972920260220755,-0.10102874658353664,0.3982761874416054,0.9967711455796215,4.237909158610295
-0.0077179511633704845,0.6838264069099604,0.03750443873719622,1.0,-0.18300438155771748,1.0,2.7912222812736243
-1.0,1.0,-0.999448223206779,-1.0,0.4633898924045787,1.0,12.945198269356544
1.0,1.0,0.21649419913792367,1.0,0.6979346699720119,-1.0,2.197990975422574
1.0,1.0,1.0,0.7745682461519943,-0.602567524564575,0.372718335920265,-0.3873521686459369
-0.07407268406413864,-1.0,-0.2518412365203838,-1.0,-0.9446508923789547,-0.04396054960178675,4.809002669131885
-0.1794944160938785,-1.0,-1.0,-0.29671543353576624,-0.5162095001126783,-0.1834274469422769,-2.1956843395035097
-0.1327388280553758,-0.423990355479664,0.37948986578715976,-0.6843365308653994,-0.49861201598450733,-1.0,4.279110845986368
0.7289641491563461,-0.31763249339184174,-0.8220700416542366,-0.24676794565788623,0.12991646843077587,0.37625704381046454,-0.41687292270173026
0.15841156870021078,1.0,0.8533835299635133,0.49037291287058626,-0.024723191154386814,0.38957405389604477,-2.952968873177586
-1.0,0.6600022815492889,-0.5610694823234733,-0.5808770342457545,0.07347871870905776,1.0,5.948673049803542
-0.9407106576903794,-0.8960318065874306,-0.05116266939895131,-1.0,-1.0,-0.7045274852422166,5.54294210695585
0.5046124326576988,0.5517952909398104,1.0,0.9852683781723072,1.0,0.2358802876807663,-4.120727064796537
0.04683544575251722,0.45553251675838236,0.33801002281525583,-1.0,0.6150676110448863,1.0,3.478965914029424
-1.0,-1.0,-0.5004010632236374,0.5545115545163284,1.0,0.6481112780195708,1.5023546371915957
1.0,1.0,0.736164736558159,0.43872593803640647,0.6838523487959189,0.5337451089080528,-3.77817429164893
0.48873057380413926,0.8363021846531715,0.2665561755265433,0.03003325447111349,0.7461603620640347,1.0,2.4935614402731923
0.3877948487550881,-1.0,-0.6893074757065524,-0.053789930705663624,0.557616226199761,-0.27886407447569134,-1.5581547295204987
0.9722519578728391,0.2127137874234717,0.3678568193482328,1.0,-0.08545100533529318,0.06636825224956934,0.7087102513201472
0.8279147998782264,0.08677334593606154,-0.5363172423335117,1.0,-0.30811381773162444,0.013475841654070661,0.42138517167498313
1.0,-0.8095139599220968,-0.7940841306925346,0.7716121945343258,1.0,1.0,0.12039912805347305
-0.03502464858910237,-1.0,-1.0,-1.0,0.6990202398370242,-0.36974616538470556,-5.005935985892174
0.6935451461930373,-0.273285102763453,-0.1544307749223927,0.9857428901361398,-0.719655263945383,-0.2357353489481413,1.6278591661489898
-0.8961605206904741,-0.7684935012700962,-1.0,-1.0,1.0,0.7446419722916862,-1.1705489514908913
1.0,1.0,0.5856314585247061,0.5416637669055049,0.664166740187415,0.9814778376918509,-2.1005415292172507
1.0,0.021419735456015276,0.9718370319750584,1.0,-0.6953424460125024,-0.41936922409600075,3.7434541243372275
-0.16405299008304597,-0.45720424242947644,-1.0,-0.9519440133331183,0.23247908045909949,0.5797442574192129,-0.023805647061235606
-0.18580424477112378,-0.2770242048625766,0.00539718227511643,-0.6935290517848829,-0.11849509472507957,1.0,2.5540323952392447
1.0,0.7812283906827913,0.7154879034655508,1.0,1.0,1.0,-3.9991789434083183
-0.1296730623332818,-0.22802575302471229,-1.0,-0.40482530009312573,0.4390996158642821,1.0,6.026881578772102
-1.0,-0.5410685260594585,-0.18256820049872347,-0.22032675871040275,0.2985861642977937,-1.0,3.8825608496786908
0.5858060382101888,0.1353205044358501,1.0,1.0,1.0,1.0,-3.4556714627664222
-1.0,-0.5382028357464677,-1.0,0.6578802845433562,0.025126857845529482,1.0,6.588460961008583
-0.9223424453221976,-1.0,-1.0,-1.0,1.0,1.0,-0.04916209252321646
0.15121137224234096,-0.06168884782283632,-1.0,0.899192160846862,-1.0,-1.0,1.6582751634414084
-1.0,-1.0,-1.0,-0.004946579415234076,1.0,1.0,4.509710204564556
1.0,0.1387751612098852,-0.2088764062240778,0.41362402258835945,0.7312688762912429,1.0,0.335692158376369
-0.44458621568289924,-0.28700014751469705,-1.0,-0.9945862314043992,-1.0,0.06308444016706583,-0.0010724529785627324
-1.0,-0.46042109030164513,-0.11025075637461533,-1.0,-0.4373631132929754,-0.1307484906579804,-0.12483180915677528
-0.439940176895864,0.1268836154096678,0.19711936698714416,0.2632676547074625,1.0,0.941365062297528,3.9497505321214357
-1.0,-0.7432971181838977,-0.3811536503324686,-1.0,0.9268573971725321,-0.33410769305358523,3.226906490041693
0.8717989500393966,0.6847668094577906,0.5818843606247255,-0.6363787461974697,1.0,0.9515588359244558,0.5244778540279903
-1.0,-0.255728781472063,-1.0,0.6715283667879843,-0.27859037130247266,-0.8189980016807773,1.7508799237886667
-0.4605294775417854,-0.6705447239667506,0.219059547856998,-0.28773888963318117,-0.9714666201795599,-1.0,2.1218798002539283
0.2584004718021087,-0.1378305851478281,-0.23024209391966577,-1.0,-0.5583985433678473,0.541466599558964,2.5199555455593594
0.7858597147065592,-0.16586919375509268,-0.09347584328918829,1.0,0.3983944698368398,0.5635757745295753,0.5424565778019061
1.0,-0.013262152432816351,-0.16251990778600256,-0.11830096008532048,-0.5510566019252026,-0.9922305014135194,5.092758333139029
1.0,1.0,0.9603503668267512,-0.12375100609241119,-0.8660377556592491,1.0,2.0890912205718144
-0.48451263101489217,-0.757500005478914,0.07343265797615128,0.7805098281634233,-0.6123777823508199,-1.0,1.1009443128352199
1.0,0.07890458068735695,-0.755926992790352,-0.06593482827655106,-0.7733433459636193,0.8658152141735498,6.312262624517588
1.0,1.0,1.0,-0.14479092044549985,-0.6403203129456616,0.7613563358561775,-0.6089304822292494
0.9870733266756816,0.8549901013722754,1.0,0.16856050314587423,0.016199997251589077,-0.767412165932611,0.5663458857823824
0.8646831575666788,0.5698939359784738,1.0,0.22518961682370475,-0.5220704836116473,-0.7538465770041827,3.251474030609164
0.46838024082340457,1.0,0.479820311120836,0.15665406280787364,-0.30138290140411794,-0.21608686731750504,-0.7531310086511417
-1.0,-0.5559527778318845,-0.6617216600515192,-0.05394124713294751,-1.0,-1.0,-0.7086121971962025
-1.0,-0.7132476681726867,-0.22713570270728412,-0.8581612907291654,0.9826944828022648,0.9279513617931346,2.7692588756913485
-1.0,-1.0,-1.0,-0.36234991509537257,-0.45246948367448203,-1.0,3.492565668326471
1.0,0.8173187800757873,0.06241430101180351,-0.5476624278296213,-1.0,-0.04055230030933936,3.84780308278529
0.3768768924274113,-0.22973378778905096,1.0,0.8617408319226467,-1.0,0.24571162270537442,-0.8440123385219234
1.0,-0.5852338766060083,1.0,-0.5659819840645657,-1.0,0.9576072095620409,4.684035600089898
0.7351490502505711,0.16323209709445452,0.03505455286080389,0.2079537760734172,-1.0,-0.25907448580677184,2.008861231934752
0.39705581521208033,0.3815087040203722,0.27109363531318054,1.0,-1.0,-0.19649626660460817,2.5203778331589275
0.7032310322819649,0.11837425886674247,0.02566968822632376,0.12173851864583107,0.4288765802564,-1.0,2.247206259940866
-0.7407926198505048,0.675085511627584,0.08084047610239065,-0.6776768094369496,-1.0,-0.6159284154857007,-1.724716773832973
-0.5478949129864101,-0.3048852586465085,-1.0,-1.0,-0.8678044009757766,-0.17016387412428108,-0.32357122663460347
0.26657571594047713,-0.7931889075745396,-1.0,-1.0,-0.5808862192927389,-0.07899667966834456,1.0892325962327418
0.1222656986032607,-0.6702359500713856,-0.13221813050203557,-0.2811265837813861,0.39002356757275114,-0.7081487906690818,0.9754807838704612
-0.12575239087923656,0.07399560579195608,0.053221087514986054,0.3560649118522022,-0.45454165622238163,-0.4945706378275314,-0.35561165322781996
-1.0,-1.0,-0.610285683168158,-1.0,1.0,0.5882360406447378,-2.213522330077342
-1.0,-1.0,-1.0,-1.0,0.171181095173078,-0.3964859312813549,-5.949017769211814
1.0,1.0,-1.0,1.0,-1.0,-0.8551497842711034,10.79109669282649
1.0,0.9254659484634173,0.9143619939755532,0.22091369986149229,-0.6377261957119732,-0.9971625505533487,3.5648119480466924
0.8747010621313972,0.24090174861651392,1.0,1.0,-1.0,0.4012619491680795,1.380920873069305
0.64408555871536,0.030695860617155124,-0.07666593891306211,-0.49753521307461424,-1.0,-1.0,5.188510969855938
-0.01588960805905071,-0.09198212921182058,-1.0,-0.8933312074565434,-1.0,0.9990749532952773,8.302262242018452
0.3456408401744223,-0.44708734930212507,1.0,-0.02064355712382887,-1.0,-1.0,3.4368594861324615
0.14449343693572814,1.0,-0.34439046804924345,-0.6645856465681625,0.24644014222789534,-1.0,1.6608788587456635
0.5286715617388563,0.9738366052570151,-0.47496486116981224,-0.4065774382936516,-1.0,0.008695559876651826,3.6970647428837475
0.3129158982856614,-0.6396924729421734,-0.8393372204950379,0.25906000412114644,0.9056489368963248,0.10411583850490258,-1.1343896134829867
-1.0,-0.8631121497418608,0.428877569804067,-1.0,1.0,1.0,1.5939196410292837
1.0,1.0,-0.7057415992710532,0.8526152167819058,0.5399357432170311,-0.27229649750966545,-0.3599232821464355
0.8007446186207874,0.49475933745487627,1.0,-0.46179966634934827,-0.5692355207984134,-0.5547338819557949,2.3245435525272384
-0.5642186021958984,-0.7072640855112909,-0.6273765553885013,0.6298473125260566,0.5409256155097943,1.0,4.687915585923696
-0.7459631695608228,-0.17839249293814308,1.0,1.0,-0.3816357027614181,0.4603651474325652,-3.719110118149939
0.259593514950908,0.09120915855672962,0.16048404651615217,-0.11785642015952524,-0.07807775905877923,-0.5724235841302965,1.3333949985869868
-1.0,-1.0,-0.8310223287928449,-0.10510648044649185,-0.855363056259226,-0.6188272783577977,-1.9352237250469182
1.0,-0.12744995848624563,0.2438762323247805,-0.27059703973941457,-0.16120185957001876,1.0,3.154233184377096
-0.10751131383815293,-0.9615295150331606,-1.0,-0.1532106336400858,-1.0,-0.3270045582414628,-1.3453239678814386
0.713828974268691,0.6910544642010268,0.32214573869040186,-0.4556143672765667,-0.28779153063571655,1.0,4.753587947323265
-0.8756430107891743,-0.09121621449263129,-0.2675555043265079,-0.08967148822190657,-0.998154890874135,0.10291373596884781,-2.628267220787658
-0.987069878644659,-0.10518384479003212,0.8678893613357441,0.9960286936231052,1.0,1.0,0.003264360593872251
-1.0,-1.0,-0.9466655940264435,-0.7627801533949646,-0.6187188224032566,-0.4942581448348826,-2.6476174287091068
1.0,1.0,0.4876430882949514,1.0,1.0,0.019605502666959707,-4.797276090112483
-0.4133095071979289,1.0,0.515744506377356,1.0,0.6869844914524064,1.0,-0.5073027364732755
0.3701280078628054,0.15373681852780563,1.0,0.03722069933483452,-1.0,-0.5806050275679009,2.6797686590853487
-1.0,-0.39812500880664636,-0.6995405449221401,-1.0,0.05321327878479121,-1.0,3.9455621073527567
-0.22089161304268934,-0.574563430862603,-0.08385168903185503,-0.16071933095686275,0.5327752436708444,-0.11946993370042785,0.7163494904950787
-1.0,-1.0,-0.9304485618950593,-0.33933297685923414,-1.0,-0.9066275240428303,0.3705563328577978
-1.0,-0.2393485721004871,-0.8868210246585413,-0.8527450375276673,1.0,0.12852589176960477,1.971812268146381
0.38061854688567176,0.16137210906754262,0.00022177065677353447,0.219466038071499,-0.8606833307099757,-0.3747517794039871,0.5786201481810539
-0.9312046588083418,-0.25428015040381313,-0.548368902899115,-1.0,0.633236490729711,-1.0,6.080432049922857
-0.49382019588424314,1.0,0.5605182810219917,1.0,1.0,0.023432056487904585,-3.105569870454979
-0.5961379975042955,-1.0,-1.0,-0.9572171361544602,1.0,0.9635792670546908,-0.6926914289772151
1.0,1.0,1.0,0.20985680753636626,-1.0,-0.0013636196989686988,1.1613152279298844
-0.8324988971525188,0.07823299348479285,-0.6187599229953342,0.39576019059751133,-1.0,-1.0,-0.47906854843727315
-1.0,-0.13376763696640825,-0.3479234700066067,-0.016719953587945646,0.752571594863507,-0.9564801557179707,4.3227522336646995
-1.0,1.0,1.0,0.48453878755092583,0.4935838879482339,0.792581738923225,-5.780835241148734
0.017949729381640522,-1.0,-0.5064531205816591,-1.0,-0.8623146106114072,-0.24664335563674683,4.236011969752187
0.02760300595266907,0.48557390077311835,-0.9887385512424621,-0.8192679381985088,0.6534956826159297,1.0,8.526389693502136
0.7565174589079977,1.0,0.5010146487734404,0.9183133942095603,-1.0,-1.0,8.423455073240826
-0.18443345677679468,-1.0,-1.0,-1.0,-0.5371693243341127,-0.38788971944563033,-1.1884298180959927
-0.31530523386201315,1.0,-0.6932290193441412,0.9976538427828321,0.2870628472755654,0.8390704243221165,2.9309277051283966
-0.3602411255666287,-0.7312906846183964,-1.0,-0.028787644625365427,-0.7034045567091092,0.48237666633430615,0.10030074021855107
-1.0,-0.0013029869263536664,-1.0,-1.0,1.0,0.3370243843634463,1.0513085787058087
0.2920423156355985,-0.842912721841339,-1.0,-0.5535825063062578,1.0,1.0,0.9865650404202966
-1.0,-0.9623866415765128,-1.0,-0.0029527079563334002,-1.0,-0.8025950282737129,-1.897661547183483
-0.059455501575655934,-0.07251966884750405,-0.4079813499387026,-0.5686918940024532,1.0,0.20489220643876815,0.6112888058666848
0.23276975947822048,-1.0,-1.0,0.00032706955811512284,1.0,-1.0,-1.493170455348943
0.8873944310253334,-0.05341980272131955,0.4482222514682974,0.8266635806987663,-0.1197437511720012,0.5489493922528486,0.9464504949121579
0.7857111716300627,1.0,-0.29233305387434555,0.6742278639568773,-0.4838778341476462,-1.0,6.397050363050995
-1.0,0.779687609418926,-0.790427262331658,-0.6168736724681292,0.23633364058258385,0.6919134173202038,4.898329999049277
1.0,0.40189498335729756,0.5859013629671305,1.0,0.6833810726340042,0.6588816166779264,-3.034041951596595
0.8983928922677458,0.8519672447635576,1.0,0.7177900261589731,0.1676678540890072,0.19302760970892674,-2.689362881619322
0.7272640710099922,0.001577745692050346,1.0,1.0,-0.09567142320648792,0.6216841387999754,-2.1553880544864414
-1.0,-0.020462314121880265,-0.301863219238949,-1.0,-0.09750972778090128,-0.4553286245174732,-0.16932092243115843
-0.06636012046559961,1.0,-0.18345989997709897,0.3652387309538304,0.4680755763073464,-0.17184184949962192,1.2725462853915515
1.0,-0.07239764372889196,1.0,1.0,-0.1599596078775551,-0.3575704683981086,1.6574890301364578
0.5796237191994087,0.09033249496427684,1.0,1.0,-0.7022831257409697,1.0,-0.1587265712712136
1.0,0.8051495111478779,-0.08112145430902185,-0.8306170967912885,-0.7091756857902145,-1.0,5.537936736633341
1.0,0.056821593309514584,-0.2954800775035624,-0.31982654138724703,0.1530382296304933,1.0,3.02687694928702
1.0,0.4351922162407127,-0.5353082526048377,0.045125598040593684,-1.0,0.12803345344794828,3.348832444335084
1.0,0.16678076973954536,0.020426728256823568,1.0,-0.45867738991061435,0.3664659505385252,1.8036741920780677
-0.0026232454405774597,1.0,0.3685746793724274,-0.5128720342643655,-1.0,0.3901303084542823,1.306439807358828
0.2004781010625749,0.13535521359438984,1.0,0.6345310863757578,0.889315046740923,-1.0,-0.8248551007594797
-0.2680920532527023,0.5223668230547924,0.6268094131895896,-0.1712053332576028,0.10993110465864381,-0.7907939460481539,1.023908456616394
0.7917841067952671,0.8323267512726699,-0.3569606023987627,0.38642627440857324,0.07605470970456396,-1.0,2.874316581673433
1.0,1.0,0.474689656362098,0.6692894914777692,0.2924122378525311,0.40372357100858136,-2.82823362108522
1.0,1.0,1.0,-1.0,-0.9901003244075004,-0.04751549946200021,4.394563595920808
0.7332283857443538,1.0,1.0,0.3927892169905531,-0.435883619312766,-1.0,1.8342139679686973
0.8369255209325391,1.0,1.0,0.7399037188239754,-1.0,-0.9998537018040385,4.071456489129981
1.0,0.10979253741043182,0.21708115133438577,1.0,-0.3698747332564879,1.0,4.0676613229291245
0.12890665175264238,-0.945974530186401,-0.685811310991415,-0.518510662960832,0.05368516271028001,-1.0,2.2578526442161664
0.19338674318591242,1.0,0.16786460200187325,1.0,-1.0,-0.333410833743492,3.723881636287674
0.10875362221698726,0.02185100250024996,1.0,0.9138202210838475,-1.0,-0.48435045323092,-0.6800571324128173
0.38144949397359307,0.38822021718165,1.0,1.0,0.9139538536688594,-0.5984401831098001,-2.1925356895005974
0.6090714310859996,0.6895616250149156,0.37135384247838227,-0.7226119593962285,-1.0,-0.42244644669665643,2.9019255652471907
-0.6608008369353187,-1.0,-1.0,-1.0,-0.17912045104074947,-1.0,3.2967378988161973
-1.0,0.8674868492674379,1.0,-1.0,-0.684322629054188,-1.0,-4.297003547439921
0.23781369843493938,-0.9292643782123171,0.5428359898290929,-0.715349381554546,0.307206153844099,-0.9129278319431413,6.411389051843155
-1.0,-1.0,-1.0,-1.0,0.8953210824856174,0.6672984037995191,-5.799395953033705
0.23485093176260108,1.0,0.0640260575222859,1.0,0.2158122168777099,1.0,1.3206307000613513
-0.6892281708226241,0.2749747387021348,0.029852019679550312,-0.12419128827863504,0.3904670034160522,0.4908358701445621,1.0170687015209847
-0.20851620836069384,-0.015810137675744462,-0.10464835678333151,1.0,-0.46710141861841825,0.5226425938513335,0.8083297921590915
-1.0,0.0567303714073967,-0.4333419974661723,1.0,1.0,0.6593622593107141,4.929137846742942
0.15527741699811393,1.0,1.0,1.0,0.03570404909566316,-0.6146243965218385,-2.4897939413881782
0.3828506944014387,1.0,0.28601068223625137,0.3756889555437908,-0.1955573506864513,0.23837717734550568,-0.42047748715663613
0.013481818864850004,-1.0,0.7332729742961881,-0.4793595543595064,0.25915149117275393,-1.0,6.884590286999684
-0.3631797560682211,-0.359515971703964,-1.0,-0.729563838719683,-0.2588522698934703,0.8634523716239363,3.10154420915852
-0.8104240625360657,1.0,0.42523804247878094,-0.536353749569421,-0.21905167013738508,-1.0,-0.9402595557528917
-1.0,-0.1983686634512417,0.012441724656111375,-1.0,-1.0,-1.0,0.12546805921600346
0.9965802631555258,-0.3551330546782724,1.0,0.4955799688792201,-1.0,0.8822422926058153,3.2410512149962294
-1.0,-0.6218893271331687,0.2919129799478528,-0.6270115124393615,1.0,-0.2996519719820267,4.629394550276498
0.7789785609175386,-0.2882462816167267,0.30663792122564043,1.0,-0.0024984057100662094,1.0,1.7373313274364524
0.25588798857138506,1.0,1.0,0.007535423661263807,-0.46642370723905024,0.402159992083963,-3.1137148449434067
0.06127566823855585,0.3007020798918292,0.5653013932501277,1.0,-0.04570511985804737,-1.0,3.63256057184903
-0.766136016711796,-0.8924021263258453,-0.5231394294389281,-0.315571708925078,-1.0,-1.0,0.7007989091259881
1.0,0.7332611941726712,-0.2132228399642897,1.0,-0.5421419763712102,-0.38393966075695396,2.781527149073602
1.0,1.0,1.0,0.48292528463422935,0.8973737806434436,1.0,-7.584657943929585
1.0,0.8081500781164561,1.0,1.0,1.0,0.14820854350312507,-6.800043582904469
0.12172930241451763,-0.581749111778824,-1.0,-0.3014013739214712,1.0,1.0,4.529974128712031
-1.0,-1.0,-1.0,-0.9118283613843514,1.0,0.4926327242654157,-5.810500488554613
-0.9243680580066479,0.2613610292427072,0.09871873739351,-1.0,-1.0,-0.8556285078001535,-1.1574454556922955
-0.2798426406158007,0.1521962913477291,0.470329778001152,0.04908672209490017,-1.0,-0.5148329024361864,-1.066590372162008
1.0,1.0,-0.5504678063738151,-0.9951083184427509,-1.0,-1.0,9.55604352350223
0.25758312168447994,-0.28086387680978153,-0.8245480347426372,-1.0,-0.7039690947357531,-0.6315245975246123,0.4180491913578145
-0.12358984886244595,-1.0,0.8932851663510901,-0.1679630631998198,1.0,0.7425131778070153,0.48556912351528236
-0.732506459883139,0.6444748652186151,-0.9370577129800912,-0.6429586097196771,0.3459136486664168,0.7160117148667526,5.821004841576765
-1.0,-0.21083106667359885,-1.0,-0.6656336621337938,0.2786838728720109,0.43856889638697527,-0.12731229685991527
-1.0,-0.07599152566656353,-0.5255018510556861,-0.12786556975042473,0.2347477306160014,-1.0,4.527465582642567
-1.0,-0.6388781527431482,1.0,-0.716935348698462,-1.0,-1.0,1.607195634010629
0.2351322428657372,1.0,0.6057289471218463,0.5013133204313489,-0.002438918830611536,-1.0,1.6296432459360715
-1.0,-0.38324534240365127,-0.1497178884285684,-0.9694402791108909,-0.7504252152441786,-0.12437054272913445,0.14282117021551033
0.5649148636350401,0.5331710216026024,1.0,1.0,-0.6765765498751966,-1.0,4.499638793641845
-0.7757694971103242,-0.2666695923363114,-0.5467226630018924,-0.5930318680265539,-0.018478533124783425,-1.0,3.4589030809894985
0.681817037638784,0.18948973819767473,0.14562807216200618,-1.0,-1.0,-0.09918407113133898,4.057161470776007
-1.0,-0.8774466325770971,-0.5836911283402662,-0.4810210839812694,0.5162748498211883,-1.0,5.224031270933908
-0.6584627055997483,-1.0,0.9649281701339579,1.0,0.42941153145908867,-0.21428282427692602,0.7655991373175323
-0.3279363799882473,0.8923403602161277,1.0,0.9376864098331258,-0.9640938897522618,-0.11924912481906491,-2.1076559084573514
1.0,0.6617136184247125,0.3407377581207083,0.5460479273736447,-1.0,-0.2620128537728159,3.710947061735365
0.18594658793605223,-0.479371621769346,0.3774377880443165,-0.3653158302508323,-1.0,-1.0,4.183093675923179
-0.09312988691218638,-0.9939025630242175,0.18973442479138714,-0.000688217114892975,1.0,0.03459454992140554,-0.09654010760981657
-1.0,-1.0,-1.0,-0.37273546247596334,-0.14957262543616834,0.27145329858341977,-4.623283723494979
0.7693957046527178,0.8535875558926695,0.7597362738354514,1.0,-0.1986296648855378,-0.001432588307934149,-0.05004304900166745
-1.0,-1.0,-1.0,-1.0,-1.0,-1.0,3.62417818183407
1.0,1.0,1.0,0.3452151492262976,-0.6128316884196465,0.3254846409993395,-0.8025514203816893
0.8605983939903324,0.3919660081021963,-0.6463175139376509,-0.17261409898071875,-0.3090837695716936,-0.5356558031973259,1.468564735258269
0.20710422041257615,0.45646996213558966,0.5619687854065467,1.0,-0.417126857230643,0.8874309107630517,1.0358070556423344
-0.03495313362803676,0.5801308550941001,0.4182428800242639,0.7986061551023301,-0.46753941509893177,-0.9563973415801064,2.7071386501329453
0.031072097972280943,-0.8413801454162337,-0.3662154916089266,-0.7849897254662723,0.6510533024742968,0.5491138931686659,-1.4377509486521427
-1.0,-0.46472899833278764,-1.0,-1.0,-1.0,-0.3295973939586758,-0.8683418409435342
1.0,1.0,1.0,0.6655080300916056,0.9225580900438652,0.3689433057611089,-7.9670443700086375
0.28568015913625655,-0.05713395466297877,1.0,1.0,-0.3783530505276348,0.010763926453291828,-0.5616133229373201
-0.9642954196288731,0.2544551230705391,0.6869037488959697,0.35015147188291007,0.09108661743713237,-0.8031648699762695,1.9129037075107598
0.32301171035841414,0.6350607954855175,-0.4852230750197488,-1.0,-0.04397206450327151,1.0,6.501605728372354
1.0,0.13934596631654017,1.0,0.9852050467350897,-0.5104437215466866,-0.7706863626037436,3.7769623609887715
-1.0,-0.9648734640488732,-1.0,-1.0,1.0,0.3593656769482223,-7.069374263735993
0.7552194042794977,-1.0,0.028887323580209068,-0.36959666430847093,-0.5377352004981838,1.0,2.2100066007655057
-0.28889796201474893,-1.0,-0.16447328612707646,-0.04631081740315457,0.39579558891594213,0.8598565132337741,1.9914977142552321
-1.0,0.2780253950246153,-0.18139228631231474,-1.0,0.5048150877259774,0.17299301645284615,1.9261328837513974
-0.29443554738666033,-0.03308346955087516,-0.2359811564439695,-1.0,-1.0,-0.09216297125107975,1.972222339228201
-0.8935832441162669,0.1730192652863771,-0.6372053231987671,0.06829645581677571,1.0,-0.49008611652255174,1.7353946046622133
-1.0,-1.0,-1.0,0.7110769728502782,0.2470770279649319,-0.41366018919310416,-4.736604826973479
-1.0,-0.8203450461019433,0.2900553784784934,-0.936956859867554,-1.0,-0.9302386103555356,4.17396363219298
1.0,-0.9804996277979765,-0.2228792660304185,1.0,0.09740128225076461,1.0,4.18476597047247
0.45423384302929837,0.8700088049886372,-0.654068670558908,-0.25687136499565133,0.2416282392667995,1.0,6.546175578803675
-0.019107854038817415,-0.2831616443533844,0.2754544209394979,-0.019430678550774183,-1.0,-0.3039365994341658,0.7761736321814605
-0.0603157204828752,1.0,-1.0,1.0,-1.0,-0.707058274692554,4.848753134987019
-0.1491778032168536,0.6899168969966294,0.20422550985873167,0.35775617754531236,-0.31287306353084,-1.0,1.3603286767210871
-0.46682898647821003,0.18801908434464465,-0.5619242043132499,-1.0,-0.6402820438185581,1.0,4.7746724643748975
-0.6125515010140659,-0.04492404235373115,-1.0,-0.04398740593633721,0.4359169297150902,1.0,8.093547257409192
-1.0,-0.057646719506980956,-0.42773618815043557,-0.29841196685243965,0.8118384298299879,0.5649343898556989,1.7520787290060955
-0.955534686640575,-0.13338837888356514,-1.0,-1.0,0.3764547237925038,-0.5235536880981613,0.11094990662340723
0.3712352142829358,0.7917966694724128,1.0,0.5110289796565982,-1.0,-1.0,1.1162315222340147
0.8292443851943204,1.0,1.0,0.6924066497194357,-0.4291183669837114,-0.6450085805208458,1.1949153021467596
0.8911265299294178,1.0,1.0,1.0,-0.4567942516738195,-1.0,4.959768590956861
1.0,1.0,0.24644610210517404,1.0,0.0634621028902903,-0.4705808608986431,1.8686697396280303
1.0,0.39366062010148367,1.0,0.09173980172281299,0.5991328288741402,0.3429269370594683,-2.0727288297998463
0.00700920817311701,-0.5118364077698991,0.6711631555679604,-1.0,0.7408747551024562,0.24006455124720452,-0.4229179247558708
1.0,0.7386958700200403,-0.2887252794522075,1.0,-1.0,0.5550601760499624,5.930579813151123
0.14291557029790913,1.0,0.5713141929316015,0.4060926890646829,0.08744819180807928,0.09060893905909706,-1.7246575942969251
-1.0,-0.4769936420159784,-1.0,-1.0,-0.6376316096595078,-0.9210349494909391,2.0139050638920395
-0.9315884667006011,-0.6987573424246507,-0.4037764899947121,0.758868207739528,-1.0,0.290516348208294,-2.4161558521148443
-0.5024618642749197,1.0,1.0,0.6416564133536922,-0.8398497537415551,-0.6182423554799527,-2.155383860015764
-0.3938250158707228,-0.3838709980805097,0.4185397929670976,0.8327443237119743,-0.6429959886634495,-0.7337516426229324,0.9990458022543576
1.0,0.6021549557648456,1.0,1.0,0.312458642925897,-0.2768176772647201,-1.899795634834463
-0.6221576181633801,0.2989813870696414,-1.0,-1.0,0.9472518488954169,0.2447657336533755,1.9263360346682512
0.8615757653206193,1.0,1.0,0.671794117346503,0.03497315651959987,0.6895790541126552,-3.056962896501747
-0.5286648052061689,-0.7554795819384579,-0.8626948031736257,-1.0,-0.7653979483361188,-0.7380068830550588,2.1073768629647516
0.39319329022266225,0.04974593234658253,0.08279984986966926,0.21501507083513405,-0.02172648847969494,-0.4256138574374948,1.2266527311620021
1.0,0.2830620133515207,0.25077548642662123,0.5217660096363295,0.946601566557524,-1.0,0.7995439347040083
0.3874828417435654,1.0,1.0,0.8490435112774379,1.0,-0.45156044607122753,-5.506321115651957
-0.28678607868125217,-0.13152971050130668,0.28710637206684086,-0.31457509496760105,-1.0,-0.9876566611846489,0.7392828910284084
-0.24691806037022473,-0.04099724449539728,0.016736659339469967,1.0,-0.20328283021759908,-0.11283520324562657,-0.5408395499795946
1.0,1.0,-0.7005431686426147,0.00778726938070029,-0.3951185630698123,-1.0,4.472193012839035
-1.0,-0.9783239394186911,-0.751474485351161,-0.9419421226776881,1.0,0.03251677951673193,-4.0569511684462345
0.6704828067947539,0.2566950439335518,1.0,0.7738508131590144,0.1265764839254469,0.17879042114742089,-1.4054394056189388
0.256460008666488,0.10471135385765457,-0.8396429309920539,-0.38639279710539376,-0.8224562014010146,0.16223183801384938,0.8913514095948353
-0.4462493557020152,0.8742031735434879,0.042286603038466875,-0.5109814969164841,0.14755218327392755,-1.0,0.6017583412237801
1.0,1.0,-0.3029634013696221,0.10896515501832404,0.15600065021591047,0.8293079795535138,2.4740429455734327
0.2576689911985546,0.5921182361736201,-0.1272140613480397,0.4114748125622152,0.01237938670674013,0.8330028435301702,2.342155479857056
-0.2046003716493195,-0.8742210900621392,0.9556940789004026,0.5139765842862904,1.0,0.37054286789486035,0.16343981419370704
0.6442063090138237,0.5355764988997327,0.3423097633183301,-0.43326932975518934,-0.3623479819458767,1.0,4.2627015323742246
-0.6062115893107528,-0.672357944133706,-1.0,-1.0,-1.0,-0.3363682670067809,0.14496134217465564
0.029866019797137433,-0.5448652045085461,-1.0,0.32350140436937286,-0.1754090615732638,-0.8615242614141865,1.745182699289732
-0.21656472492464857,-0.491082845601243,0.06862356484364213,-0.6640673675398356,-1.0,-1.0,3.384141590358192
0.6962324187927147,1.0,1.0,0.2650928590431081,0.6927488057299747,0.8346781194909352,-4.425765631177922
0.7844385179471558,0.9146944682969208,0.9816609159632261,0.5027918789132787,-0.8895884666047418,-0.23386558349111375,1.1444803837085602
0.8110241840909191,0.7883201815626208,0.38865271153035086,1.0,-1.0,-0.40714603766959123,5.401789610372164
-0.7302255992881792,-1.0,0.4295691680882092,-0.12077519057589461,-0.2359261473206033,0.17163288474014837,0.42012956503992427
-0.04098677451906607,-0.7318588046640102,-0.5136217916608833,0.06923366748885601,-0.2724527925210807,-0.834148712279138,1.0750161624343513
-0.16059113539791214,-0.061189833385677295,-1.0,-0.33720335654971856,-0.14693110140569932,-0.42037955675564875,-0.2827791704778927
0.4962126277525043,0.3650076846619621,1.0,0.5255012237922505,0.338865535112596,0.8783430155559658,-1.076749104058221
-0.25120997585608007,-0.45185863457996445,-1.0,-1.0,0.05201948346107321,-0.5289559023260748,0.2822348636400428
-0.016154256533077116,0.4780784742272931,0.3116002129950055,-0.6744321308217571,1.0,0.651973285026392,2.065763825383012
-0.05778036013139465,-1.0,-0.6379789230915975,-0.07440069459908882,1.0,0.09522749457053603,-2.9018224384121654
-1.0,-0.8867101794199921,-0.6100916039359261,-0.15251097747030318,-0.30011091854384253,0.624575524010717,-1.7957027502967746
-1.0,-1.0,-1.0,-1.0,0.03855445028629498,-0.6960447336381288,-2.2164495663234187
0.2886235712654528,-1.0,0.7142633993185786,-0.25392703745782524,-0.4262975261823465,-0.6830289246425114,4.265000734321852
-0.26341480742088774,-1.0,-0.5983646694070566,-0.3625988633758557,-0.38544045426859386,0.24753976896335905,-2.401108840846133
-0.7736182868865458,-0.9832791667827263,-0.8452246334617983,-1.0,0.7111505475456159,-1.0,2.8981459603042246
-0.2000153735399568,-0.5662556038349025,-0.020115453550047402,-1.0,1.0,0.8795175081828113,2.3018544107127323
-1.0,-0.6485367907460928,-1.0,-0.6040698097369919,0.09001805207651226,1.0,3.8450033826783083
-1.0,0.14633404550310974,0.0887857817406017,-0.6799177294312168,-0.7855643564014426,-0.12030821861732632,-2.025793910580768
0.5299589295909093,1.0,1.0,0.2905886154102717,0.4645240016173655,0.8939901662622458,-3.6760389305769006
1.0,0.14056516198768465,-0.07925875367682422,1.0,1.0,1.0,1.3603133780495775
-0.6558574229746046,-0.35231823524007255,-0.1289832820404648,0.8330203798253815,-0.46937022517171156,-1.0,1.2825344130673728
0.1265457541906532,-0.4436128425702819,-0.9070373540282606,-0.2457486267611655,-0.26494263710245924,0.4869031333066203,1.3428850613945955
-0.3199312086842573,-1.0,-0.4839524475368191,-1.0,1.0,1.0,0.5872175152336518
1.0,0.29958003024017854,0.9551584667099533,0.9649853630783856,1.0,0.7605492974869275,-6.76821595415661
0.6783188068298862,1.0,0.08751758897075845,0.5598449372520586,0.8657466661930634,0.6245815258425665,0.03589428826114138
0.05695927407971335,0.2918781469468974,1.0,0.6155246436294137,-0.9137213507519141,0.09321248359828693,-0.7922012615770491
-0.030442666103395077,1.0,0.10582179894680743,0.056491413604642715,-0.25772020338379237,1.0,2.923217772775147
-0.036375480725360704,0.06199477780635815,-0.7216701702741382,1.0,1.0,-0.7107202774881086,-0.19111250929260698
-0.5039898169775078,0.9740181040377607,-1.0,1.0,-0.989974230498281,-0.1539846741117018,1.2826663718298863
-0.22101925813567164,-0.25177328064121607,-0.38526949364338714,1.0,-0.9854048131486772,-1.0,1.5718047355812395
-1.0,-1.0,0.5854027904169561,-0.07624300467497933,0.058525525790667166,0.4693099690447731,0.8358875067913183
0.048777309594049356,-0.1386057315837561,-0.7966479769530417,-0.22920731782731285,-0.13924868909414345,1.0,5.377814756663644
-0.8857629592932845,0.3983985634371463,1.0,0.20036362008181807,0.7632020522081251,-0.1804297958999762,-0.45110324677917557
-0.625389271162657,-0.6062265820033641,0.028614550204340228,-0.010510441259426906,1.0,0.6175011787591642,2.0957261661735735
0.28787977398374376,1.0,1.0,1.0,1.0,-0.006299386607104496,-5.627106271187272
0.2305521158502588,1.0,0.6148347163822292,0.5030113377698519,-0.8294504140493872,-0.3408681159555761,0.09386921584734687
0.14875897241055014,1.0,0.823186233109707,0.4052133174241793,1.0,1.0,-1.235401821935158
-0.4094572392061531,0.3436369761437186,-0.5961241534296006,-1.0,0.4048799295342725,0.9093985743524826,4.952411960215141
-0.44139171943683775,-0.17740038084947168,-0.3518800232152126,-0.26729627581429694,0.017491067552689143,1.0,4.097790944401051
-0.5070234026936812,0.34081503951062997,-1.0,0.26833777675099646,0.7354711420411089,-0.5893086462797475,1.9109972756475195
1.0,0.19548710460219088,1.0,0.8504463804135123,-0.47960206856245413,-0.5432576100703774,2.3834143991321026
1.0,0.6779745679144296,0.09477567689936295,0.3245732193959789,-0.4350648716574308,-0.6377482679841582,3.493596970550148
0.16489831192401305,0.5917326659756823,0.9890074592675764,0.4635025301038849,0.3709703868678609,-1.0,0.9486418313063957
0.1625522766263453,-0.09815200704509414,-1.0,0.1299642468409633,0.9329178017680024,1.0,5.988381322257504
0.8972389556159421,0.6208824276125153,0.7428726341765273,1.0,0.3521478793511942,0.42602193420320167,-2.8573051101127462
0.6213956748475679,-0.9042367683054529,-0.39853158668282584,0.6443638413356515,-1.0,-0.01717769770000266,3.0660865588314397
1.0,1.0,0.4837600496364129,1.0,-0.47461759689507566,1.0,3.238296814539626
0.5505965576854297,1.0,1.0,-0.08820450319109285,1.0,0.9546889639815528,-2.65378346567244
0.7842129491428005,-0.10914760605116097,-0.6135795407378462,-0.5135578723678903,0.8273411543692788,-0.9776501075890829,-0.9262081838940189
-1.0,-0.28316477040701793,0.13461399142068542,0.43310573023566823,-1.0,0.4431666498963761,-2.221959269806164
1.0,0.058319656534649766,1.0,0.32585583253425243,-0.27046908113289536,-0.42806314569456094,3.0042984496862637
-0.263699568182193,0.27422704648679436,-1.0,-0.7983369202694717,0.6242291915836076,0.33495308253709344,0.08413005521983297
1.0,0.6275850911219885,1.0,-0.25572386927865,-1.0,-1.0,6.077009310555013
0.702934406486259,0.757117886960817,0.36048141769083575,-0.1818475996415897,-0.4352902409303152,-0.11099454830126754,1.614527427070572
1.0,0.322401188124096,1.0,1.0,1.0,1.0,-7.074575242749975
-1.0,-0.592948571648254,-1.0,-1.0,-0.3895089449346172,-0.3976884215042983,-2.0878079519673363
-0.49770976346969137,-0.5479734395619458,1.0,-0.36406435188443503,-1.0,0.042932408453050935,-2.4035296520689355
-0.1466535746062638,0.49160872975436254,0.11755370534240717,1.0,-0.9244131497227597,-0.5719356225063031,1.708840893616292
1.0,1.0,1.0,-0.5602612011408642,0.5434326476275866,-1.0,-3.542445386675783
-1.0,-1.0,-0.5107551444220687,-0.010826324706025563,-0.2636863954788029,-0.2887753747149237,-1.6155406467674138
0.5408813340057157,0.9296424452701492,-0.13724116594317745,1.0,-0.8626052794363838,-1.0,7.565538004597841
-0.7278183616841538,-0.8227668774885184,0.8534993318006517,-0.09888832086673133,0.21625092620865116,1.0,-0.49308253051471934
0.7256988097064884,0.7239336455112562,-0.6812774990620531,1.0,0.19625953061918078,0.8987390804576911,3.0027786192840127
-0.07954990567709097,-0.8357677747016556,-0.8919551643334249,-1.0,-0.8853502352115635,-0.38367531493897233,1.8294718316536653
-0.9524882227909461,0.17435206502132022,0.5798019384914042,0.3386760297848002,-1.0,-1.0,-0.33833655321649025
-0.025878119871289906,0.8365842278296822,0.5763603932151585,-0.18113481216689947,1.0,1.0,2.233434502012255
-1.0,-0.3305897050846134,-0.4900958154947783,-0.7807377610905699,-0.4365707257814832,0.5285468030094204,-2.297374678072142
-0.2125514245092643,-0.9085492394842789,0.9096754366202022,-0.7755705153290277,-0.12297758222137939,-0.9784642346680494,5.978313588804056
0.579608987383791,0.5287009865600633,0.8997411436019997,0.16683098643490404,-1.0,0.07396824591270346,1.3534064712997869
0.6042185386323228,-0.6132653805869112,0.8717010708144438,-0.18265991200172937,-0.41963835498647795,-1.0,7.166896016544836
1.0,-0.31370944688486596,-0.07275962616630005,1.0,-0.6755609903326424,0.9941280888124486,5.393388681021965
0.8700707271224631,-1.0,-1.0,0.7941632850827983,0.22832833672120856,0.379385506551292,-2.0629520243155084
0.38055551681138966,-1.0,-1.0,0.2109316830916765,0.39449038267503744,1.0,2.8096854170960603
0.34183035073979634,0.5131174274690512,-0.2667617161620402,0.2995538922906622,-0.6608241542478308,-0.1375820677039794,0.26540132560812435
0.11841163742177246,0.40856618240559706,-0.8110997746573928,-0.7125413533618875,-0.8708454854244566,0.9506135084902974,7.6759859891199405
1.0,1.0,1.0,0.46154532528422343,0.5603480605569829,-0.8329867150868372,-2.933007224279118
-0.3318959961708555,-0.3021866520431631,-0.6925742796399169,-0.4443378957192974,-0.2601803044854195,0.7624003853639303,2.7176173284579326
-0.16413423042240585,0.17788549814819943,0.35121196600627713,-0.28892318361252595,1.0,0.23756100095247046,0.5209558702690466
0.10951800340995234,-0.044836835365719196,-0.4278049588817662,1.0,0.685119054152894,0.1555586225464315,0.16315878283482493
0.10176647502633562,0.3927729695510458,0.5710639363636489,1.0,0.5759495366190179,-0.19008429125774717,-0.7193428143538838
-0.2391447460280326,1.0,1.0,0.6447368025993847,1.0,1.0,-2.3491029852871863
-1.0,-0.8141824832784539,-1.0,-1.0,-0.5975231333791581,1.0,1.8468329416048546
0.4969272438728754,-0.45553146600873984,-1.0,0.19880812233048908,0.6499721803411111,-0.25277408577478666,-1.5790168198716596
-0.8158059063129648,-1.0,-0.718990050937649,-0.9781804430885932,-0.6360083029179717,-0.350122494400098,-1.8701743473633325
0.3410585898191403,0.7945454823021628,-0.48779510536116605,1.0,0.5057200451189121,1.0,3.3643954613362395
1.0,1.0,0.5711998024456401,0.40006465355410414,-0.5281147067461008,-0.5956795240311838,2.2481209063400907
0.9496095172632,0.428941647001153,1.0,0.10425204000742669,-0.8100827294810907,-0.13960285189956917,3.725435208293436
-1.0,0.4711081673912074,-0.835980452300183,-1.0,0.39225252822902895,-0.9544367857193574,3.4629013085543345
0.12191718412058439,0.91783887843655,0.23410012151984444,0.6418848085059087,0.6036899842139023,1.0,2.053394919755733
-0.46415605382099545,-1.0,0.04387109630125563,-1.0,0.8796723391217702,0.2903167214489913,0.8621311183251407
-0.49524534456981484,0.48793997083175017,1.0,1.0,-0.471433119716105,-0.3705143286493056,-1.0248061510574602
-0.43493106074541144,-1.0,-0.10942178942428998,0.13166501019241494,0.9613851966130806,1.0,5.188847418697145
0.10373504152521812,0.804929788492256,-0.6412478772768127,-0.4652794374280348,0.9951976596445142,0.02294197028145145,0.9292598293923051
-0.22393516593198948,-0.24959244878658549,1.0,-1.0,0.5087223676580095,0.49273480592037966,-2.1986883659023735
0.6242126342366365,-0.672019016212234,0.0731741868456691,0.1827199270754375,0.43688660129438317,0.1040882145325438,0.23992891756207957
-0.9913103085759672,1.0,0.7004667904507631,0.15888485113569462,1.0,-0.4784155068586996,0.9171436192752996
0.18987147877566576,0.24120249242718333,-1.0,-0.6266963414247855,-0.5001263520720944,-1.0,1.3971661295055837
1.0,0.3034941375694198,0.17225824813107726,-0.2273379446681152,-0.8985599364043603,-1.0,6.588558224984622
-0.3423025379001502,-0.7504178308547493,0.6108830412067872,-0.48900875435656743,0.37546664866404555,0.20874157145770877,1.1601807382512606
1.0,1.0,1.0,1.0,0.38714766837717485,1.0,-8.356776320487002
-0.8774696058486852,-1.0,-0.566285935375489,-0.06585957816862598,0.2258739077729516,-0.08324607541614962,-1.8336952667176718
0.016105764992549232,0.35354083355564525,0.5009318092057,1.0,-0.6457778595041126,-0.9412190730257322,3.4007736239058657
0.7669938309657865,0.8312410285663363,-1.0,-0.5648556949145556,-0.10876572274020219,0.7356510072409044,4.031330663798513
-0.7506924119957448,-1.0,-0.3911270555797743,-1.0,0.7805119890649004,0.58021852269761,-1.7646904266495345
1.0,0.9382448444447782,0.7800981963278142,1.0,1.0,0.18126374460228512,-6.682961165967715
-1.0,-0.6581284345391065,-0.47953788583338297,-1.0,1.0,0.7221950866389679,1.9918234799939987
0.4731773025352213,0.4180628116376503,-0.22541591674266442,-0.35257048941003566,-1.0,-0.4364092266143462,1.1058916196258923
-1.0,-1.0,-0.29603893355423516,-0.7079065002053716,-0.4056233659676338,-1.0,3.329603698819737
-0.27669613581936986,0.2616292043485088,-0.013612589798036256,-0.5661830290305516,1.0,0.9246859164459902,5.236137319955255
-0.6259561452669009,0.18083436566085384,1.0,-0.1614701941763379,0.060221882878245536,0.43699636833298816,-1.7108125888366583
-0.19524718410562403,1.0,0.43885899910365855,1.0,0.17160305162049755,-0.6347672033010665,-0.33512587429970936
0.27814374685516186,-0.9264455424129379,-0.1111258910575178,-0.7213888531628299,1.0,1.0,0.5737223352970906
1.0,-0.44395955364943784,-0.032341204273865054,-0.30435403383991816,0.44723470806565885,0.5153917196106352,-1.8940100414251289
-0.8921508450514934,-0.1373422793999276,-1.0,0.2346413444594473,-0.7193199976161796,-1.0,3.938877797027568
0.9881606769654827,0.9640925181007665,0.06417670938820225,0.3084660557495388,1.0,-0.5653956836892193,-1.46668142554401
-1.0,-1.0,-1.0,-1.0,1.0,0.26630969468764765,-8.157030141212834
0.3969422325612496,-0.3181861337449227,-0.15991729543439562,-0.36453330471373946,0.7561742845021682,1.0,2.027785367779339
-0.2978620146095718,1.0,-0.8534195064775897,0.050799305577573506,1.0,-1.0,5.236294104177315
0.8060154401423001,0.8423320773007186,0.5604329207397516,0.11627954108350927,-1.0,0.7207680268862305,2.333496763849103
0.28034431975408497,-0.04369526886663505,-0.28628118375863626,0.3541237177093274,-0.6516458411035907,-0.860710168750642,2.424490383076027
-1.0,-0.6301991307047072,-1.0,-0.46032676974415465,-0.1197446448915079,0.7452112366190049,0.29641710625084505
0.9447005423876959,1.0,1.0,0.5023528961181609,0.9037976121141715,0.501130277351929,-6.695215171243623
0.49308423057508266,0.8131864378422682,0.3234687833446296,0.05354651391311638,0.2153950663944043,-0.07742670776921312,-0.5756768881725064
-1.0,-1.0,0.06995567754856762,-0.7162209988183836,-0.1605878361427111,-0.18766388691037456,-0.010227216688930327
0.4766478399308529,-0.42984819152281656,-1.0,-0.13835153044007928,-0.3781255425459846,-0.04347329101906938,0.8365493595322875
-0.37452302756247413,0.26377381189110044,0.6267743884926802,0.6358197689888168,-0.36653651287355027,-0.48494435485820286,0.1036761231025985
-0.638292249571947,-1.0,-0.9814753516776679,-0.20451301453431125,-1.0,0.4806053112204994,-4.611941387906852
-0.632858050265074,0.5123469114969902,0.7171542968808906,-1.0,0.6403445356008137,0.2391595123088971,-0.30163957454498325
1.0,1.0,0.7938972458975474,1.0,1.0,-0.06202311032100766,-5.27876464459333
-0.7348183640212214,-0.28066971054544704,0.5150801459789092,-0.8684971428707977,1.0,0.4179407282495098,2.2866854640585683
-0.9503583097761423,0.02769920490042188,-1.0,-0.3867592829787952,0.2398887215376533,-0.5912524427116854,1.7048902672505648
-0.41644417205749007,-1.0,-0.9183497637612986,-0.7570439169177408,0.5748818228244421,1.0,0.42384138887185374
0.402869040598952,0.5786048442456337,0.2428492401373159,-0.25006909232234975,0.16610378324358233,1.0,3.2748938056159824
0.267739047605836,-0.6296915670638392,-0.7987629383753376,0.4075835514573598,0.3376723282630386,-0.39530033598244274,-0.8293957256732156
-0.9376788390375339,0.3201042033040093,-0.03699467670396517,0.24398438151844992,1.0,0.004253290668476684,3.170831783577143
1.0,-0.40281808930111807,-0.8484572299147796,0.18817695454819383,-1.0,-0.5601808785898159,5.1334265489881625
1.0,0.3184580310874938,0.726005685604528,0.10629322124819196,-1.0,-0.8379567901371241,6.5766720292836665
-0.15330809789870403,-1.0,-0.38366051475981133,-1.0,0.1941431697563225,0.45446579946856214,-1.9262502235480474
-1.0,-1.0,-0.3820418574123532,-0.6533412537663206,0.2642050426315459,1.0,-0.8886476262046614
-0.06681652971666871,0.5077525924191707,1.0,0.1409689979742845,-1.0,0.06333183342764548,-0.8237066904604518
1.0,0.5529118251511247,0.6402143152497541,1.0,0.6664637826278318,-0.28376247366039065,-1.8914399860509818
-0.2528072811075732,-0.2052496121435512,-0.08459236062326991,0.6343693609261133,1.0,0.29791985803275556,2.312620481260655
1.0,0.32173850901012513,-1.0,0.4444620047405211,-0.6986099916514934,0.29811897295752815,3.3371308681417338
1.0,1.0,-0.6277105809832153,1.0,1.0,0.18490727322699874,-2.4859683221759377
-1.0,0.01169702215658952,-0.035711479686966696,0.925048331815572,-0.5882979377733597,0.6764259490764939,-1.556332924026941
-1.0,-0.0011154988861623583,-0.3663769903262586,-0.9213223978756961,0.36568168087090136,0.3220158856347477,0.775047391386738
0.7856619609533866,0.2850839964015645,1.0,0.8892037401939747,-0.13133149646289055,0.339455698552718,-0.4695337817618068
0.08668336440619862,0.19410049986131228,0.2493049567661192,1.0,0.5984160681290946,0.7398209378446519,-0.006489091999723806
1.0,1.0,0.15830692173599226,0.11940918513810156,-0.02503819494876937,-0.8065449599807096,0.8878856980362451
-0.17289449187353068,1.0,-0.1698570252279914,0.1949293530231606,-0.06351129098917035,1.0,3.745428627713098
1.0,0.9239656173642661,0.33973650355990637,-0.19138429302011228,1.0,0.4820168357635488,-0.9476813957203691
0.2884515910230752,-0.9649684277154307,0.9348708629995913,1.0,-0.6175473688235777,1.0,2.7487847352666273
-0.21146128779367546,0.28465172441313824,0.5396745747304464,-0.285434175316092,0.3247865334837079,1.0,3.0446980567063857
1.0,0.38419238781815757,1.0,0.34372373931684297,0.2701676151330661,0.6785042597536122,-2.8169270975351024
1.0,1.0,1.0,1.0,-1.0,-0.21206553232047887,4.638435776941842
-0.8574965900772997,-1.0,-0.7352386977273444,0.03475756652873008,1.0,1.0,5.171241368924687
-1.0,0.17415243877358144,-0.33578172947422313,-0.9500063695232233,1.0,1.0,7.892405831458384
0.87403961052877,-0.36592642229585404,0.7522129922802415,0.9753994426760846,1.0,0.5667606521131866,-2.7438642624053955
0.828482785178337,-1.0,-1.0,-1.0,-0.6445368646829869,0.8921314442830468,6.2726972848148455
1.0,0.815266015104551,1.0,1.0,0.5636689544244167,1.0,-8.03804538304545
1.0,1.0,1.0,1.0,-0.2620013910672382,-0.013546353904735187,0.48245024117792046
1.0,1.0,1.0,0.1742199779645346,-0.6518366544931273,-0.4894436138421039,1.1245830922001936
-0.14937474234705755,-0.18792129282369419,-0.30227688118036655,1.0,0.10807400395625438,-0.29895991766471747,-0.22189693682658362
0.13145796694112732,-0.62267923037049,-0.46689226342057233,-1.0,-0.418464635986758,-0.6017228777861083,1.4348709935960304
-0.11132857455315248,-0.691067954175123,-1.0,-0.7324445259988706,-0.6039394763182415,-1.0,3.8634559770143233
1.0,0.4170015868705179,1.0,0.6494963876535558,-0.9565360306816004,0.3111363105738697,3.512682006502475
-0.5126092686119632,-1.0,0.3594005060769802,-1.0,-1.0,-0.6431110022721471,7.653420908330481
-0.4008026847410031,-0.2549346328733899,-1.0,-0.35073999038427106,1.0,0.15905827041575477,-1.1239962479437025
-1.0,-0.6748938683251484,-0.9258731425768612,-0.8709995528462084,0.1326021875129516,-0.8128726452944885,1.9775230147989677
0.16135500300827677,0.9238234787295614,0.7309527342422137,1.0,0.9388053571984106,-0.8791355545912095,-1.036250200709227
-0.370087794530369,-0.8786954350973087,-1.0,-0.8929953342479102,-1.0,0.39077954701217626,0.10702662886832048
1.0,0.7993481450628062,1.0,1.0,1.0,-0.5379278803542659,-5.009038292125094
-0.7388442346447919,-1.0,-1.0,-1.0,-1.0,-1.0,5.72231499144111
-1.0,-0.7641202880171416,-0.211541231985778,-1.0,-1.0,0.5061286648462964,0.8417132457244922
-0.2751371040617915,-0.08068773015942782,1.0,0.24144370653406355,0.9012649573198276,1.0,-1.1395811766026407
0.2748290471377818,-0.7068754579659271,0.10496788404655089,0.8810676182429777,-0.5993586443781896,-1.0,4.620193670809008
-1.0,-0.849398843104628,-1.0,-1.0,0.662642628675651,0.6148589931134364,-4.931848736703479
-0.3056583184328481,0.6582213978245818,0.7490112440655663,-0.5778113305540988,0.27681904072488817,-0.9360919235093181,0.8344844372965708
-0.3985994189260036,0.7768565080427904,-0.6379253492718222,-0.049005016412992486,1.0,1.0,9.635417064247916
-0.20393260377937472,0.050114063235423556,-1.0,0.9163136077186027,0.629174871355419,0.006556941553024508,-1.4635776668847642
0.5028775658385696,1.0,0.08977352958362106,1.0,-1.0,-0.21945323530827143,4.230672788381386
1.0,0.4814196058764777,1.0,1.0,-0.11260336860299325,-0.5047249305720727,1.1695082608139509
-1.0,-1.0,-0.3151526532027993,-1.0,0.07418975618749102,-0.6284541582614199,1.0187865999317363
0.2202778467657619,-0.6453495645408713,-0.850936077815725,1.0,-0.9512654843765478,0.30269901006525624,0.6507574620741514
-1.0,-1.0,-1.0,-1.0,1.0,0.8100754500934515,-4.4997441069824
-0.3271260965058349,-0.6047580347706072,0.750140412226746,-0.7164448813272689,-0.06777064770141994,-1.0,5.1433256151837154
0.24660811379819125,-1.0,0.1309290721581901,0.33935009819723283,-0.16007629041366678,-0.5701575993363737,1.6700995386778805
1.0,0.3638555296203302,0.21325691810925007,0.25148238299362935,0.5565893078754744,1.0,0.6597606158967493
-0.46764015571664896,-1.0,-1.0,-0.14265593599532245,-0.042328191963345585,-0.8904228166229067,0.9425828459135708
-0.6852450862007536,-0.16082414835406333,-0.29624984656993053,0.12626337487158018,-1.0,-0.1075981010802789,-1.1446132170484744
1.0,0.05888310856302126,0.3393334577724365,1.0,-0.6440609440983146,0.7764031859636091,2.6794473367595386
1.0,1.0,0.42667912810993347,1.0,-0.4869704537020389,-0.387377466418814,4.446797022545694
0.7596637601469212,-0.1541845083896764,-0.08547960560591966,0.9152486735726291,0.9155628705291039,1.0,2.4583768605424745
0.09342248749282667,0.5868439875124842,-0.5160692488396815,-0.15874556142619156,-1.0,-0.5949307615052756,-0.21038751573219447
-0.20581007343901891,-0.6131585519430585,-1.0,-1.0,1.0,1.0,3.0768335378070413
1.0,0.9310397280497442,0.15156877474146024,0.3586095448555393,-1.0,0.1571452369678149,2.802844591835814
0.437855924063823,0.1873554195102314,0.7427674956773336,-0.9922988869323467,0.3999841428625772,0.20330830391215396,-0.25134606140145477
-0.30254327517387447,0.5015172753602546,0.5708167055200799,0.03105004871904868,-0.13373729150166502,-0.7994376268541379,0.42948294698669653
-0.053721804363904724,-0.9266712656262223,-0.6873186988554417,-0.5718877913207301,-0.27421658624827433,0.7674690773412458,-0.29307561805784543
1.0,1.0,0.9005000333903144,1.0,-0.4408614390529859,-0.28014760516610426,2.689372330553799
0.6468400062686421,0.9868887543016607,-0.4723745713568141,0.00866628311580385,0.9467139590108214,-0.4466118634624713,-1.2222451041295395
0.6934162441739723,-0.1413938079736632,0.04316225969031555,-0.36971002447425566,-0.31137181185742646,-1.0,5.032610160221592
-0.6265064305975806,-1.0,-1.0,-1.0,-1.0,-0.7025653373602624,2.205625550812337
0.6845806393851994,1.0,1.0,0.3007548705187717,-1.0,1.0,-0.4388432744366782
0.7714240306055935,0.06808879662761269,-0.2663062244064357,-0.47835405182855595,1.0,-1.0,0.20569650628614916
1.0,0.05843539753637211,1.0,1.0,-0.5840038699193627,-1.0,5.4187087554883755
-1.0,-1.0,-0.5464064321429567,-1.0,-0.535583666326086,0.6098270729643898,-3.5131513621238715
-0.011608364972002572,0.22433685896999933,0.35244716667325304,-0.015383139397093903,-1.0,-0.8390595400707743,1.6680253740576023
-1.0,-1.0,-1.0,-1.0,-1.0,-1.0,3.9964001885622533
-1.0,-0.8968581322539949,0.8446507033423677,-0.9526485230451204,0.9360022059612665,-0.09141162101536016,2.979306713501903
1.0,0.28114177008625574,0.18660484696809831,1.0,1.0,-1.0,0.32456470836481444
-1.0,-0.9095778885631219,-1.0,-0.48323038695069465,0.28825920052004184,0.5809624067593713,-2.813177089932178
0.30427338835785256,0.4123366563990897,-0.6854552032620176,0.05495921068216075,-0.44654343994081763,-1.0,1.4869955011714642
-0.22308049444762973,-0.2987350973765486,0.12615087484346424,0.1737565467933061,1.0,0.8267529405676544,2.1938026718028723
0.5396716050820669,1.0,0.39714944692323484,0.19271396807496144,-0.013824531484626701,0.36563057948382094,-0.6883616087006451
0.13773293923447305,1.0,-0.1772865821057149,1.0,-0.00828715287819537,-1.0,4.3294661629161935
-0.18102078957525558,1.0,-0.35068673543216555,0.21332568186931433,0.8501506823979896,0.17194792446200935,2.437916604430151
-0.20946349739731396,0.117364104653346,0.2594331448284729,-0.8275099972675377,1.0,1.0,4.570522620965091
-0.08511668019585028,-0.005840564783538171,0.12889943498018064,0.5284709702574484,0.22833561853930698,-1.0,2.4600117964426986
-0.2269383757494889,1.0,0.4418911504211682,0.4236358563429162,-1.0,-0.15672559469061786,-0.4276949923606107
-0.08323487450708777,0.6991445805113624,0.15578943109818533,0.010409237400914817,0.22291148662500992,0.9242906536570341,3.5010584454288853
-0.5012355083449881,1.0,-0.8926487465169195,-0.3095191153960213,-0.5832079143574023,-1.0,3.1332906252754293
-1.0,-1.0,-1.0,-1.0,1.0,0.5962142541680153,-6.3076351686475824
0.9415254538599521,0.42353223457193123,0.9836171359049375,0.11718637081243077,0.4059052254463995,1.0,-4.012179162395201
-0.7715631794538834,-0.8575989640515328,0.0009436286292918705,-1.0,-0.7770552951682238,-0.1161143412255573,2.054055294469772
-0.5718775335545435,-0.3767820627952314,0.27786388939608075,0.17432734170701986,-1.0,-1.0,0.43320522806033546
-1.0,-1.0,-0.4548656038490474,-0.5603793383404605,-1.0,1.0,-0.7968267986455896
1.0,-0.8199487033444255,-0.3853676205979206,-0.4414705727553334,-0.6528992383666332,-0.8124458221847919,5.7839431890449875
0.7991298474512316,-0.22501740517430216,0.34331269397804864,-0.12735659150041734,0.8161360155102045,0.876039831262359,-1.643737662957546
0.7694674093552478,1.0,1.0,0.9225275951351533,0.15092200809594558,1.0,-6.1328295479251915
-0.5558689738689461,-1.0,0.9656106591861318,-0.4655704970418552,-1.0,0.3364841898563926,0.06322943070220044
1.0,1.0,0.679985597414326,-0.7495868434222983,0.1360315603704827,0.7458148285963189,-0.3961753761343653
1.0,0.006156934037544914,1.0,1.0,0.06419546987093272,-1.0,2.063574582823518
0.14080734539771317,-0.15471226714081232,0.02777816953601142,0.13584155252343422,0.08082044256771545,-0.8136533776135676,1.1683072012065683
0.06474743433623242,0.5428712898317409,0.32071155530027284,0.33523594441656424,-1.0,0.20916964839315566,0.44217082851520506
0.8363797475107411,0.5279363877425475,0.43607567895863364,1.0,0.5768616690853567,1.0,-0.7724496252345102
0.5837253256590443,0.3179396691932521,0.4753460655060447,-0.6193597275654661,1.0,1.0,1.5881886882162657
1.0,0.9176626273186521,1.0,0.8851281310268764,1.0,0.5531580500294937,-8.698784627987127
-1.0,-0.41608062158063563,-0.9286218448042556,-1.0,0.10378073967751045,1.0,2.5806481020728143
1.0,0.020059780517461157,-1.0,-0.5124459290104247,-0.7747312633982668,-1.0,5.123981554685296
0.17010098526400996,-0.5755836548632269,-0.555278199869641,-1.0,-1.0,-1.0,5.801109660909535
0.20984047237245007,0.95418168080177,1.0,0.8017310002062106,0.11828442375772896,1.0,-4.796394952886988
1.0,-0.1518860271952086,1.0,0.11866724092448133,0.9655522764885425,-0.25474598305802754,-3.5678578763472544
0.756492358706091,0.08905289619801021,1.0,1.0,0.28377161403718,0.15250607170903918,-2.8017693085263633
-1.0,-0.003180799857589678,0.023011881021815506,0.16386680732411973,-0.3917959198411214,-0.07626752833546674,-1.364777287899493
1.0,1.0,-0.10125576528904667,1.0,-1.0,-0.8308430090293264,10.707764456527046
0.7312214157269186,0.39614130453846763,-0.9184826861754727,0.12488238735064294,0.05564842170436379,-1.0,1.6962363832241187
-0.021726950621545393,-1.0,-1.0,-0.07124054476087749,0.010185325098452491,-1.0,1.433939061766087
0.837480663113668,1.0,0.5618581270371095,0.7996794138337915,0.4014487764036926,1.0,-1.8009825000385389
1.0,1.0,1.0,1.0,0.2904373199496326,0.4816258172090174,-4.768158056686024
0.3901492328007259,-0.1913423743902387,-0.41315324796580133,0.9775451880541428,0.3647279297679387,-0.794818087724198,0.09158767005192703
-0.780020981738088,1.0,0.6733093841668663,0.5126412063744912,0.9483160934109729,0.3621178470584723,-1.7779039552172673
-0.4190189984747868,-0.5282942386958331,-1.0,-0.6960963359621135,0.07943485799006444,-0.17349584059259393,-0.9749574081009753
-0.459638764532861,-0.9573080943589138,-0.7299121369243242,-0.46691909582770685,-1.0,-1.0,2.3916116618329797
0.6862246219645876,1.0,0.6086962320918261,0.8260814513499879,-1.0,-0.2524420794013085,2.7789672149477305
-0.17305936665581956,-0.4827793487446983,-1.0,-1.0,1.0,1.0,5.162919813690924
0.7748710689401757,1.0,0.34842204886988215,0.7914033042898023,-1.0,-0.1492487390577335,3.541281089622905
-0.1542142621369249,-1.0,-1.0,0.9188125016840879,0.8406889830814186,-0.9559022344825319,-3.530688632228902
-0.32560817269831954,0.9913930635833708,-1.0,0.5298544432245978,1.0,1.0,11.800538024351765
-0.4934391101876467,0.7987529676604661,-0.49147746054269303,0.11443530676658231,-0.43561947020551184,-0.04677821072311807,0.0711209522795356
-1.0,0.5739852835988302,0.23604015560486752,-1.0,-0.4955820895997569,-1.0,-1.1340961574423303
-1.0,-1.0,-1.0,-0.994613164783712,-0.22490601998313386,-1.0,3.1790850941245474
-0.7876345484903485,0.13228532954722888,-0.1667948278111654,0.0741022801478507,1.0,-0.7399899563504826,3.4094889907516994
-0.43402763102323383,-0.15206574205597045,-1.0,0.8705643756312268,-0.2333841582797418,0.4199561017389253,-0.7361656616856056
0.3598548390071783,0.7828448703218819,-0.3413203688766788,0.624531778916026,0.06368224678483325,0.7225042284324883,1.5799409814953354
1.0,0.17536711457649723,0.9142317218911995,1.0,0.6129310315831913,1.0,-4.779802252472183
0.033611793678359564,-0.4095647683218224,1.0,0.8611058054528402,-0.4748643592966981,1.0,-1.2447123283973056
-0.07857965711865234,-1.0,-1.0,-0.41587782765308123,-1.0,0.3418591614173949,-0.8392001709452238
0.9066715185540978,0.5154068703070123,1.0,-0.3942774613125862,-0.5401388018076552,-0.18999655148710626,2.0752906136654725
0.7598051416433361,0.24892397638099545,-1.0,-1.0,0.1310774073064491,-0.945785597850457,-0.6815937924182935
1.0,0.015891498422225425,-0.6457541112112819,1.0,-1.0,-0.9831260834263953,7.338926698269834
0.6921833512668168,0.47937399531239777,-0.160052791671205,0.13475832834203932,-1.0,-1.0,4.2154659143556
-0.6144949207236025,-1.0,0.3925169068450489,0.0988402979751995,-0.6385233861248159,0.7072884934210204,-1.2064316371490034
1.0,-0.5291606701912324,-0.7625076766393835,-0.2239821833822473,1.0,0.657348228079612,-4.39456686430846
0.2830533981467679,0.36436872263432973,0.15300866813487812,0.9862305695383835,-0.8564756161317655,-1.0,4.53029429307481
-0.9763966943654478,0.8098696982859833,-0.6408023652144426,-0.2449202571737099,0.6779339987134329,1.0,8.978302223062423
-1.0,-1.0,-1.0,-1.0,-0.06368136280621683,-0.256560164072559,-5.331394471808053
-0.9899675227805342,-0.44714132740169954,0.9078084217605439,1.0,-0.32106166535158925,-0.23926880365797654,-1.0206053349956883
1.0,0.2774869734704899,0.9169718280895323,1.0,1.0,-0.32849772115368225,-3.1732572134968535
-0.059007889386044066,0.9795564930285492,1.0,0.09040807741830448,0.36780989347340987,1.0,-2.8094493984298614
-0.9987572417501507,-0.7961942761759473,-0.19102215206790307,-0.7637608810274086,-0.5903412315065484,-0.2726474851023004,-0.22267957565577687
0.2638152369186075,-0.2912775474469578,0.19414079092226236,0.21008077671151837,1.0,0.6513348382114995,-0.6126542463380601
-1.0,-1.0,-1.0,-0.32131264373442625,-0.22881178238120659,-1.0,3.2449401675064347
-0.8181433011503969,-0.6793791759924592,-1.0,-1.0,-0.742746261827959,0.16974583085516023,-4.001982615867033
-0.9824040301759901,-0.7342425780077404,-0.1289561699082744,-0.19838979138572177,0.9289623741524422,0.19130931151791336,2.5168965383308075
0.14058850254757874,0.28100788175925906,-0.5301580662190738,-0.8390213655389377,-0.6562444363941666,0.6333206111724541,2.2396024535798547
-0.16665676852354205,-1.0,-1.0,-1.0,0.06475545300796093,0.6704938776709108,-3.728438933556357
1.0,0.35521409001942916,1.0,1.0,1.0,-0.26955649106286916,-4.378035277996243
-1.0,-1.0,-1.0,-0.08774556084511098,-1.0,-0.06827389327641688,-5.508191260977888
-0.4210529883913735,0.9288628960757056,0.8949711540599646,-0.6812922821389409,0.8396301665911872,-0.40805480520304416,-0.8302933693533118
-1.0,0.414357264643388,-0.002347147048095799,-0.26682728653760135,-0.8686123944161778,-0.6097296377228414,-2.3340758343562684
0.2768030825146856,0.44253331069230106,0.9823083417565948,-0.17469107478034362,-1.0,0.2775434512337366,-0.19011099370197276
-0.7892998123535276,0.22161812427434602,-0.35750191515805924,1.0,0.8912777605735357,0.7704121405024074,5.613232128899078
1.0,0.5856270780215548,0.16040605910411893,0.9878564460232486,-0.7422979882196432,-0.2141116651354934,4.350509607069372
-0.012206737050008742,-0.5960944596212524,-0.6126204797815171,-0.8478985664105105,0.24115357489241013,-0.23970363707652564,-0.7949638440261619
0.05020051088673412,-0.2525686124337979,0.3542307354479948,0.05175479240327879,0.48685853614319385,1.0,1.7044765102752544
-1.0,-0.08942814966630752,-0.05864353838174541,-0.6959842220999102,0.15678076837129917,0.0902544579876896,0.8395685285683318
-1.0,-0.4837290666732206,-1.0,-1.0,0.5133019431360628,0.7167286740851588,0.28013456051090896
-0.2541944105150532,-0.17360675143773624,0.7647885391463274,0.07396718418689868,1.0,-0.9301699163995927,1.521295019481075
-0.4837827574897402,1.0,1.0,-0.13888688705777907,1.0,0.21310534897849817,-2.2983287968390322
-1.0,0.055547264513494565,0.5620591979948864,-1.0,1.0,0.5141179337782655,2.442498733318191
-0.49325377651446745,-0.27792272112466365,-1.0,-0.47196704366490405,-1.0,-0.9985785082110301,1.4378974363163266
1.0,1.0,1.0,1.0,0.8652475601346886,-0.031956727372644156,-7.090760506103861
0.6760558160074122,0.8489275640614123,-0.9090073650019135,-0.8726382188441533,-0.008747341565118083,-1.0,0.9263369543941224
-0.26673201908855987,-0.008027590867925316,-0.2729462995052495,1.0,-0.3839426313089989,0.05681265954521347,-0.9389831438247074
0.502954729269344,-0.7168420095383107,-0.4499697128421324,0.29530731416680056,-0.07049791842167163,-0.9256778734939408,1.0632596325864097
0.4019793523122097,0.3328901463595578,-0.1603525232162457,-0.5113812889784207,-0.25509710997285173,-1.0,2.3252213145567078
0.7845657276163492,-1.0,0.4941291408725099,0.7312023349681567,-0.0673950591486806,0.3961479253543123,2.070499443932856
1.0,0.1397769697278597,1.0,1.0,-1.0,-0.3333421303724846,4.542202687038558
1.0,1.0,1.0,0.8774368357857549,-0.5379130273833133,-0.14975177167867515,2.1429894827289955
0.2705478042560544,-0.6978420603580191,0.8311186510866153,-0.12004732413876269,-1.0,-0.6263193532484974,2.97080557873057
1.0,0.6135375193808237,-0.5445889173767188,0.1458495819742579,-0.08185457856860584,0.8754546256172249,3.69133192284245
0.9491489892389003,0.8510670414646337,1.0,0.4592916444538754,0.20676620631170872,-0.2566580654449284,-0.6353844211635716
-0.1481489067297778,0.15709597819464216,-1.0,-0.876764544157726,-0.5442461961116842,-1.0,2.1976186907777486
-0.4701323548897482,-0.4664296820367297,0.6504482123952194,1.0,-0.5658757400244516,-0.34614078111027624,-0.3809117025154747
1.0,0.014762703866376903,0.6250774714305523,0.9809401119009497,0.07372003933785282,-1.0,5.317498056458557
0.2875667918113398,0.8660963859029023,0.24067931794312103,1.0,0.9763071473511602,-0.30280662117207835,-1.3532465215509804
-0.9464012856957202,-0.3254081875636927,0.9013870142736841,-0.9952820018290813,-1.0,0.321740296564862,-3.088901242804623
0.08067286486274183,-1.0,-1.0,-1.0,-1.0,0.8446170288254896,5.792499296860205
0.9993347052725008,1.0,1.0,0.8623793929817409,0.38082019081868457,1.0,-6.458908961202832
0.4082524308600992,-0.6764666252749133,0.9160937812214218,-0.6716831331441583,-1.0,0.17897652944039671,4.179028681325856
0.12643699464619684,-1.0,-0.18145990417159075,-1.0,0.017507349995624366,1.0,0.28197108431450363
-0.37182496007155286,-0.15481572153933132,-1.0,-1.0,0.28486419313418165,-0.44209744634091996,-0.21300533290312595
-0.8746255649883614,-0.2930253757007091,-0.2951041823299223,-1.0,1.0,0.8532685151288311,4.385553936298309
-0.8297250539405822,-1.0,-0.4964311562505153,-1.0,-0.21304087347771072,-1.0,3.9698299125234873
0.03338439433003679,0.349323139259626,0.5235036323169191,0.9037314786373046,-1.0,-0.2142196847827993,1.52184516761521
-0.6681440818383901,1.0,0.4664266317941747,-0.043053114676712745,0.31231928445349494,0.7245214410045223,-0.3906329447927018
0.0923760575785324,1.0,0.8101418952576023,1.0,0.3026221180748494,-0.4167864507962537,-2.615857194428377
-0.13815168407545897,-1.0,0.7628139761687491,0.7044755133056302,-1.0,-1.0,3.179342034027706
-0.7587572978489229,1.0,0.08344042879491653,-1.0,0.41128998777526227,0.20244838772025486,-0.13767414267239106
0.3476968486343911,0.1909680379590203,-0.6303843238100979,-0.5477480389938725,-1.0,-1.0,2.410072845286038
-1.0,-0.4491677420000366,-0.1784582905355001,-0.1723550963331646,-0.28640722910161376,-1.0,2.113359084657343
0.2250275824365906,0.7848218829053651,1.0,1.0,-0.18970698470205238,-1.0,0.8965265880332967
-0.6361350695214993,-1.0,-1.0,-1.0,1.0,-0.6891196489386633,-1.7803062632431048
-1.0,-1.0,-0.4096182403333579,-1.0,-1.0,-0.5844391981689163,3.2915463771432263
-1.0,0.4782748059002448,-0.41674235534237186,-0.24201602731473837,0.6339399790507543,1.0,6.316763476164715
0.6617600712382485,1.0,0.4052586306453534,1.0,-0.36620592827503134,-0.5789364116023831,3.9956315654528223
0.5703077000380465,0.5806045643861575,0.184002633956244,-1.0,1.0,1.0,5.0154708770898795
-1.0,-0.5643892373062542,-0.32880659847981386,-0.9555947257626352,0.21686702549256087,-1.0,4.850602117671771
-0.996249039354429,-0.8417946107367656,-1.0,-0.9719417308914167,-0.16295786273973334,-0.7060915036736992,-1.0060392412802428
-1.0,-0.9824237029069094,1.0,0.5845064070809383,-0.025231945447334647,-0.9475545293545833,4.432275154574353
-0.9260919867725546,-1.0,-0.5717870494833057,-1.0,0.7272954522153148,0.6809542866862919,-3.5189936465529827
-0.8220246526620412,-0.4556352857425603,-0.21687722816410937,-1.0,0.05995554904287215,-0.2731310941750258,0.884064191756301
-0.7111300145117245,-1.0,-1.0,-1.0,-1.0,-1.0,4.577055927728613
0.2496593724829985,-1.0,0.23532106127191413,-0.8969712991564512,-0.438527333158478,-1.0,8.230165646205736
-1.0,-0.36580611754655856,-1.0,-0.9821560638322897,-1.0,-1.0,2.6378943763692906
0.2707540830376861,-0.2336172571910788,0.21262362639560928,-1.0,0.33615442494522857,0.1357063763652313,-0.2571300360419554
-1.0,-0.15496722316003753,-1.0,-1.0,-0.4163817282644259,-0.4030883131176408,-1.3862764117386508
-1.0,-1.0,-0.8353554402346421,-1.0,1.0,-1.0,4.01297982604692
-0.30061406829954784,-0.22569832892940478,0.18705110151805782,0.7080969998006154,0.016006911729037676,0.13776346485352675,0.9440082583739521
0.14382738151485586,-0.5913906814012079,-0.4792167849489498,-0.21458733438688288,-1.0,-1.0,2.5234025377790354
-1.0,-0.8153058734450968,-0.047289788796745835,0.2027563569014354,-0.0810910781140417,0.15530825646106483,-0.049559002652981965
-0.2699981779500744,-0.48361986424034586,0.5731396765782102,-0.3633000698319411,-1.0,-0.0896609663626885,-1.5339366968042258
0.8936055930632634,1.0,-0.14122731053656312,0.12215889796926653,-0.38705119053707226,-1.0,5.196319342859314
0.21850689555833136,0.5498853179853074,-0.8811905033506326,-1.0,1.0,-1.0,0.7523001470877051
-1.0,-0.4471040178970031,0.6796572884597265,-1.0,-0.10893123120499693,0.8280190660164881,-4.506744343639831
-0.6668708142081757,0.05090627118603808,0.7238607557239928,1.0,-0.24948165305375275,0.2328194428186527,-2.0779846444941095
0.9124418237051206,0.07607427663335886,1.0,0.8248871735506197,-0.5885535236223367,-0.5518528708783419,4.211851919738735
0.03945235370348443,-1.0,-0.050215303576339965,-0.1731478997925664,-0.38175503452217185,-0.5808243843984956,1.9161391445695601
-0.9032503667653662,-0.559114480804066,-0.7366472923864111,-0.6722256303196298,-0.6900673714426275,0.08609986194624208,-1.673687143545362
-1.0,-1.0,0.6675513267083517,1.0,-1.0,0.16651035256592017,0.3386209947117973
0.9402516229072388,-0.684746914691944,0.22980167871215312,1.0,1.0,0.27603809200850926,-2.500316901820253
-0.6154991120642003,-0.5669085294139264,0.28342888423312207,-0.06964854576640062,0.11174657480868225,-1.0,3.1131882841695093
1.0,0.8064717939695429,-1.0,0.6608560784020767,-0.5423426846229167,-0.8541119702879035,5.282775633333487
-0.6951459886630722,-1.0,0.21994397199058985,-1.0,-1.0,-0.20933696335980012,4.182524723996695
0.979685658668416,0.3864877870393019,-1.0,-1.0,-0.9499616625972134,0.9238000742227681,9.679748673409676
-0.010880807544076054,-1.0,-0.6303403751141428,-1.0,-0.5853862856928516,-0.7358775515284703,3.848290298312211
-0.1520120340435408,-0.7180621932465181,-0.21732113814876078,-0.4342696385062211,0.272783020920324,0.18466507976181623,-0.7116621444345563
0.2614874997875326,0.8486273765338663,0.00540112480950275,0.9001807526749791,0.26907834874053493,1.0,2.2242706071910634
-0.39906416892001334,-0.23440096701951652,-0.9718909991694327,0.17188093104060465,-0.1539482186022536,1.0,7.217367845124894
-0.34018423095687134,-0.4400624390862631,-1.0,-0.2710116640109914,-0.11381079629634394,-0.5110460679050318,1.1054568319813018
1.0,-0.03305166799763748,1.0,-0.5981718611091768,-0.5815557091174388,0.1341879927545081,3.0480710978235708
0.470368092214124,-0.38307569566195987,1.0,1.0,-0.04641812768370099,0.7456355095655357,-1.2541906383378891
-0.49596528615840546,0.9473975186297693,0.3202570267786642,0.4349138079829703,-0.04613954829079936,-0.28580546199980805,-0.6396337039397528
-1.0,-0.9397399071155469,-0.9553683502562353,-0.611800913307736,0.026586925195495215,-1.0,4.418593867454964
0.6744218256923837,0.4188241165828136,1.0,0.47682267121333566,1.0,0.44664234001699954,-4.694784900680479
-1.0,-0.39823478700842807,-0.13988960700947928,-1.0,-1.0,-0.5223041351439375,1.2056080979775212
1.0,0.22982367040949486,-0.16375082494733306,0.8350952661631601,0.45804121213733906,-0.3618178935112018,-0.6298403045524869
0.6792456594991578,0.06740063490698522,0.9220250348819663,1.0,-1.0,-1.0,5.274713009559417
0.8349494658114575,-0.8544154933285464,-1.0,-0.43379086499069996,-0.6817742295168592,-0.8887013122074245,5.8963924388797615
0.09138321987460196,-0.24773614071824634,-0.2212152301932335,0.04810512725335919,0.19373923716480013,1.0,3.4426756457000485
1.0,0.8916008315866346,0.8162457898331297,0.05227144286729568,0.5741947002676547,-0.23693503423203643,-2.0675344749128333
-0.07601795980711723,0.06786798709840003,-0.40507997556097575,0.03742197857466523,-0.0049562518342201045,-0.03600475174116269,0.06092620335326314
1.0,0.4878196184289516,0.31315125105293284,-0.01578946792635233,-0.4656986162047889,-1.0,6.696486431003509
0.17611096235138435,-0.3911418256561212,-0.2909579788378507,-1.0,-0.17018051388736094,0.6475840711809464,0.6294030196155667
0.15167332153026747,0.3050028601344856,-1.0,-0.7143602486569354,-1.0,-0.6529039414800464,-1.0493491892273807
1.0,0.6377052735909462,-0.030231222777455574,0.05260355083149326,0.30640681725248015,-0.7432560172614388,1.9521543080922186
0.5554177941806496,0.8025589628657466,0.5517441915482248,0.6640192369508833,-1.0,-0.11248475726588136,1.6274411684179138
0.8640451698199154,-0.6314179286362592,0.734815505241762,-1.0,-0.7199364677408115,-0.4694943854291085,7.174449623685126
-0.7627842269598251,-0.5735014019505146,0.07818422999370589,-1.0,-1.0,-1.0,3.223703688206275
-0.9302819219087244,0.42198436511775117,-0.6899202530770678,1.0,-0.39395093763119676,0.3711179426273614,-1.2024215759059151
-0.17871618889454455,0.837309134106616,0.8662231591982285,0.38879526986148094,-1.0,-0.23368333847862388,-2.4780788276545094
-1.0,-0.063494664896949,-1.0,0.3358987131035958,0.5388370143420411,1.0,9.092896159304193
-1.0,0.5519769671204465,-0.6694170729571809,-0.589161700284052,1.0,0.4992654133096711,4.75622587341441
1.0,1.0,0.024912699895540458,0.3517986401844062,0.9463791738623548,-0.6803980887005774,-0.8143736558290476
0.09704275630839265,-0.8321420402112316,-0.11673086790011888,-1.0,-0.19047605667173634,-0.4605615312545172,1.984283921245904
0.12137668193835299,1.0,1.0,1.0,0.4544962082173877,-1.0,-2.5864995349397795
0.4184950175551507,0.9763171175523244,1.0,1.0,0.8387533551719861,0.17441283522058337,-5.446871724957857
0.33098359073217476,-0.22049009111638976,1.0,-0.0166832384441582,-0.5798011669410079,-1.0,4.166637871949475
0.05772856215762889,-0.9161219531365294,1.0,0.039882540633527724,-0.8223952415578304,-0.03377073765907279,2.6347908480261673
-0.18378995634920697,0.40794714345174043,-0.43411341960344607,-0.8644794586567895,1.0,1.0,7.37061770424312
-1.0,-0.27816151908698017,-1.0,-1.0,-0.6498939424791277,-0.9767941117979372,3.878999047364536
-0.7868831203415289,0.8316430164470733,-1.0,0.045971345300466426,-0.8498108760954549,-0.19146290780123196,0.14474818025906816
0.4352548065391507,0.49057653915117283,-0.9963770983694343,0.6881140542237612,-0.2914397924862162,1.0,6.674341184336005
0.82159870805104,-0.2179627373689086,0.6180647713059406,-0.6169053765734436,-0.8211698924089481,0.10364564207373295,2.464771113339838
-1.0,-0.3367376804350935,-1.0,-1.0,0.9290610440547755,0.17385600442526616,-0.944477826775642
-0.570901914067494,-0.7611224906421332,-1.0,-1.0,0.3438525712592764,-0.5961197532759959,-0.8479014905792298
0.9609952675069373,0.15745331051658323,-1.0,-0.9295632390552139,1.0,1.0,0.15526046058287118
-0.9569455879574886,-0.8860698761570784,-0.8450271006240353,-0.5096486881132072,0.712992582280212,0.9744772104998753,2.6301285018573632
-1.0,-0.3042487323969971,-1.0,-1.0,-1.0,-1.0,2.6104191987437533
-0.025075742952681,-0.754003352147333,0.5397249688575624,-0.5358532852875831,-0.3415502366195431,-0.11817133239956967,1.0482456152852453
0.9366921222383973,-0.21166229572266904,-1.0,0.3036376593723975,-0.1765557082757807,-1.0,3.773550726710165
-0.24495547200320927,0.10203457173763664,0.029146724710213845,-0.13486139022550037,-0.15516487903900567,-0.5827634748008694,1.043539743207405
0.352839372406911,-0.5789716765773396,-1.0,-1.0,-0.17066277023577361,-0.5033168625472806,1.4764694129823097
1.0,1.0,0.46431675056164146,0.4002887465367264,-0.7536505129650496,-1.0,6.05130703723636
0.9293512279428024,0.18157259871649134,1.0,1.0,-1.0,-1.0,7.079518289600723
1.0,0.7695564825890537,-0.05277174853514899,0.26634229458391956,-1.0,0.03139285041982952,2.743950787240655
1.0,1.0,0.1413064998506119,1.0,0.22639857700970767,0.4555904247416208,-1.2217022174828562
-1.0,-1.0,0.146109430352921,0.14919254747501276,0.39324011849022666,-0.7913815609370971,3.9833206650660715
1.0,1.0,1.0,0.42610650905704217,0.5156251948831925,-0.3303028196528994,-2.179732297499916
-0.17523983660925269,-1.0,-1.0,-1.0,1.0,-0.34971979953435484,-4.428705739129621
1.0,1.0,0.944145393140591,1.0,-0.9200275112559259,-0.12800959688581548,4.220628555042464
-0.13739182327161797,0.39413434761338384,-0.099847068019731,-0.5034127103101921,-0.17864409120198566,0.4894439454639157,1.1806717485096025
-0.2052136479918768,-0.20007833100156655,-0.34884861059708583,-0.44746914029980633,-0.07055148267247646,-0.6499336036347094,0.9554445770728864
1.0,0.06728806351551653,0.3762439167040611,1.0,1.0,0.8299712893331488,-0.8925146139901041
0.47750621116620984,1.0,-0.3155655587550163,1.0,-0.700062722272699,-0.5973790262564203,5.60817805448699
-0.4911803497477354,-1.0,-0.9379690171587866,-0.2596087783544738,0.7555578542642764,0.4848798389562024,-2.574339625954515
0.6215083352800385,0.6169509354924962,0.0066202804703222595,1.0,-0.10547292022229204,0.17412232475043754,0.9301748803522369
0.5483129660798427,0.5160858536142321,-0.20542267299326478,1.0,-1.0,-0.5835084020747235,4.128444376055402
1.0,1.0,0.035494654838878925,0.27865276629727154,0.07349458291824548,-1.0,3.6588061748920473
0.6987377180394573,0.12822019771964535,-0.26088230548860625,1.0,-1.0,-0.02013842347979833,1.4736208633859986
0.1308392800792615,1.0,1.0,1.0,-0.6180452600984667,-1.0,2.1787260506182484
0.033354613331815,1.0,1.0,0.0571981509227204,0.13521843085737412,0.5301076070252803,-2.0373236680232507
0.20495924615132738,0.16375661687097898,0.584230831239459,0.9280272180208952,1.0,0.20475880488984732,-0.8442396885233358
-0.1484491128558088,1.0,1.0,-0.1969648092096007,-1.0,-0.6656017906660812,-5.521687203912342
0.9708503332572408,0.1189662967141839,0.7081308073717612,-0.7223848533959227,1.0,0.4462377188670563,-3.4365321993662663
-1.0,-0.23276496798012392,-0.5269534538051677,-1.0,-0.3239036014555434,-0.08265328776110858,-0.5284757763029674
-0.6303410281001567,-0.5401166877546282,-0.970598665386547,-1.0,-1.0,0.010706215848086018,-0.18254277949384035
-1.0,-0.8905212753809568,0.39975470285635706,-0.5431547565192048,0.8543789059099903,0.6655515985940859,1.9615731433533328
-0.13062603156634633,-1.0,-1.0,-0.8174910609307149,-0.5422992660568358,0.06770192255014039,-2.4143218879786854
0.6789249397809637,-0.5575615810641903,0.4301497759207127,0.8226747912189617,0.8338714620683847,0.23237539628665987,-1.2506658117259464
0.43545934024951677,1.0,0.7689918630443415,0.8059212148295773,-1.0,-1.0,4.485751044454589
0.7327890566070339,-0.04053563925465174,-0.6730363062422065,-0.3967919696068688,0.24334032366835062,-0.1744839037600962,-1.0681742714615
0.47437168225382065,1.0,0.6842251037108811,0.5646491668159539,0.39526501185741325,-0.2536315815368403,-1.5446305591649718
-0.15816810994373331,-0.5578589255625368,0.08077937003073254,-0.7692478883079288,0.1968532228667037,-1.0,4.895562130006505
0.7442452421339844,0.09633410553273669,0.6604892764628135,1.0,-0.28949257115883587,-0.3213825879285013,1.3898332523100818
-0.05231735134531246,-0.2287565926033725,-0.3976143679808817,-0.2532297877961086,-1.0,0.831386457100548,3.621862242960487
0.1731456274524481,-0.47907634668027876,-1.0,-0.6889293587014267,-1.0,0.4749217229367458,1.979385565163722
-0.7117969669359705,-0.8895515246592693,-0.6643804936181703,-0.4664655146457366,1.0,1.0,3.846776693241258
-1.0,-0.6501181299022798,-1.0,-0.7761826374090839,-0.20391386385566046,0.3448881520305127,-1.9564846774553708
0.7302644704883536,-0.10259410553431869,-0.19271560198118665,-0.3394530399472336,-1.0,0.18347807661907956,1.9631231895452323
0.975505994969843,-0.627733013813332,0.5984925950607803,-0.07128133820855923,0.24410471397436373,-0.5427741533414909,1.7762309008230643
1.0,0.25572814492728707,-0.32601729713622557,-0.44571255386856223,0.36756701726659957,0.32295721058993254,-0.9813196802567877
1.0,0.3968067766625748,-0.2170995183847457,1.0,-0.32185889774098625,-0.6271838992651005,3.6230765041017112
-0.8904540717627416,-1.0,-1.0,-0.7332294082416493,-1.0,-1.0,3.421071476463613
0.6126686366695079,0.07044016332977798,0.140628310898853,-0.0018663683003322766,0.31767641285807835,0.5217979703761775,-0.8396971723199627
0.2020748405430588,0.1442038368228487,-0.2414449599226406,0.10965941338145013,-0.14000210873495345,-1.0,2.798785711990252
-0.009723976553054431,0.033069399199564864,-0.5319630950806663,-0.7176450590587902,0.20377681080267343,-0.5629378497763448,-0.7296052903086757
-0.11807646933568125,-0.1395698584174438,0.45319893160123603,0.1904891909105445,0.9325030940139002,0.3243669364389694,-0.7001335371460455
1.0,1.0,1.0,1.0,-0.16026218781325596,-1.0,2.7675379171930783
-1.0,-0.43182645130541375,-0.22156223347261284,-1.0,1.0,0.15443861272366788,3.3144058397766485
0.8540951612216847,0.17494738256230802,1.0,1.0,-1.0,0.4653506819196363,2.149089212530444
1.0,0.24892282760037654,0.2940289858570292,-0.06694121648528983,-0.4115357108582166,0.4408572120394083,0.4497486159278564
0.259942889721512,-1.0,-1.0,-0.6797204827102885,-0.18977810222900526,-0.8317075343455347,0.15359031076938523
-1.0,-1.0,-0.654047497502756,-0.34159362172338703,1.0,1.0,3.0152626354778564
-0.7309640338781909,-0.23286274300824172,-0.6570802396564462,-0.5797058549909295,-0.551576346916079,-0.965337748066533,1.677070602107467
-0.2966142220591381,-1.0,-0.6278130734815914,-1.0,0.7443201046562934,1.0,-0.5846313585050704
-0.6992267621419477,-0.0570576775013647,0.31185417655240644,1.0,0.2125841805548196,0.11283100518182407,0.20055875210903118
0.4822562081682954,1.0,0.5800334729106338,0.5577821908367633,-0.9861843350962602,-1.0,3.296725417404359
0.6697682591290857,0.7758910174430872,-1.0,-0.04210854505648132,-1.0,-1.0,3.3813838629342388
-0.8207114954614486,0.5566706585898249,-0.0002313693481063861,-0.9163538854748986,1.0,1.0,8.62621497405485
0.9972097076148485,0.4597799110148846,0.8947244791131688,0.26188411734051986,0.5453226241575686,0.1124123151239726,-2.3141826417433333
-1.0,-0.24700901353507698,-0.026034471350205146,0.8335786494998411,-1.0,0.8578990952784706,-2.056362701759316
1.0,1.0,1.0,0.5599182517586647,1.0,1.0,-8.2008813169501
-0.00981964177282968,-0.31719302613561373,-1.0,-0.6302262937877314,1.0,1.0,5.538482295748774
1.0,-0.2853501565433293,0.33721563537009314,0.9815444479175677,0.042409900282033286,0.1261988551971826,-0.7492459452543324
0.6979927970548769,-1.0,-1.0,-1.0,1.0,0.4185913441319331,-6.483451458182446
0.2507643107066002,0.9872469743293495,-0.09041688795168418,1.0,-0.725082092643264,-1.0,5.5999814989498
0.2681461479663516,-0.051439198448775564,0.10268517933269333,-0.058711700619926366,-0.33751258808962903,-1.0,3.261877972020341
-0.8257518031926105,-1.0,-1.0,-1.0,-0.44550191657708615,-0.8079143123244693,-0.2598269313704651
0.624373733115463,0.46657980502616947,0.8223175863812685,1.0,-0.2275320285429796,-0.8452956454689295,3.183769867049922
-0.19945584670816263,-0.05692569732803621,-0.3819820411236138,-0.13906750887335673,-0.26950910839107045,-1.0,2.310326980416331
-0.023358650871748765,-0.3070602720110771,1.0,0.679448969349427,1.0,1.0,-0.6805690677229608
-0.8236832033787775,-0.44789814264207395,-0.1231305133533686,-1.0,-0.15808211864349897,-0.3004886084624981,-0.5929540230095504
1.0,0.2634683668730007,1.0,1.0,-0.6174776785550111,-1.0,6.8028635444472165
0.46618659553703423,-1.0,-1.0,-1.0,0.17746109683524341,1.0,-1.3477397225029857
0.7006031123323578,0.2157259694070912,-0.822383282258625,-0.39192114277303886,0.18268321825527983,1.0,3.9745608761134683
-0.09706133140720707,0.24260748027197765,-1.0,-1.0,-1.0,-1.0,0.9193789946827351
-1.0,-0.25395558246241556,-0.38654663045325965,-0.06315409899892122,-0.37064486947306896,0.034361745574707114,-1.670254871696034
0.25365143853825123,0.6773714488562578,0.36250104366101055,-0.6938748805958914,-1.0,-0.8329296429441997,2.2448454933025346
1.0,0.5572160927363927,0.38586487542502335,0.4640825938884936,-1.0,0.7881178297076037,5.0646510888170795
1.0,0.25790046729621463,1.0,-0.07667096818566929,0.5847202915839891,-1.0,-0.9619642563349828
0.640236227991386,-0.5953214100283906,-0.4785335245660392,1.0,-0.939275234036324,0.3712853095497962,3.5360737033009864
-0.19199397760945608,-0.19557357154925817,0.5185330125813005,-1.0,-0.5192555364751471,-0.8319459530014723,2.5861249257880443
-0.8265688787338339,0.3300880326957017,0.6285837060281129,0.7034185231880586,-0.9080434389674229,-1.0,0.10553537066487362
-0.601458870193102,1.0,1.0,-0.5272233565299022,1.0,-0.09056030834931156,-1.6540263470061582
-0.14004951199111004,0.17982401462770653,0.6822836899521231,-0.9987432886187699,-0.7960243889068743,-0.912813620435917,0.8419229274591532
1.0,1.0,0.6765687760192283,0.29349088559054937,0.7776205842042351,0.2912350037000587,-3.976264335523719
-1.0,0.6688344468585601,-0.008014936798508843,0.8342204642575789,-1.0,-0.09332275317127524,-0.920744191532534
0.7318199735485726,1.0,0.1777246175502833,1.0,-0.9322071459584282,-1.0,9.403058045430912
-0.9605338466060928,0.5463468191119039,-0.4495627602329232,-0.43439400979755965,-1.0,-0.45860184889709155,-2.085080059342859
0.05064957658853264,-0.41485239179199224,0.03814170734570921,-0.5863481253591754,0.22631409935532648,-0.9811227651967334,4.548928545348211
0.283662967934522,0.29333224616196574,-0.6872006432926884,0.5645913918603714,0.9086545029687544,-0.20416161718474382,-1.7081072364810912
-0.06504754103499555,-0.8405205662166502,-0.052497089253417006,-1.0,-0.05114034664319034,0.9818795491562103,0.28878357869861204
0.6305705407164798,1.0,1.0,0.5202264484271947,-1.0,-1.0,2.2639352272286812
-0.3470778255049358,-1.0,-1.0,-0.8701405894845493,0.31693845698279155,1.0,-0.8012295919768023
0.2842777995533203,1.0,0.9695374272036765,-0.6986882054730666,0.9328614785815685,1.0,0.5909426017930243
-0.753639093418402,-0.13588194578355353,-1.0,-0.18218188073504948,0.40460827416569867,0.6005657402480278,2.3329564421212
-1.0,0.9283325899880233,-0.7907603999480837,0.42671539448344353,-0.3824300652299894,-0.6915062113991594,3.178385503829208
0.48171567528896964,0.8197949653872904,-1.0,0.5717324597688481,-1.0,-1.0,4.669506492711876
-1.0,0.16315703894961575,-0.11153842428697569,-1.0,1.0,0.07452544469343558,5.421186963846367
0.362778804433072,-0.5432341035448882,-0.6015267753868262,-0.8021857720725087,0.36812615244259117,-1.0,2.3502654458947334
0.12712570859619238,0.9193798327023309,-0.755454591761477,-0.12409704580182085,-1.0,-1.0,2.2999075885933284
-0.7077884934099319,-1.0,-0.1481493766599195,0.5440861987504839,1.0,1.0,4.257766977930957
1.0,0.9213604267391535,1.0,0.5686124571812723,-0.39365603980300534,-1.0,4.225480386867444
0.5072980478049127,1.0,0.8506353490248413,1.0,1.0,1.0,-5.728763967913375
-0.6058654350106246,-0.11621228547372064,-0.5747117351880707,-0.6499696023261778,-0.5361165215097972,-1.0,1.3538906168578662
-0.22373620819688034,-1.0,-1.0,-0.9094705793568507,-0.6100151345698981,-0.8851445099035233,1.9281833297578088
1.0,1.0,1.0,0.637368242818315,-0.07353590163405291,1.0,-3.3489879268057567
0.2554040997243934,0.33168162895786857,0.8732131233592713,0.07445904935253106,0.21782606801291846,-0.23184457464494945,0.8746616087536369
-1.0,-1.0,-1.0,-0.6434601008708043,-0.03350641982049152,-0.7512469113821763,0.09582045139660583
-1.0,-0.2704657193391601,-0.3615904615376838,-1.0,1.0,0.8195806836081807,5.590946938456253
0.10718305920534621,1.0,0.08087879664282505,0.8148448442076295,-1.0,-0.7181889802078574,2.6286842243242026
-0.80220771444651,-0.7321407478080049,0.43510281963717456,-0.3177090251645509,-0.207655200703936,0.22953552714863282,-0.773770811715915
-1.0,-0.4396322411831729,-0.14242747227630798,-1.0,1.0,1.0,5.7793600794550635
-0.5196121799270212,1.0,1.0,0.9268146182969905,-1.0,1.0,-6.170000712237619
1.0,-0.321948596930237,0.8121663905597696,-0.9884599977215536,-1.0,0.8567427641482155,5.936274429689895
-0.021447030205680173,-1.0,-1.0,-1.0,0.16970987873089227,0.5800153781187178,-2.80613750658814
0.8189662461056316,-1.0,0.5973565016632363,0.06176752104735253,-0.8958850322840431,0.547802037242231,5.242291637081484
-0.7234701760275106,-1.0,-0.47777715467713455,-1.0,0.9223856475507952,-0.2545523503820923,-0.22448031034392024
-0.7452564310270073,0.35433286987111745,0.873610846410402,1.0,-0.002496793574789269,0.44709856952841376,-2.135183428973318
-0.5712859505590897,-0.5986730997145835,-0.22253443994556765,0.4700521698497788,0.10813329380874226,0.6855933554449778,0.826272983751384
-0.4003201772196464,0.17143423001412245,0.9540376557729239,-0.7247822983121401,0.6597663826218977,0.4139236679326841,-0.9442365819029787
-0.30021229085197465,-0.9473789957182017,-0.18143210058311132,-0.7120867882009494,-1.0,0.913904650387803,3.0996356876138558
0.31594812799860317,-0.7117348505034784,-1.0,0.5509583642402389,0.0990164794158725,-1.0,1.0693270766303895
0.8771023836651372,0.09290599300265723,-0.2605459068983028,0.6885570912504085,-0.24837650588727012,0.3728949481893008,0.9961070929487725
-0.7911361323710607,-0.5210392753454482,-0.25045184333626935,-1.0,0.5571517282503489,0.016427844726688345,0.37497832267103337
-0.7488267656234147,-1.0,-0.5475226346351337,-0.9000461529715995,1.0,1.0,0.7735340376323908
-0.3104649759994397,0.6042327562094553,-0.06699351699516665,0.5580613011207203,-1.0,-0.1575366154571336,-0.840965605671246
-1.0,-0.1247824511128246,-0.025091178266056502,-1.0,-0.7490253674251324,0.027571963889601675,-0.877308440720309
-0.15114873280307162,-1.0,-0.8309205989031083,-0.26818749046248624,-0.5112923091658421,-1.0,2.0521473626890154
-0.5996983369407682,-0.4879219528307015,-0.7475489416910159,-0.6735635995670464,0.8634852694338738,1.0,6.442792558282844
0.604361691706121,-0.21608140820048027,1.0,1.0,0.9218358903763955,-0.4974488828231725,-1.8701940062432647
0.8439482167574084,1.0,0.49750594652460767,1.0,0.5553938744554114,-0.759641486436771,0.6191740260662577
-0.8044318727707823,0.33950356428282485,-0.8530734133653054,-1.0,1.0,0.23622468186926188,3.216541483225643
-0.965105455029937,0.4361714769887926,0.05632851649729387,-0.057944357357024856,0.7126593100810401,0.9381103419646455,3.603881894155795
0.7003377973536965,1.0,0.7011884195995532,-0.12348463457532621,1.0,0.5291707700713832,-2.339982404337928
1.0,-0.3242992578531956,0.297537965888629,0.970918866960661,0.40225777753391573,0.4941604089739562,-1.4119625452014386
0.5036338171096003,0.29839562747439874,-0.15994179895532828,-0.922834950033851,-0.07161727819713559,0.3516272800197457,0.915423645783715
-1.0,-1.0,-1.0,-0.5905385214699752,-1.0,-1.0,2.0294238145375614
-1.0,-1.0,-1.0,-1.0,-1.0,-1.0,5.256713322065125
0.2950416448256121,0.5806412199005622,1.0,0.333386942053006,-0.0161940264213003,-1.0,1.3512543295731219
-0.9661714261501102,0.4432112167817194,-1.0,0.8880046558071715,-0.43336433834976273,-0.7192757985571518,0.6613569932211177
-1.0,-1.0,0.42467749980777114,-0.7040500555783142,-1.0,-0.460869534629164,3.3256180150418526
-0.014261676139983193,-0.875118881310174,-0.6550639447151723,-1.0,0.2042160483050548,-0.6850377027236775,0.3993058866618367
-0.14155080255054373,-1.0,0.7980873624336549,0.5328837421795252,-1.0,-1.0,3.721156796787038
-0.6390150085090277,-0.8893523740623742,-0.2963079408690537,-0.25992954820465175,1.0,0.3078216851462281,0.253210583703128
0.7698205507687543,0.14342632910791786,0.985384183939082,1.0,1.0,1.0,-3.8040487434153785
-1.0,-1.0,-0.7647569958625664,-0.47454708589349215,-1.0,0.7003520146042781,-2.720548566818321
-1.0,-0.5204069455558848,-1.0,-1.0,0.2613947260178936,-0.42746477139117,-1.3315174396150842
-1.0,-1.0,0.1212456805166191,-0.8762752875273697,0.28627773766381825,-0.6102966138188024,3.52408227793875
0.08122740648527638,-0.4194357981685545,1.0,1.0,-0.45592889789350083,-0.05171707715590035,-0.6607384108205961
-1.0,-0.8199422599990308,-0.696759561437331,0.6900016400599941,-0.6951775901555257,-0.31162206917602453,-3.5790458760504307
0.6580881757455862,0.6040624518209327,0.015864454892913216,-0.13155090230399377,0.9664485740247841,0.4304497671045948,-0.7891445404751086
-1.0,-0.45526290161143057,-0.9439266643568395,-0.8468083727550808,-1.0,-0.41626408074865484,-1.4150213242970446
0.3039379258012087,0.03130644594315579,1.0,-0.11310055011002143,-0.9145738627354423,1.0,0.1464416092039817
1.0,0.4472406837854396,0.2798131018047515,0.8911270727257287,-0.611055299937383,-0.094735585450865,1.9496756875235743
-1.0,0.37948959442109353,-0.22150694954594136,-0.5201513632792005,0.9476866623372401,-1.0,5.576966672800717
0.5205690169890947,-0.4372533007202704,-0.4443406038926537,0.2880434527335707,-0.579343178445914,-1.0,3.5601567813298898
1.0,0.6641705611566406,1.0,-0.5382865119211572,-1.0,-1.0,4.894189621963798
-0.40656520412032227,-1.0,0.3460956864523911,-0.904882345303023,-0.05790494880451713,-1.0,6.5381723006224055
-0.22781663265772195,0.8808563804885716,0.6725038020849948,-0.4164176351173917,-0.47416074175355893,-1.0,-0.6534311028714019
-1.0,-0.5725659312099322,-1.0,-1.0,-0.7864056862041549,-0.8817007916633421,2.4885082882803213
0.8941325819479686,0.9001569967490863,1.0,1.0,1.0,0.8370934250385138,-9.186568023623135
-1.0,-0.17857541887605033,-0.9104318713886247,-1.0,-0.9038375828977425,-0.8255644822057051,1.1824491939807307
0.7536160909455966,-0.44881718822859296,-0.1082204139395383,-0.45219981304274437,0.6036918980928814,0.3556393127774371,-0.9666747942681725
-0.23329324728367895,-1.0,-1.0,-0.15412583508514877,-1.0,-0.9009323566915044,0.29099579366559913
0.13004319039873313,1.0,-0.38911426399636917,1.0,0.1115864551082435,0.09044489063649452,-0.47294457738844187
-1.0,-0.7100569303602988,-0.30442976508957664,-1.0,-0.03585798603086529,0.26230031731249526,-1.8051202435934557
1.0,1.0,0.780280843897081,0.34066653201154673,-0.08613083809496769,-0.3699624507287914,-1.2415714936585718
-0.8958114690489184,-0.41390077763739974,-0.7885732123647493,-1.0,-0.48185155363404214,0.14653466116998906,-1.5811352160277778
-0.5753760603835355,0.33947459377852174,0.1249096033438217,1.0,0.024547473816750154,1.0,1.3656145532249946
0.4385119232706043,-0.6939728915723151,0.6566475125887923,-0.6848644377894414,-1.0,-0.20039819189302654,3.9731248492527182
0.5480074664646327,-1.0,0.34950683150262507,0.6680929181629202,0.028556745943469714,1.0,3.2957667890501052
-1.0,-1.0,0.5639371834118276,0.5998630507195051,0.7036531095042111,0.5414018209135787,1.3754156462683969
0.0777215144310539,0.49976824547868925,-0.20335645263536262,-0.35400557809640065,1.0,0.06596191597436896,0.8610711834322654
0.2517201243128306,-0.2126474137385977,-1.0,-1.0,0.2100982377268339,1.0,2.7896833559274277
-0.165591324404592,-0.18651910469333738,-0.9794936971730386,-0.2078733311283396,0.12970913459758715,-0.9164480842579826,3.21827555545718
-0.593252491893412,-1.0,-0.698507252200126,0.02013880786515526,-0.5566538208964595,0.012879716708646738,-2.2518317119629563
0.5973934701886912,0.9952081024325701,1.0,0.7577286961365445,0.24053300260003774,1.0,-4.843888379247414
0.7030335641725236,0.4744702608438244,0.43235934036583934,-1.0,1.0,0.8205647799979179,2.0051793057915708
-0.6352987293131591,-0.8016755781242559,-1.0,-0.05271777469971939,-0.6364193359588757,-0.22613947678697044,-2.7776863083984273
1.0,0.9634984329848747,-0.6688172836131724,0.11036353749024164,-0.04492751922224858,0.6302803068120011,2.8534652741245767
0.03724678660894115,0.27951685330942655,-0.05254588091200141,0.5842261826542031,1.0,0.2546061658847003,-0.16144219385929803
0.5946768823863361,0.3560270085955104,-0.5088411983044718,-1.0,1.0,1.0,3.798418584316813
-0.32749021519065213,-0.012304408372833975,-0.24574080147838995,-0.8575338678726016,-0.4701445760913501,-1.0,1.5692506219981286
-1.0,0.11216003102512884,-0.977607179590606,-0.5886937683899672,0.37668698713925697,0.7809206812694989,5.298103153837671
0.12556479969901913,1.0,0.5035453478151324,0.39686013472837445,-0.17060969417963184,-0.2663555425129689,-1.5424543581720345
0.07664584291105891,1.0,-0.04782160979555308,1.0,0.9948610234114836,0.12983393264799115,-0.7126217243616111
1.0,1.0,-0.5695142811076278,1.0,0.01883356035974411,-0.8847741927308824,5.1433057861595675
0.6791470672507237,0.09153708711547134,-0.18783801090263078,-1.0,-0.25074705646801076,-1.0,3.41378525786072
-0.07641764042798596,-1.0,-0.9512838887211508,-0.8787457638409419,1.0,0.6530758320804373,-3.5950669713975616
-1.0,-1.0,1.0,0.07184512828690276,1.0,1.0,1.1878152022953505
0.2613433105949152,0.501397355376684,1.0,0.9590631813755273,-0.7739564776521874,-0.054086899361461854,0.08078427944255767
1.0,-1.0,-0.3265845163104109,1.0,0.8688633547281323,1.0,1.8705569251275556
-0.09333399408528031,0.08254642725225725,1.0,-1.0,-0.6509313101282985,-0.8843129923115538,0.34870037639719986
-1.0,-1.0,0.22265219731232266,-0.5171954355730821,-0.2809502493758911,1.0,-3.410837231103338
1.0,0.24789384127432723,0.7264357114131047,-0.12983631591637157,-0.23870885838866973,0.7281944342151383,1.8122914558855991
-0.7741014534283521,-0.9960606476634759,-0.5483940049815155,-0.3266888641118427,0.1564224912995562,0.1751310200270153,-1.7855311995586602
-1.0,-0.2723880225569024,0.23845266101804763,-1.0,-0.7108198358835498,0.7826283531941436,-2.010569910809985
0.15937180168690357,-1.0,-0.5456991086947154,0.14440733030769148,-0.44518946198249665,-0.18722929816814154,-0.5858208797948863
-0.7866806669604537,1.0,0.16620069123218084,1.0,0.3463041810255624,-0.0395226687193575,-1.573191624012348
0.8707513241408389,0.8098199962060897,0.3565374140861458,0.42529718752598417,1.0,-0.19077764287867705,-0.7834401443769943
-0.14885878715310163,-1.0,-1.0,-0.431556926959642,-0.46068185377996146,-0.13947435678693773,-2.2316025081391913
0.7371723273398991,1.0,1.0,0.7126200950563772,0.09637456611640549,-0.2832072432483942,-2.296696537285819
-0.08797459526380202,-0.27643373773666124,0.06041614335568782,0.21154499787660846,0.7241644614792664,0.3227401127673748,0.3228942274115542
-1.0,-1.0,-0.2752615858032701,-1.0,-1.0,-1.0,5.4986412303434955
-0.14475129126980513,0.3544471425365815,-0.5532132747604553,-0.32486716716165753,0.3575068518889372,-0.6540014566923558,0.8560314917135633
-0.27431744852638656,-0.26868100860349187,-1.0,-0.2146740718591631,-1.0,0.8991870979558223,4.016212842949708
-1.0,-1.0,0.4369075813809292,-1.0,1.0,-0.7550399384827101,7.8702588643425155
-0.3093997529466854,-1.0,-1.0,-0.265505902389808,-0.4144327691522177,1.0,2.8786196258576893
-0.2197397194677312,0.6179215564138565,0.8050589407967306,0.8536298410238619,0.3986485781286402,1.0,-0.19557982642373517
1.0,0.8639339066159856,1.0,0.5487513037344673,0.28272913195799493,0.6238787452180196,-3.7802096522069664
-0.5765523766279602,-0.382454710619753,-0.12632237506239574,0.7531069815476589,-0.17125401638094967,0.545818598293228,-0.9636396104481703
-0.316371102520411,-1.0,-1.0,-0.3801552271781701,0.07835385424140018,0.6681678623892005,-1.5135665601935366
-1.0,-0.15401020959904166,-0.11489872043208971,-1.0,1.0,-0.061468333095025446,5.187459451585226
-1.0,-1.0,-0.8700514002971125,-1.0,-1.0,-0.8880504111624806,3.8106535186429373
0.4335430480140429,0.7588015266625217,0.4660228262471491,-0.24057096285224677,-0.026786598270224615,-1.0,1.4487894499451193
-0.3560239796296598,0.04031667488800694,-0.2614852935556373,-0.07926763486965227,-0.28673684757534024,-0.49802185912497804,0.4444363565294956
0.31804965492472953,-0.9761042586791224,0.6515220795054456,-1.0,1.0,0.6608627621716969,-2.261839411032868
0.5811916632390477,0.9488572014938016,-0.021026879985234448,0.8337155302959017,0.6743532961107617,-0.36232384001738016,-0.3369322183150214
1.0,0.990348551845394,1.0,1.0,0.29220183095622776,1.0,-6.5752318648987345
-0.6616108565819894,0.003275782247842862,-0.836175282006818,0.726658446369778,-0.35866016741895157,-1.0,3.335354993101967
-0.7165189151378524,0.3838154290378615,0.0032939615915839743,0.02263608164593567,1.0,-0.52134631007242,3.0539803802262506
-1.0,1.0,-0.4039138042219206,0.07492850883716429,1.0,1.0,11.209364587671736
-0.8431149880700339,-1.0,0.16324563110498455,1.0,1.0,1.0,4.300811963692415
0.30623303363851173,0.10920389756859122,0.5452948797226173,1.0,-1.0,0.8363855184773713,1.4291417685352368
0.5577108185723143,0.6176523747482981,0.7621383993306389,0.35145357199110183,-0.8068008212605272,0.07784449836426444,1.3216190692610632
1.0,0.9074589296618958,0.9401432183005484,0.2735743095071821,1.0,0.013099893546045682,-4.767026727112311
-1.0,0.2547920312200643,0.721191010247964,-0.6184358718915083,1.0,-0.15447993229947693,1.1183147444581159
0.6441176269145874,0.9805465799144704,1.0,0.31500490106265544,0.17818544633868494,-0.24115401690721516,-1.676624069532744
0.00288353350157311,-0.8122036639450616,-0.5654247538783685,-0.278175383618965,1.0,1.0,3.0122357091257
0.19641778944089927,-1.0,-0.4059262478698086,-0.676308819392511,1.0,-0.2163745088803537,-1.1284613470364258
1.0,0.0374252294693691,1.0,1.0,0.7352556828734185,1.0,-5.145438704242016
-0.14355499808542999,0.7827614249972122,-1.0,0.46545798868421007,0.5754347879410949,-1.0,4.188370526452155
0.3415946977645359,0.2745196239488135,-0.7305164431381099,0.8326353833964517,-0.07043128620221917,-0.3111217254630398,-0.4902151573510435
0.2322547162822452,1.0,1.0,1.0,-0.5052616603600883,-1.0,1.0094632854510057
-0.1011274339966719,-0.20242153220856451,0.9463861165312174,-0.41065066972973496,1.0,1.0,-0.883188161082531
0.42595473798217615,-1.0,-1.0,-0.008375367564833702,0.6480975848981007,0.8590752377376926,0.037443326076328665
-0.3394164009357905,0.4798255012640086,1.0,-1.0,-0.22293332353222112,0.2055288848056197,-2.4333197697230693
1.0,1.0,0.48602685983683325,0.9454738415332004,-0.2784518052241094,0.7231252523284484,0.41545406827206954
-1.0,-0.177880213868169,-0.7060867630211041,-1.0,-1.0,-0.9560875608629064,-0.5055388018901472
0.2287034987310126,-0.18381344400976957,0.6078468189183714,-0.01354374938262004,1.0,0.0079184529146763,-1.1266523420689103
0.731208064318313,0.8465251617252638,1.0,0.6490931012668111,1.0,-0.36882146445174624,-3.41802892217482
-1.0,-0.1126987995014852,-1.0,-0.28457179297350144,-0.2990411749265688,0.41490668636075956,0.1403309733990568
-1.0,-0.21787854415765517,-0.25069232895730825,-0.39127811234376964,0.0323311343993965,-0.3326727155740552,1.135417789854281
0.47087572357174007,-0.013381450188103106,-0.24275682641825924,-0.2580175957780352,-0.20389807092021017,0.5403133102062835,2.041037777554528
1.0,0.06793425921507379,0.6377897638654751,0.37844747463546935,0.7641051696687853,1.0,-1.8857883980151409
-0.5505608406413808,0.13687489139911121,-0.34780269129113356,-1.0,-0.22985224207043486,-0.7615154652442732,1.2539969695613526
-0.08038225154035272,-1.0,-0.42176222672235664,-1.0,-0.21743361775840675,-0.42944315960248125,0.4423035134305915
1.0,0.23549617645488818,-0.1899305528347952,1.0,-0.7166463867352182,-0.5659217034498781,3.594443365676966
0.08189971438063204,0.23631243148404257,-1.0,-0.5686104691558481,-0.42582808726894406,-0.06236091495606483,-1.1597585748163635
-0.19511980425540698,0.45035259024693464,0.5971694181551094,-0.7935267751170298,0.9015921956422366,0.4998525183296414,1.63184202993186
-0.5206382578077331,-0.31871041963590746,0.42130418933250824,-1.0,-0.1316982852469537,-1.0,3.2658355966842416
-0.2629399729119206,1.0,1.0,1.0,1.0,0.6821425753560494,-6.7753381288076575
-1.0,-1.0,-0.6222830769853762,-0.7062145191534375,-0.09706305311583052,-0.1024464958602262,-2.0599945957604433
-0.9302015566290842,-0.1926388175903595,-1.0,-0.6394837289681337,0.438395873471628,0.2892499076299635,-0.5771918560773953
-1.0,-0.4538791273377606,-0.5386224453337698,-1.0,0.6811519163745084,-0.0348509591149464,0.8357790344455225
-1.0,0.22443728847567468,-0.7981084272217274,-1.0,-1.0,-0.029649436189662468,-1.6305427924597178
0.9277851324920554,0.5289297529765276,1.0,1.0,0.027332601065946593,0.6365312883168606,-3.0759173102734896
-0.22969573294488854,-0.9731012105825616,-1.0,-0.2675851484045837,0.8429001820669622,1.0,3.546462060942922
1.0,1.0,1.0,0.6886003467620829,-0.019604692777710375,0.7695047150045551,-3.467357116214214
-0.3597107739305443,-0.5636170321066944,-1.0,0.25054714234258,-1.0,-1.0,1.6152114195570972
0.936026952880848,0.3339421366598124,0.1618520565324162,-0.6080872954471226,0.8876012404980147,1.0,1.4973281029787444
-0.39561493440388584,-0.06941424779450711,-1.0,0.1953210460125025,-0.6138480287991541,0.8992154794306804,5.546579941253466
0.35490622145672623,-0.10887335899717288,-1.0,-0.14683080121254366,-0.6465965594537579,-1.0,2.4683588083976358
0.8839019537861605,-0.41691493906398835,-0.8669751030636852,-0.5269968097986817,-0.605752488727828,0.6752033762682521,3.1684836389240334
0.5240747416538956,1.0,-0.5822298323586981,-0.890773212978895,-0.29702447908562357,-1.0,1.4060080561635124
1.0,0.16289482380081188,0.1814955601940595,1.0,0.26727411589884587,0.07688446935749865,-0.5996881234641667
0.7221541856184936,0.24210523846211535,-0.35492170753082153,0.6073869606447653,0.07944761671848233,0.017165177429427136,-0.4519351115758836
-0.6919750198402365,-1.0,-0.3785258429291847,-1.0,-0.5841943779380546,0.33578628782152775,-0.7514750293027573
0.11147259234883244,0.7215956493850539,1.0,0.9804013528446283,0.3437785710349368,1.0,-3.4362908748067307
1.0,0.8333559706576208,0.823817301467263,0.12263980386865359,-0.9599895609496358,0.6712364121116839,1.712738642375459
-0.2698670289768429,-0.2014210143372438,-0.407804151461772,1.0,0.3856455626183202,-0.42608645178566595,0.8668665836066458
0.9297943395270692,1.0,0.921291387727274,1.0,0.558347608042912,-0.5918240575389729,-3.0617270181859486
-0.4392270934328031,-0.5861028023173811,-1.0,-1.0,-0.22124407383249434,-1.0,4.383776207363627
0.8081218436597535,1.0,0.14817541232850295,1.0,-1.0,-0.3861493216169447,5.9367648628671255
