variant,method,degree,alpha,seed,fold,mse,boundary_mse,dual_gap
1,ridge,3,0.01,4197,0,1.015246095925165,1.0528668518280802,0.0
1,ridge,3,0.0177827941003892,4197,0,1.0152334548410946,1.0528548746401944,0.0
1,ridge,3,0.0316227766016837,4197,0,1.0152112194124994,1.052833824755227,0.0
1,ridge,3,0.0562341325190349,4197,0,1.015172445566625,1.0527971747257434,0.0
1,ridge,3,0.1,4197,0,1.0151058952367924,1.0527344500573643,0.0
1,ridge,3,0.1778279410038923,4197,0,1.0149950032878536,1.0526305138483592,0.0
1,ridge,3,0.3162277660168379,4197,0,1.0148206267795887,1.0524689780435383,0.0
1,ridge,3,0.5623413251903491,4197,0,1.0145787302268818,1.0522513466695025,0.0
1,ridge,3,1.0,4197,0,1.014344040856486,1.0520640236219465,0.0
1,ridge,3,1.7782794100389228,4197,0,1.014449419914652,1.0522654747106577,0.0
1,ridge,3,3.1622776601683795,4197,0,1.0158878940893892,1.053905689754216,0.0
1,ridge,3,5.623413251903491,4197,0,1.020980906870046,1.0594300218347017,0.0
1,ridge,3,10.0,4197,0,1.034119803581668,1.07348389278226,0.0
1,ridge,3,17.78279410038923,4197,0,1.062424963334456,1.103665598806376,0.0
1,ridge,3,31.622776601683796,4197,0,1.1171457364277022,1.1620381727717093,0.0
1,ridge,3,56.23413251903491,4197,0,1.2173111563459793,1.268895589859109,0.0
1,ridge,3,100.0,4197,0,1.3951088410743218,1.4582715294059565,0.0
1,ridge,3,177.82794100389228,4197,0,1.6978389685867792,1.7800133975652994,0.0
1,ridge,3,316.227766016838,4197,0,2.1774408193464847,2.289123344186652,0.0
1,ridge,3,562.341325190349,4197,0,2.8634644283175623,3.017688967136483,0.0
1,ridge,3,1000.0,4197,0,3.73510357549909,3.945187574106812,0.0
1,ridge,3,0.01,4197,1,1.0644423884395051,1.117887105042791,0.0
1,ridge,3,0.0177827941003892,4197,1,1.0644397920096371,1.1178790274727992,0.0
1,ridge,3,0.0316227766016837,4197,1,1.0644352331730007,1.1178647258160692,0.0
1,ridge,3,0.0562341325190349,4197,1,1.0644273102255242,1.117839490653716,0.0
1,ridge,3,0.1,4197,1,1.0644137995872731,1.1177952360866266,0.0
1,ridge,3,0.1778279410038923,4197,1,1.064391586389902,1.1177184853220437,0.0
1,ridge,3,0.3162277660168379,4197,1,1.0643577226601368,1.1175880658011204,0.0
1,ridge,3,0.5623413251903491,4197,1,1.0643148233964428,1.1173748360317106,0.0
1,ridge,3,1.0,4197,1,1.0642906495876192,1.1170522036991584,0.0
1,ridge,3,1.7782794100389228,4197,1,1.06439922461554,1.116644397283954,0.0
1,ridge,3,3.1622776601683795,4197,1,1.0650106808121391,1.1163833981591635,0.0
1,ridge,3,5.623413251903491,4197,1,1.0671711779785158,1.117131672294034,0.0
1,ridge,3,10.0,4197,1,1.0735230523160206,1.1213555360330287,0.0
1,ridge,3,17.78279410038923,4197,1,1.0900916522021884,1.1350453697185952,0.0
1,ridge,3,31.622776601683796,4197,1,1.129212225333669,1.1708061124193323,0.0
1,ridge,3,56.23413251903491,4197,1,1.2127502928286644,1.251106393833471,0.0
1,ridge,3,100.0,4197,1,1.3723968008252567,1.4083524951014978,0.0
1,ridge,3,177.82794100389228,4197,1,1.6438656476421958,1.6789599277106872,0.0
1,ridge,3,316.227766016838,4197,1,2.056407928094754,2.093759704568331,0.0
1,ridge,3,562.341325190349,4197,1,2.6214521516341973,2.6685896018968647,0.0
1,ridge,3,1000.0,4197,1,3.3269470729938697,3.3989856779313463,0.0
1,ridge,3,0.01,4197,2,0.9894403977390664,0.9695189436608636,0.0
1,ridge,3,0.0177827941003892,4197,2,0.9893577478637812,0.969452322507005,0.0
1,ridge,3,0.0316227766016837,4197,2,0.989211037718111,0.9693340675818484,0.0
1,ridge,3,0.0562341325190349,4197,2,0.9889509791729558,0.9691244581224928,0.0
1,ridge,3,0.1,4197,2,0.9884911395632188,0.9687538528159622,0.0
1,ridge,3,0.1778279410038923,4197,2,0.9876815964607296,0.9681014984865658,0.0
1,ridge,3,0.3162277660168379,4197,2,0.9862673445339134,0.9669621424942482,0.0
1,ridge,3,0.5623413251903491,4197,2,0.9838297156954516,0.9649992413285304,0.0
1,ridge,3,1.0,4197,2,0.9797246413207428,0.9616964994779548,0.0
1,ridge,3,1.7782794100389228,4197,2,0.9730783155679292,0.9563584141263692,0.0
1,ridge,3,3.1622776601683795,4197,2,0.9629977472349294,0.9482935144437254,0.0
1,ridge,3,5.623413251903491,4197,2,0.9492717174979404,0.9374303230624652,0.0
1,ridge,3,10.0,4197,2,0.9338809925444858,0.9257317282002636,0.0
1,ridge,3,17.78279410038923,4197,2,0.923724386820601,0.9200351173533982,0.0
1,ridge,3,31.622776601683796,4197,2,0.9353099667841918,0.9373066377781736,0.0
1,ridge,3,56.23413251903491,4197,2,1.000894623340694,1.0115373249443311,0.0
1,ridge,3,100.0,4197,2,1.1708300708748076,1.1961891674276477,0.0
1,ridge,3,177.82794100389228,4197,2,1.5059592372674564,1.5554923309901532,0.0
1,ridge,3,316.227766016838,4197,2,2.0612783881915817,2.1468362957795413,0.0
1,ridge,3,562.341325190349,4197,2,2.8621514003378845,2.9971890518333675,0.0
1,ridge,3,1000.0,4197,2,3.876689760308909,4.075662433412132,0.0
1,ridge,3,0.01,4197,3,0.9676360525337552,1.0399721558941009,0.0
1,ridge,3,0.0177827941003892,4197,3,0.967582901200132,1.0399154282127236,0.0
1,ridge,3,0.0316227766016837,4197,3,0.9674885630654948,1.0398147451522577,0.0
1,ridge,3,0.0562341325190349,4197,3,0.9673213695672772,1.0396363154129815,0.0
1,ridge,3,0.1,4197,3,0.9670258290959932,1.0393209414850937,0.0
1,ridge,3,0.1778279410038923,4197,3,0.96650581665615,1.0387661250119509,0.0
1,ridge,3,0.3162277660168379,4197,3,0.965598197971902,1.0377980768557429,0.0
1,ridge,3,0.5623413251903491,4197,3,0.9640361030309904,1.0361330875085664,0.0
1,ridge,3,1.0,4197,3,0.9614111999638632,1.0333393223255776,0.0
1,ridge,3,1.7782794100389228,4197,3,0.9571737603854792,1.0288443484784875,0.0
1,ridge,3,3.1622776601683795,4197,3,0.9507720150208584,1.0221092494932609,0.0
1,ridge,3,5.623413251903491,4197,3,0.942141845830449,1.013224830002763,0.0
1,ridge,3,10.0,4197,3,0.9329925336491056,1.0044398599957909,0.0
1,ridge,3,17.78279410038923,4197,3,0.929885446816639,1.0036232995833991,0.0
1,ridge,3,31.622776601683796,4197,3,0.9503046612402504,1.030673872504584,0.0
1,ridge,3,56.23413251903491,4197,3,1.0299151245287168,1.1247529634522226,0.0
1,ridge,3,100.0,4197,3,1.223199094000396,1.3444104412581828,0.0
1,ridge,3,177.82794100389228,4197,3,1.591479834763336,1.7549869243212863,0.0
1,ridge,3,316.227766016838,4197,3,2.185284100536355,2.410890880642754,0.0
1,ridge,3,562.341325190349,4197,3,3.0279129496386026,3.339434965116199,0.0
1,ridge,3,1000.0,4197,3,4.099438423822077,4.524321149941463,0.0
1,ridge,3,0.01,4197,4,0.9706148266347552,1.055306898384965,0.0
1,ridge,3,0.0177827941003892,4197,4,0.9705790692583848,1.055271022427712,0.0
1,ridge,3,0.0316227766016837,4197,4,0.9705156446038934,1.0552073953095569,0.0
1,ridge,3,0.0562341325190349,4197,4,0.9704033678742572,1.0550947850832535,0.0
1,ridge,3,0.1,4197,4,0.9702053095697284,1.0548962174161909,0.0
1,ridge,3,0.1778279410038923,4197,4,0.9698581045428448,1.0545483698940408,0.0
1,ridge,3,0.3162277660168379,4197,4,0.9692561254545348,1.0539460732867294,0.0
1,ridge,3,0.5623413251903491,4197,4,0.9682325778770664,1.0529245274003525,0.0
1,ridge,3,1.0,4197,4,0.9665509486786596,1.051254335328604,0.0
1,ridge,3,1.7782794100389228,4197,4,0.963950172057088,1.0486974995920462,0.0
1,ridge,3,3.1622776601683795,4197,4,0.9603422942702208,1.0452354614934762,0.0
1,ridge,3,5.623413251903491,4197,4,0.9563164626786642,1.0416490563092031,0.0
1,ridge,3,10.0,4197,4,0.9541221944491068,1.0406607008807311,0.0
1,ridge,3,17.78279410038923,4197,4,0.9595139268670329,1.0490369024577006,0.0
1,ridge,3,31.622776601683796,4197,4,0.9855686931198148,1.0817125075304534,0.0
1,ridge,3,56.23413251903491,4197,4,1.0592443127128053,1.1686063356978906,0.0
1,ridge,3,100.0,4197,4,1.2271019726095704,1.3604439309114074,0.0
1,ridge,3,177.82794100389228,4197,4,1.551354892090416,1.724591503889471,0.0
1,ridge,3,316.227766016838,4197,4,2.0909434477322804,2.3254708388104053,0.0
1,ridge,3,562.341325190349,4197,4,2.876373017370229,3.1983443635679345,0.0
1,ridge,3,1000.0,4197,4,3.8949232318374976,4.333091818806674,0.0
1,ridge,3,0.01,4207,0,1.017742170791755,1.0872764513682602,0.0
1,ridge,3,0.0177827941003892,4207,0,1.017731360526848,1.0872616614449235,0.0
1,ridge,3,0.0316227766016837,4207,0,1.0177122180160818,1.0872354590405342,0.0
1,ridge,3,0.0562341325190349,4207,0,1.017678433121223,1.0871891734610626,0.0
1,ridge,3,0.1,4207,0,1.017619158622736,1.0871078385261264,0.0
1,ridge,3,0.1778279410038923,4207,0,1.017516270799421,1.0869662519699366,0.0
1,ridge,3,0.3162277660168379,4207,0,1.0173411343772911,1.086723952830883,0.0
1,ridge,3,0.5623413251903491,4207,0,1.0170536993774184,1.0863221823309874,0.0
1,ridge,3,1.0,4207,0,1.0166145953634034,1.0856951680243252,0.0
1,ridge,3,1.7782794100389228,4207,0,1.0160423786189463,1.0848338492850722,0.0
1,ridge,3,3.1622776601683795,4207,0,1.015597680811087,1.083999715573734,0.0
1,ridge,3,5.623413251903491,4207,0,1.0162714213903798,1.0842971628851927,0.0
1,ridge,3,10.0,4207,0,1.020925725874338,1.0889885149542509,0.0
1,ridge,3,17.78279410038923,4207,0,1.036760937840043,1.1062199703623086,0.0
1,ridge,3,31.622776601683796,4207,0,1.0799847705173786,1.1539511807588108,0.0
1,ridge,3,56.23413251903491,4207,0,1.1815665734874303,1.2658138810776782,0.0
1,ridge,3,100.0,4207,0,1.386775995038017,1.4902731026292315,0.0
1,ridge,3,177.82794100389228,4207,0,1.7393340882612602,1.873567188599771,0.0
1,ridge,3,316.227766016838,4207,0,2.257652111997203,2.434580290862111,0.0
1,ridge,3,562.341325190349,4207,0,2.926583071467721,3.1568644652209654,0.0
1,ridge,3,1000.0,4207,0,3.710706703076691,4.003953956157858,0.0
1,ridge,3,0.01,4207,1,0.9553349719069016,0.9964840627658162,0.0
1,ridge,3,0.0177827941003892,4207,1,0.9552997939733204,0.9964509612463504,0.0
1,ridge,3,0.0316227766016837,4207,1,0.9552373949743634,0.9963922523482952,0.0
1,ridge,3,0.0562341325190349,4207,1,0.955126927413645,0.9962883395096876,0.0
1,ridge,3,0.1,4207,1,0.9549320414255515,0.9961050871074856,0.0
1,ridge,3,0.1778279410038923,4207,1,0.9545903450743748,0.995784010366766,0.0
1,ridge,3,0.3162277660168379,4207,1,0.953997793563812,0.995227927605888,0.0
1,ridge,3,0.5623413251903491,4207,1,0.952990115124532,0.9942845603818606,0.0
1,ridge,3,1.0,4207,1,0.95133523202937,0.9927427643124416,0.0
1,ridge,3,1.7782794100389228,4207,1,0.9487836782931526,0.9903902019468924,0.0
1,ridge,3,3.1622776601683795,4207,1,0.945294071733765,0.9872549889192056,0.0
1,ridge,3,5.623413251903491,4207,1,0.9416550547718012,0.9842673327565744,0.0
1,ridge,3,10.0,4207,1,0.9408434880817136,0.9847040645363262,0.0
1,ridge,3,17.78279410038923,4207,1,0.9506933021202408,0.9969893063368728,0.0
1,ridge,3,31.622776601683796,4207,1,0.9887515920888654,1.039659813886927,0.0
1,ridge,3,56.23413251903491,4207,1,1.0888359926920483,1.1479383756971722,0.0
1,ridge,3,100.0,4207,1,1.304112900114413,1.3768612181129605,0.0
1,ridge,3,177.82794100389228,4207,1,1.698092829053105,1.792890718100539,0.0
1,ridge,3,316.227766016838,4207,1,2.3194462843106027,2.4502717084710914,0.0
1,ridge,3,562.341325190349,4207,1,3.1708076962571683,3.3605374697092465,0.0
1,ridge,3,1000.0,4207,1,4.198125986980372,4.478479175923244,0.0
1,ridge,3,0.01,4207,2,1.0243139202143867,1.0832596258480751,0.0
1,ridge,3,0.0177827941003892,4207,2,1.0243076526506991,1.083254792223237,0.0
1,ridge,3,0.0316227766016837,4207,2,1.024296633389249,1.083246329978843,0.0
1,ridge,3,0.0562341325190349,4207,2,1.024277435663305,1.083231701602141,0.0
1,ridge,3,0.1,4207,2,1.0242445454964568,1.0832070067963149,0.0
1,ridge,3,0.1778279410038923,4207,2,1.0241899590458687,1.0831672112999549,0.0
1,ridge,3,0.3162277660168379,4207,2,1.024104966782956,1.083109190331653,0.0
1,ridge,3,0.5623413251903491,4207,2,1.0239906258812188,1.0830448286546153,0.0
1,ridge,3,1.0,4207,2,1.0238964385712463,1.0830453876206203,0.0
1,ridge,3,1.7782794100389228,4207,2,1.0240387106579576,1.0833722348449313,0.0
1,ridge,3,3.1622776601683795,4207,2,1.0251130930549146,1.0848148561081852,0.0
1,ridge,3,5.623413251903491,4207,2,1.0290019491009683,1.0894441125607988,0.0
1,ridge,3,10.0,4207,2,1.0401357808684035,1.102041286610186,0.0
1,ridge,3,17.78279410038923,4207,2,1.0677295684539778,1.132416884666516,0.0
1,ridge,3,31.622776601683796,4207,2,1.1287087505558024,1.1984183794387036,0.0
1,ridge,3,56.23413251903491,4207,2,1.2496264874830358,1.327836889160079,0.0
1,ridge,3,100.0,4207,2,1.46426277597792,1.5557149291869898,0.0
1,ridge,3,177.82794100389228,4207,2,1.8065864556022249,1.9167704198023496,0.0
1,ridge,3,316.227766016838,4207,2,2.303633974020295,2.4379066008341024,0.0
1,ridge,3,562.341325190349,4207,2,2.966179769182597,3.1290645795249232,0.0
1,ridge,3,1000.0,4207,2,3.773775090728928,3.969189634485886,0.0
1,ridge,3,0.01,4207,3,1.0603511246290471,1.0839960273647258,0.0
1,ridge,3,0.0177827941003892,4207,3,1.0603320658346915,1.0839807112106223,0.0
1,ridge,3,0.0316227766016837,4207,3,1.060298301746811,1.0839535854675777,0.0
1,ridge,3,0.0562341325190349,4207,3,1.0602386622999351,1.0839056970319942,0.0
1,ridge,3,0.1,4207,3,1.0601338711434674,1.0838216339482851,0.0
1,ridge,3,0.1778279410038923,4207,3,1.059951474645611,1.0836755742303772,0.0
1,ridge,3,0.3162277660168379,4207,3,1.059639359976017,1.083426472155994,0.0
1,ridge,3,0.5623413251903491,4207,3,1.0591216382660913,1.0830160056691398,0.0
1,ridge,3,1.0,4207,3,1.0583116850856602,1.0823830298469383,0.0
1,ridge,3,1.7782794100389228,4207,3,1.0571854497097597,1.0815349597992376,0.0
1,ridge,3,3.1622776601683795,4207,3,1.0560127044791738,1.0807718974539733,0.0
1,ridge,3,5.623413251903491,4207,3,1.0559044819730317,1.0812382751130007,0.0
1,ridge,3,10.0,4207,3,1.0598392361530935,1.0860417702835166,0.0
1,ridge,3,17.78279410038923,4207,3,1.0743679300622866,1.1022769525112597,0.0
1,ridge,3,31.622776601683796,4207,3,1.1126330895014405,1.144588534659228,0.0
1,ridge,3,56.23413251903491,4207,3,1.1995342906542843,1.2407586810646274,0.0
1,ridge,3,100.0,4207,3,1.3779084016341074,1.4377757634776869,0.0
1,ridge,3,177.82794100389228,4207,3,1.711557076561493,1.804196031478416,0.0
1,ridge,3,316.227766016838,4207,3,2.2788385638929665,2.422976093895312,0.0
1,ridge,3,562.341325190349,4207,3,3.146772016631977,3.36515784743544,0.0
1,ridge,3,1000.0,4207,3,4.324420018453844,4.6421278500632495,0.0
1,ridge,3,0.01,4207,4,1.1170206889543048,1.1692475967531957,0.0
1,ridge,3,0.0177827941003892,4207,4,1.1169628532965787,1.1691925750774117,0.0
1,ridge,3,0.0316227766016837,4207,4,1.1168601337187414,1.1690948468683406,0.0
1,ridge,3,0.0562341325190349,4207,4,1.1166778739507537,1.168921423305927,0.0
1,ridge,3,0.1,4207,4,1.116355034690999,1.1686141726676509,0.0
1,ridge,3,0.1778279410038923,4207,4,1.1157849005326783,1.168071372927691,0.0
1,ridge,3,0.3162277660168379,4207,4,1.1147833038831774,1.16711720353852,0.0
1,ridge,3,0.5623413251903491,4207,4,1.1130394917966204,1.165454215030086,0.0
1,ridge,3,1.0,4207,4,1.1100489516662917,1.1625974015822784,0.0
1,ridge,3,1.7782794100389228,4207,4,1.1050439576886526,1.1578038788729972,0.0
1,ridge,3,3.1622776601683795,4207,4,1.0969761491198526,1.1500511680684204,0.0
1,ridge,3,5.623413251903491,4207,4,1.0846741645669322,1.138195146154983,0.0
1,ridge,3,10.0,4207,4,1.0674590072922014,1.121622008571206,0.0
1,ridge,3,17.78279410038923,4207,4,1.0470047013203634,1.1022210660721374,0.0
1,ridge,3,31.622776601683796,4207,4,1.032015553392493,1.0892463649137265,0.0
1,ridge,3,56.23413251903491,4207,4,1.0463067306311298,1.1076740631257456,0.0
1,ridge,3,100.0,4207,4,1.135840739508882,1.2057785471211178,0.0
1,ridge,3,177.82794100389228,4207,4,1.3653629271979584,1.4526050966145136,0.0
1,ridge,3,316.227766016838,4207,4,1.7990172787219998,1.9189357796651856,0.0
1,ridge,3,562.341325190349,4207,4,2.471496428853985,2.6468566455129943,0.0
1,ridge,3,1000.0,4207,4,3.368194392978353,3.6262822648068593,0.0
1,ridge,3,0.01,4217,0,0.9597160284499106,0.9954905176792476,0.0
1,ridge,3,0.0177827941003892,4217,0,0.959716206075324,0.9954920121961578,0.0
1,ridge,3,0.0316227766016837,4217,0,0.9597165728645816,0.9954947207387336,0.0
1,ridge,3,0.0562341325190349,4217,0,0.9597173854538836,0.995499697472757,0.0
1,ridge,3,0.1,4217,0,0.95971933363111,0.9955090502203512,0.0
1,ridge,3,0.1778279410038923,4217,0,0.95972436785142,0.9955272505661964,0.0
1,ridge,3,0.3162277660168379,4217,0,0.9597381678756726,0.9955644603908934,0.0
1,ridge,3,0.5623413251903491,4217,0,0.959777417229002,0.995645333243586,0.0
1,ridge,3,1.0,4217,0,0.9598905441104796,0.9958324886268024,0.0
1,ridge,3,1.7782794100389228,4217,0,0.960213475089438,0.9962872663472108,0.0
1,ridge,3,3.1622776601683795,4217,0,0.9611072160994196,0.9974170739954398,0.0
1,ridge,3,5.623413251903491,4217,0,0.9634694628815156,1.0002087277242824,0.0
1,ridge,3,10.0,4217,0,0.9694378724795852,1.0069859091774005,0.0
1,ridge,3,17.78279410038923,4217,0,0.9841355610374034,1.0232821734800406,0.0
1,ridge,3,31.622776601683796,4217,0,1.0197687703031548,1.0621687849192332,0.0
1,ridge,3,56.23413251903491,4217,0,1.1021089911845023,1.1509948979663611,0.0
1,ridge,3,100.0,4217,0,1.2738488322783657,1.3347931927925951,0.0
1,ridge,3,177.82794100389228,4217,0,1.5870230133110406,1.6683352967878522,0.0
1,ridge,3,316.227766016838,4217,0,2.0885393101311114,2.20112854077187,0.0
1,ridge,3,562.341325190349,4217,0,2.8093578038466704,2.9662491742343384,0.0
1,ridge,3,1000.0,4217,0,3.753689013998132,3.968987724938709,0.0
1,ridge,3,0.01,4217,1,1.0471508798152136,1.1268138593930577,0.0
1,ridge,3,0.0177827941003892,4217,1,1.047141464709252,1.1268071221502771,0.0
1,ridge,3,0.0316227766016837,4217,1,1.0471247917742978,1.1267952137976265,0.0
1,ridge,3,0.0562341325190349,4217,1,1.0470953623823052,1.12677426531561,0.0
1,ridge,3,0.1,4217,1,1.0470437189368835,1.1267377287986673,0.0
1,ridge,3,0.1778279410038923,4217,1,1.046954039460985,1.1266749927752646,0.0
1,ridge,3,0.3162277660168379,4217,1,1.046801245289014,1.1265703534042983,0.0
1,ridge,3,0.5623413251903491,4217,1,1.0465499174845967,1.1264053781737675,0.0
1,ridge,3,1.0,4217,1,1.0461636477670335,1.1261747125525403,0.0
1,ridge,3,1.7782794100389228,4217,1,1.0456505030325989,1.1259436208403335,0.0
1,ridge,3,3.1622776601683795,4217,1,1.0452100191673848,1.1260167210704757,0.0
1,ridge,3,5.623413251903491,4217,1,1.0456339722961447,1.1273740246874329,0.0
1,ridge,3,10.0,4217,1,1.049317934296535,1.1327305503954066,0.0
1,ridge,3,17.78279410038923,4217,1,1.062654866030582,1.1489848460789531,0.0
1,ridge,3,31.622776601683796,4217,1,1.1006596011477965,1.1918966101274096,0.0
1,ridge,3,56.23413251903491,4217,1,1.1922810001249255,1.291417603127653,0.0
1,ridge,3,100.0,4217,1,1.379636732681259,1.4909123219725722,0.0
1,ridge,3,177.82794100389228,4217,1,1.7045390901712163,1.833863787375349,0.0
1,ridge,3,316.227766016838,4217,1,2.1879329150777225,2.3437309197379483,0.0
1,ridge,3,562.341325190349,4217,1,2.81648531826901,3.0103080511595928,0.0
1,ridge,3,1000.0,4217,1,3.54394453586938,3.789637806982798,0.0
1,ridge,3,0.01,4217,2,1.02954702902561,1.0808764398753696,0.0
1,ridge,3,0.0177827941003892,4217,2,1.029470474526477,1.080797255149183,0.0
1,ridge,3,0.0316227766016837,4217,2,1.0293346092182911,1.0806566893057534,0.0
1,ridge,3,0.0562341325190349,4217,2,1.029093852776149,1.0804075011568484,0.0
1,ridge,3,0.1,4217,2,1.0286683878978349,1.079966815904988,0.0
1,ridge,3,0.1778279410038923,4217,2,1.0279201128346356,1.079190780184678,0.0
1,ridge,3,0.3162277660168379,4217,2,1.026615156890655,1.0778343780966158,0.0
1,ridge,3,0.5623413251903491,4217,2,1.0243724706186528,1.0754942429939482,0.0
1,ridge,3,1.0,4217,2,1.0206135150881497,1.0715462221982557,0.0
1,ridge,3,1.7782794100389228,4217,2,1.01457110246975,1.0651319614299646,0.0
1,ridge,3,3.1622776601683795,4217,2,1.0054964412852363,1.0553405906779985,0.0
1,ridge,3,5.623413251903491,4217,2,0.9932913182789463,1.0418680498484532,0.0
1,ridge,3,10.0,4217,2,0.9798597661162696,1.0265934860020416,0.0
1,ridge,3,17.78279410038923,4217,2,0.9717611742675056,1.0167781192387912,0.0
1,ridge,3,31.622776601683796,4217,2,0.9852262793582888,1.0307232119637373,0.0
1,ridge,3,56.23413251903491,4217,2,1.05305010815275,1.1047426926024415,0.0
1,ridge,3,100.0,4217,2,1.2278680190396511,1.2953866451537903,0.0
1,ridge,3,177.82794100389228,4217,2,1.573990586848974,1.6698862546559483,0.0
1,ridge,3,316.227766016838,4217,2,2.1462195363287195,2.286118557509739,0.0
1,ridge,3,562.341325190349,4217,2,2.9653668331919145,3.1723369646926534,0.0
1,ridge,3,1000.0,4217,2,4.009513069482037,4.318970975642511,0.0
1,ridge,3,0.01,4217,3,1.174327807448318,1.1882571580631012,0.0
1,ridge,3,0.0177827941003892,4217,3,1.1742894412318985,1.1882307137434829,0.0
1,ridge,3,0.0316227766016837,4217,3,1.1742213992989794,1.1881838460315743,0.0
1,ridge,3,0.0562341325190349,4217,3,1.1741009811223937,1.18810099883408,0.0
1,ridge,3,0.1,4217,3,1.1738886638077448,1.1879552332782424,0.0
1,ridge,3,0.1778279410038923,4217,3,1.173516790715729,1.1877008946263836,0.0
1,ridge,3,0.3162277660168379,4217,3,1.1728731031542876,1.1872636931754363,0.0
1,ridge,3,0.5623413251903491,4217,3,1.1717821050485375,1.186532169639954,0.0
1,ridge,3,1.0,4217,3,1.1700011766641445,1.1853674733918174,0.0
1,ridge,3,1.7782794100389228,4217,3,1.1672857319747505,1.1836820356672408,0.0
1,ridge,3,3.1622776601683795,4217,3,1.1636511045267506,1.1817031887398957,0.0
1,ridge,3,5.623413251903491,4217,3,1.1600412791136143,1.180614758080856,0.0
1,ridge,3,10.0,4217,3,1.1596155149619476,1.1837956839465973,0.0
1,ridge,3,17.78279410038923,4217,3,1.1698556493062855,1.1989450118943945,0.0
1,ridge,3,31.622776601683796,4217,3,1.2060886225419118,1.241819469665886,0.0
1,ridge,3,56.23413251903491,4217,3,1.2970907832267364,1.3422585972103835,0.0
1,ridge,3,100.0,4217,3,1.4907128426383405,1.5502457404669925,0.0
1,ridge,3,177.82794100389228,4217,3,1.852804348480616,1.9348432031206169,0.0
1,ridge,3,316.227766016838,4217,3,2.450749566525886,2.566642626499048,0.0
1,ridge,3,562.341325190349,4217,3,3.318387796296556,3.4808971049369366,0.0
1,ridge,3,1000.0,4217,3,4.419806210136157,4.640829993276279,0.0
1,ridge,3,0.01,4217,4,0.8424032687448205,0.9020494348382636,0.0
1,ridge,3,0.0177827941003892,4217,4,0.842393658010165,0.9020360327359476,0.0
1,ridge,3,0.0316227766016837,4217,4,0.8423766661719723,0.9020122993565354,0.0
1,ridge,3,0.0562341325190349,4217,4,0.8423467608356725,0.9019704076193852,0.0
1,ridge,3,0.1,4217,4,0.8422945565734434,0.9018968951153667,0.0
1,ridge,3,0.1778279410038923,4217,4,0.842204767727118,0.9017692404755838,0.0
1,ridge,3,0.3162277660168379,4217,4,0.8420545041450843,0.9015517470763438,0.0
1,ridge,3,0.5623413251903491,4217,4,0.8418158467525559,0.9011939935621956,0.0
1,ridge,3,1.0,4217,4,0.8414756022762623,0.9006440107675554,0.0
1,ridge,3,1.7782794100389228,4217,4,0.8411069526713899,0.8999115613783991,0.0
1,ridge,3,3.1622776601683795,4217,4,0.8410686604424074,0.8992654437885851,0.0
1,ridge,3,5.623413251903491,4217,4,0.8424602830621867,0.8997261108275363,0.0
1,ridge,3,10.0,4217,4,0.8480273527031347,0.9041254026199196,0.0
1,ridge,3,17.78279410038923,4217,4,0.8639206007939377,0.9192259677856284,0.0
1,ridge,3,31.622776601683796,4217,4,0.9030646738123764,0.9596163863151526,0.0
1,ridge,3,56.23413251903491,4217,4,0.9900061726001322,1.0529855634652474,0.0
1,ridge,3,100.0,4217,4,1.1635635098477772,1.2426690775262774,0.0
1,ridge,3,177.82794100389228,4217,4,1.471588431303434,1.58140296499413,0.0
1,ridge,3,316.227766016838,4217,4,1.957390100951071,2.116151267066207,0.0
1,ridge,3,562.341325190349,4217,4,2.6441003383698947,2.871632523355049,0.0
1,ridge,3,1000.0,4217,4,3.5242642729395754,3.840625798274724,0.0
1,ridge,4,0.01,4197,0,1.032716195200056,1.085733878632014,0.0
1,ridge,4,0.0177827941003892,4197,0,1.0320604976070256,1.0850293006294476,0.0
1,ridge,4,0.0316227766016837,4197,0,1.0309031883230335,1.08378553171377,0.0
1,ridge,4,0.0562341325190349,4197,0,1.0288722025186936,1.08160224074471,0.0
1,ridge,4,0.1,4197,0,1.0253433578123246,1.077807006278276,0.0
1,ridge,4,0.1778279410038923,4197,0,1.0193158279712211,1.0713192192803456,0.0
1,ridge,4,0.3162277660168379,4197,0,1.0093090107011071,1.06053331264352,0.0
1,ridge,4,0.5623413251903491,4197,0,0.9934283784504044,1.0433763970381136,0.0
1,ridge,4,1.0,4197,0,0.9698359411146276,1.017792714562805,0.0
1,ridge,4,1.7782794100389228,4197,0,0.9376642980634208,0.9827120203246696,0.0
1,ridge,4,3.1622776601683795,4197,0,0.8978713334215257,0.9389992188392486,0.0
1,ridge,4,5.623413251903491,4197,0,0.8539860912034263,0.8903426587462577,0.0
1,ridge,4,10.0,4197,0,0.8141795762937122,0.845549854882418,0.0
1,ridge,4,17.78279410038923,4197,0,0.7931938019222101,0.8206273470372334,0.0
1,ridge,4,31.622776601683796,4197,0,0.8087408203243843,0.8348986045945994,0.0
1,ridge,4,56.23413251903491,4197,0,0.8736386542332368,0.902455458019563,0.0
1,ridge,4,100.0,4197,0,0.9923306491770132,1.0281301063824024,0.0
1,ridge,4,177.82794100389228,4197,0,1.1678765052903786,1.214788693833611,0.0
1,ridge,4,316.227766016838,4197,0,1.4166619149921928,1.4793245194330291,0.0
1,ridge,4,562.341325190349,4197,0,1.7797279799633323,1.865132048290412,0.0
1,ridge,4,1000.0,4197,0,2.316881768042059,2.43580091434054,0.0
1,ridge,4,0.01,4197,1,0.73360814492139,0.7488356045709049,0.0
1,ridge,4,0.0177827941003892,4197,1,0.7333328935474378,0.7485761841108982,0.0
1,ridge,4,0.0316227766016837,4197,1,0.7328475334180348,0.748118598057481,0.0
1,ridge,4,0.0562341325190349,4197,1,0.7319972179216394,0.7473165005064927,0.0
1,ridge,4,0.1,4197,1,0.7305243795933574,0.7459258220312742,0.0
1,ridge,4,0.1778279410038923,4197,1,0.7280231244201042,0.7435599780125045,0.0
1,ridge,4,0.3162277660168379,4197,1,0.723915992453499,0.7396631195195243,0.0
1,ridge,4,0.5623413251903491,4197,1,0.7175392365140079,0.7335793523024892,0.0
1,ridge,4,1.0,4197,1,0.7084933417650956,0.7248645552629162,0.0
1,ridge,4,1.7782794100389228,4197,1,0.6973730382530028,0.7139671641598859,0.0
1,ridge,4,3.1622776601683795,4197,1,0.6866691042675412,0.7031511446729686,0.0
1,ridge,4,5.623413251903491,4197,1,0.6812944235579299,0.6972355494665184,0.0
1,ridge,4,10.0,4197,1,0.6884502814417734,0.7038267867497352,0.0
1,ridge,4,17.78279410038923,4197,1,0.7171708156045217,0.733063782819,0.0
1,ridge,4,31.622776601683796,4197,1,0.7775897977417403,0.7965598948447956,0.0
1,ridge,4,56.23413251903491,4197,1,0.8786461006880192,0.9042194304740712,0.0
1,ridge,4,100.0,4197,1,1.0243951573614598,1.059674579431794,0.0
1,ridge,4,177.82794100389228,4197,1,1.2135085697509111,1.2597436061103628,0.0
1,ridge,4,316.227766016838,4197,1,1.4466716339431585,1.5028356998914107,0.0
1,ridge,4,562.341325190349,4197,1,1.7403641869177566,1.804552669472816,0.0
1,ridge,4,1000.0,4197,1,2.1355192965141825,2.2082487906115382,0.0
1,ridge,4,0.01,4197,2,1.534032627373909,1.636537820256018,0.0
1,ridge,4,0.0177827941003892,4197,2,1.5325460999106475,1.6349325239173085,0.0
1,ridge,4,0.0316227766016837,4197,2,1.5299178922753196,1.6320943872958575,0.0
1,ridge,4,0.0562341325190349,4197,2,1.5252917476899963,1.6270989000345624,0.0
1,ridge,4,0.1,4197,2,1.517211731891274,1.618374299878442,0.0
1,ridge,4,0.1778279410038923,4197,2,1.5032864934285908,1.6033395964989463,0.0
1,ridge,4,0.3162277660168379,4197,2,1.4798216808468545,1.5780088508514991,0.0
1,ridge,4,0.5623413251903491,4197,2,1.4417002597683433,1.5368631630729177,0.0
1,ridge,4,1.0,4197,2,1.383133454006808,1.4736568346657752,0.0
1,ridge,4,1.7782794100389228,4197,2,1.2999597429288354,1.3838686766229484,0.0
1,ridge,4,3.1622776601683795,4197,2,1.1930773990035255,1.2683225480778042,0.0
1,ridge,4,5.623413251903491,4197,2,1.0708441634808883,1.1356754342044495,0.0
1,ridge,4,10.0,4197,2,0.9486403475334508,1.0019940823865858,0.0
1,ridge,4,17.78279410038923,4197,2,0.8458135557148104,0.8877248512472748,0.0
1,ridge,4,31.622776601683796,4197,2,0.7809361030192329,0.8127499482209342,0.0
1,ridge,4,56.23413251903491,4197,2,0.7682544427473484,0.7924426520233115,0.0
1,ridge,4,100.0,4197,2,0.8192754184644674,0.8393403264646533,0.0
1,ridge,4,177.82794100389228,4197,2,0.948937429572333,0.9698451795031096,0.0
1,ridge,4,316.227766016838,4197,2,1.183227683105884,1.2120580880788114,0.0
1,ridge,4,562.341325190349,4197,2,1.5647760760822793,1.611391953639508,0.0
1,ridge,4,1000.0,4197,2,2.147041557161363,2.224944417402422,0.0
1,ridge,4,0.01,4197,3,1.2608681021157468,1.4145982233410768,0.0
1,ridge,4,0.0177827941003892,4197,3,1.2597645076465231,1.413309974897245,0.0
1,ridge,4,0.0316227766016837,4197,3,1.257815511939928,1.4110346951262174,0.0
1,ridge,4,0.0562341325190349,4197,3,1.2543916427981077,1.4070370806708512,0.0
1,ridge,4,0.1,4197,3,1.2484319613744166,1.4000770324472671,0.0
1,ridge,4,0.1778279410038923,4197,3,1.238221174461428,1.3881472339333325,0.0
1,ridge,4,0.3162277660168379,4197,3,1.2211842795908243,1.3682274603421338,0.0
1,ridge,4,0.5623413251903491,4197,3,1.193943368549219,1.3363369681597133,0.0
1,ridge,4,1.0,4197,3,1.1531029680378189,1.2884255203850798,0.0
1,ridge,4,1.7782794100389228,4197,3,1.097109119905259,1.222512393875776,0.0
1,ridge,4,3.1622776601683795,4197,3,1.0285061473544617,1.1413092867612462,0.0
1,ridge,4,5.623413251903491,4197,3,0.95478247570162,1.0532331993293542,0.0
1,ridge,4,10.0,4197,3,0.8869607297381332,0.9707997960831988,0.0
1,ridge,4,17.78279410038923,4197,3,0.8374054511100535,0.9081212308556188,0.0
1,ridge,4,31.622776601683796,4197,3,0.8187959504741862,0.879837192216975,0.0
1,ridge,4,56.23413251903491,4197,3,0.8450803538926559,0.9022472512807528,0.0
1,ridge,4,100.0,4197,3,0.9327084662993222,0.994407628181085,0.0
1,ridge,4,177.82794100389228,4197,3,1.0995068953148892,1.176536122091165,0.0
1,ridge,4,316.227766016838,4197,3,1.3681701744428847,1.4739322192384356,0.0
1,ridge,4,562.341325190349,4197,3,1.780351235692434,1.932796505077156,0.0
1,ridge,4,1000.0,4197,3,2.3984731051449817,2.6222598457542787,0.0
1,ridge,4,0.01,4197,4,1.0174456606783575,1.0914793955737077,0.0
1,ridge,4,0.0177827941003892,4197,4,1.017103480283348,1.0911572189740757,0.0
1,ridge,4,0.0316227766016837,4197,4,1.0164981227446273,1.090587047645479,0.0
1,ridge,4,0.0562341325190349,4197,4,1.0154314237486948,1.0895817277607776,0.0
1,ridge,4,0.1,4197,4,1.0135648693793966,1.0878207110984175,0.0
1,ridge,4,0.1778279410038923,4197,4,1.0103380855091948,1.0847710007800997,0.0
1,ridge,4,0.3162277660168379,4197,4,1.0048744005710275,1.0795927008651978,0.0
1,ridge,4,0.5623413251903491,4197,4,0.9959374794652606,1.071088004439008,0.0
1,ridge,4,1.0,4197,4,0.9821045501711408,1.0578552686749931,0.0
1,ridge,4,1.7782794100389228,4197,4,0.9623922526642126,1.0388942490542037,0.0
1,ridge,4,3.1622776601683795,4197,4,0.937305473325719,1.0146532690996477,0.0
1,ridge,4,5.623413251903491,4197,4,0.909566431926993,0.987763484859511,0.0
1,ridge,4,10.0,4197,4,0.8838559370109194,0.9628017232471948,0.0
1,ridge,4,17.78279410038923,4197,4,0.8665163554264375,0.9461563484831818,0.0
1,ridge,4,31.622776601683796,4197,4,0.8660493658760687,0.9467543797113628,0.0
1,ridge,4,56.23413251903491,4197,4,0.8931779703408678,0.976111873431248,0.0
1,ridge,4,100.0,4197,4,0.9605156810000008,1.0479504817547844,0.0
1,ridge,4,177.82794100389228,4197,4,1.084819456379034,1.1809448494973436,0.0
1,ridge,4,316.227766016838,4197,4,1.2950604186868977,1.407927562407222,0.0
1,ridge,4,562.341325190349,4197,4,1.642623346865434,1.7872085220448033,0.0
1,ridge,4,1000.0,4197,4,2.195147003870048,2.395848728751329,0.0
1,ridge,4,0.01,4207,0,1.702348817931142,1.840155728442616,0.0
1,ridge,4,0.0177827941003892,4207,0,1.7001555647683697,1.8377150749830964,0.0
1,ridge,4,0.0316227766016837,4207,0,1.6962836528865164,1.833406390713436,0.0
1,ridge,4,0.0562341325190349,4207,0,1.689486430230322,1.8258423507956945,0.0
1,ridge,4,0.1,4207,0,1.6776701428269498,1.8126928781548608,0.0
1,ridge,4,0.1778279410038923,4207,0,1.6574742763210415,1.7902180192017378,0.0
1,ridge,4,0.3162277660168379,4207,0,1.6239361499591438,1.752894603968958,0.0
1,ridge,4,0.5623413251903491,4207,0,1.57081408966982,1.6937766229527205,0.0
1,ridge,4,1.0,4207,0,1.4926558227591546,1.6068014011482874,0.0
1,ridge,4,1.7782794100389228,4207,0,1.3892937430386152,1.4918030002342864,0.0
1,ridge,4,3.1622776601683795,4207,0,1.2704161765231008,1.359601921852453,0.0
1,ridge,4,5.623413251903491,4207,0,1.1544446904699548,1.230709626284425,0.0
1,ridge,4,10.0,4207,0,1.0601445747463505,1.1259330685474978,0.0
1,ridge,4,17.78279410038923,4207,0,0.9986495624799904,1.0575519779002194,0.0
1,ridge,4,31.622776601683796,4207,0,0.9730048063204512,1.0288251733121354,0.0
1,ridge,4,56.23413251903491,4207,0,0.9847279786230716,1.0410508683608506,0.0
1,ridge,4,100.0,4207,0,1.043166855370136,1.1038789191351208,0.0
1,ridge,4,177.82794100389228,4207,0,1.170940332876134,1.2417225532701404,0.0
1,ridge,4,316.227766016838,4207,0,1.3996777589673453,1.489265028602754,0.0
1,ridge,4,562.341325190349,4207,0,1.7598016094568134,1.8797631319634875,0.0
1,ridge,4,1000.0,4207,0,2.2715096992395742,2.4346632242909485,0.0
1,ridge,4,0.01,4207,1,1.0110869501630744,1.1129543152927068,0.0
1,ridge,4,0.0177827941003892,4207,1,1.0103776271121094,1.1121367052388773,0.0
1,ridge,4,0.0316227766016837,4207,1,1.0091288282505408,1.1106969343586293,0.0
1,ridge,4,0.0562341325190349,4207,1,1.0069469945272824,1.1081804296742974,0.0
1,ridge,4,0.1,4207,1,1.003185255540947,1.1038385762386032,0.0
1,ridge,4,0.1778279410038923,4207,1,0.9968446706708048,1.096510928141076,0.0
1,ridge,4,0.3162277660168379,4207,1,0.9865501822696702,1.0845873122746683,0.0
1,ridge,4,0.5623413251903491,4207,1,0.9707955510756598,1.0662676305636716,0.0
1,ridge,4,1.0,4207,1,0.9486934923160708,1.040386996038066,0.0
1,ridge,4,1.7782794100389228,4207,1,0.9211156961391136,1.0076794935439726,0.0
1,ridge,4,3.1622776601683795,4207,1,0.8913815465674231,0.9715272691213944,0.0
1,ridge,4,5.623413251903491,4207,1,0.8646918422111524,0.937291094721134,0.0
1,ridge,4,10.0,4207,1,0.8468442521030315,0.9109125450661468,0.0
1,ridge,4,17.78279410038923,4207,1,0.8438020054955739,0.8986489037631072,0.0
1,ridge,4,31.622776601683796,4207,1,0.8630511992448575,0.908838494051813,0.0
1,ridge,4,56.23413251903491,4207,1,0.9152807743542134,0.9537497380345394,0.0
1,ridge,4,100.0,4207,1,1.013622467796051,1.048255852926938,0.0
1,ridge,4,177.82794100389228,4207,1,1.1717454308750384,1.2070190637562332,0.0
1,ridge,4,316.227766016838,4207,1,1.4087554995717122,1.4499041439066769,0.0
1,ridge,4,562.341325190349,4207,1,1.76351565266251,1.8192721807295915,0.0
1,ridge,4,1000.0,4207,1,2.299165605125232,2.387309870797821,0.0
1,ridge,4,0.01,4207,2,0.97868001603848,1.0496928491282802,0.0
1,ridge,4,0.0177827941003892,4207,2,0.9782076414537,1.0491911257101325,0.0
1,ridge,4,0.0316227766016837,4207,2,0.977372094374458,1.0483035293061362,0.0
1,ridge,4,0.0562341325190349,4207,2,0.9759002171267694,1.046739537740438,0.0
1,ridge,4,0.1,4207,2,0.973326035933732,1.044002942622387,0.0
1,ridge,4,0.1778279410038923,4207,2,0.9688802024103595,1.0392726197195643,0.0
1,ridge,4,0.3162277660168379,4207,2,0.9613653747479874,1.0312651847053351,0.0
1,ridge,4,0.5623413251903491,4207,2,0.949112265331482,1.0181759978107805,0.0
1,ridge,4,1.0,4207,2,0.9302612835685184,0.9979533821877064,0.0
1,ridge,4,1.7782794100389228,4207,2,0.903747056070566,0.9693104218617852,0.0
1,ridge,4,3.1622776601683795,4207,2,0.8711059962778309,0.9336361412134568,0.0
1,ridge,4,5.623413251903491,4207,2,0.8382741374072783,0.8969786385399539,0.0
1,ridge,4,10.0,4207,2,0.8158077226260874,0.8704199756390604,0.0
1,ridge,4,17.78279410038923,4207,2,0.8170153635717284,0.8681514849745202,0.0
1,ridge,4,31.622776601683796,4207,2,0.8551799247221726,0.9043963210325624,0.0
1,ridge,4,56.23413251903491,4207,2,0.9414343228754848,0.9909677066054976,0.0
1,ridge,4,100.0,4207,2,1.085062896348237,1.137571056991621,0.0
1,ridge,4,177.82794100389228,4207,2,1.2968137139079192,1.3555404739313912,0.0
1,ridge,4,316.227766016838,4207,2,1.5940439638049249,1.6635367768707123,0.0
1,ridge,4,562.341325190349,4207,2,2.0062311234289125,2.0933150807048397,0.0
1,ridge,4,1000.0,4207,2,2.57236098796579,2.686628421531862,0.0
1,ridge,4,0.01,4207,3,0.7922421185105069,0.7939181621770081,0.0
1,ridge,4,0.0177827941003892,4207,3,0.7919948426217285,0.7936987427191576,0.0
1,ridge,4,0.0316227766016837,4207,3,0.7915585385941527,0.7933116927221094,0.0
1,ridge,4,0.0562341325190349,4207,3,0.7907933394904596,0.7926332014140421,0.0
1,ridge,4,0.1,4207,3,0.7894655337622689,0.7914568791618284,0.0
1,ridge,4,0.1778279410038923,4207,3,0.787204099884542,0.7894566598979318,0.0
1,ridge,4,0.3162277660168379,4207,3,0.7834755422514489,0.7861688123714795,0.0
1,ridge,4,0.5623413251903491,4207,3,0.7776607370310569,0.7810720741403426,0.0
1,ridge,4,1.0,4207,3,0.769405803132395,0.7739279001284352,0.0
1,ridge,4,1.7782794100389228,4207,3,0.759402614980572,0.7655277663882137,0.0
1,ridge,4,3.1622776601683795,4207,3,0.7502863966368916,0.7585530683410452,0.0
1,ridge,4,5.623413251903491,4207,3,0.7465302326756473,0.7575029562790733,0.0
1,ridge,4,10.0,4207,3,0.7529240555141811,0.7673757911324882,0.0
1,ridge,4,17.78279410038923,4207,3,0.7739943084386306,0.7933728912246607,0.0
1,ridge,4,31.622776601683796,4207,3,0.8157107619898694,0.8425644863812943,0.0
1,ridge,4,56.23413251903491,4207,3,0.8860422573513187,0.9239281086646426,0.0
1,ridge,4,100.0,4207,3,0.993849524786415,1.0468141160786797,0.0
1,ridge,4,177.82794100389228,4207,3,1.152623549868537,1.224931321763534,0.0
1,ridge,4,316.227766016838,4207,3,1.3922805909030689,1.4891579476950476,0.0
1,ridge,4,562.341325190349,4207,3,1.770850338969531,1.9007536999030064,0.0
1,ridge,4,1000.0,4207,3,2.370133621737815,2.5479124137757925,0.0
1,ridge,4,0.01,4207,4,1.2223194755990463,1.3118265201419936,0.0
1,ridge,4,0.0177827941003892,4207,4,1.221652805802049,1.3111337199117803,0.0
1,ridge,4,0.0316227766016837,4207,4,1.2204724043620048,1.309906906748313,0.0
1,ridge,4,0.0562341325190349,4207,4,1.218389354401099,1.3077414998970724,0.0
1,ridge,4,0.1,4207,4,1.2147348830556302,1.3039411354376265,0.0
1,ridge,4,0.1778279410038923,4207,4,1.2083885887020955,1.2973371926774828,0.0
1,ridge,4,0.3162277660168379,4207,4,1.1975586179730713,1.2860547981253954,0.0
1,ridge,4,0.5623413251903491,4207,4,1.1796087407245364,1.2673188988861817,0.0
1,ridge,4,1.0,4207,4,1.1512195259433224,1.2375912412064347,0.0
1,ridge,4,1.7782794100389228,4207,4,1.1094011959219543,1.1935772051562838,0.0
1,ridge,4,3.1622776601683795,4207,4,1.053708836377714,1.1345109618634333,0.0
1,ridge,4,5.623413251903491,4207,4,0.9888621569386088,1.0649929510256853,0.0
1,ridge,4,10.0,4207,4,0.9256295606011342,0.9961838547717172,0.0
1,ridge,4,17.78279410038923,4207,4,0.8787146709856962,0.9438056141079304,0.0
1,ridge,4,31.622776601683796,4207,4,0.8630415516565888,0.9241541808090044,0.0
1,ridge,4,56.23413251903491,4207,4,0.8907166353248133,0.9506904829101792,0.0
1,ridge,4,100.0,4207,4,0.9701328221026282,1.0330016289030093,0.0
1,ridge,4,177.82794100389228,4207,4,1.108356377343672,1.1792434096759763,0.0
1,ridge,4,316.227766016838,4207,4,1.3186995761920173,1.4041345753808572,0.0
1,ridge,4,562.341325190349,4207,4,1.6338022599560844,1.7431812560368831,0.0
1,ridge,4,1000.0,4207,4,2.113763010953579,2.261991146005948,0.0
1,ridge,4,0.01,4217,0,1.37163508313517,1.4220814802863255,0.0
1,ridge,4,0.0177827941003892,4217,0,1.3706224054402103,1.4210121888932297,0.0
1,ridge,4,0.0316227766016837,4217,0,1.3688327359975587,1.4191225925117177,0.0
1,ridge,4,0.0562341325190349,4217,0,1.3656849449754478,1.4157994334302155,0.0
1,ridge,4,0.1,4217,0,1.3601942593886045,1.4100040687187714,0.0
1,ridge,4,0.1778279410038923,4217,0,1.3507531736216245,1.4000428338805118,0.0
1,ridge,4,0.3162277660168379,4217,0,1.3349070433145056,1.383334931196006,0.0
1,ridge,4,0.5623413251903491,4217,0,1.3093362983406338,1.3564061815530268,0.0
1,ridge,4,1.0,4217,0,1.2705063167311736,1.3156025683179688,0.0
1,ridge,4,1.7782794100389228,4217,0,1.2164870507050023,1.2590535212232188,0.0
1,ridge,4,3.1622776601683795,4217,0,1.1495989097354091,1.1894833923726915,0.0
1,ridge,4,5.623413251903491,4217,0,1.0779794566847694,1.1157695683528728,0.0
1,ridge,4,10.0,4217,0,1.0143087039498409,1.051371317077639,0.0
1,ridge,4,17.78279410038923,4217,0,0.972222324025566,1.010382213683219,0.0
1,ridge,4,31.622776601683796,4217,0,0.9617194306784276,1.0027607004683114,0.0
1,ridge,4,56.23413251903491,4217,0,0.9869350835320077,1.032218113475423,0.0
1,ridge,4,100.0,4217,0,1.0520422644716814,1.1027264602467082,0.0
1,ridge,4,177.82794100389228,4217,0,1.1718619499957748,1.2299796788626525,0.0
1,ridge,4,316.227766016838,4217,0,1.376720183355158,1.4465743753342863,0.0
1,ridge,4,562.341325190349,4217,0,1.7116328917474757,1.8008594851350683,0.0
1,ridge,4,1000.0,4217,0,2.2311129860933976,2.351091359548166,0.0
1,ridge,4,0.01,4217,1,1.00708623682097,1.0749439651591577,0.0
1,ridge,4,0.0177827941003892,4217,1,1.0064409939082777,1.0742404883181988,0.0
1,ridge,4,0.0316227766016837,4217,1,1.0053015177231728,1.0729982394887143,0.0
1,ridge,4,0.0562341325190349,4217,1,1.0032999715136548,1.070816373920767,0.0
1,ridge,4,0.1,4217,1,0.9998169623590426,1.067020209002881,0.0
1,ridge,4,0.1778279410038923,4217,1,0.9938537942848956,1.060522766473189,0.0
1,ridge,4,0.3162277660168379,4217,1,0.9839239116824364,1.0497085504412869,0.0
1,ridge,4,0.5623413251903491,4217,1,0.9681330916568188,1.0325257302865758,0.0
1,ridge,4,1.0,4217,1,0.9447991941672376,1.0071699089164334,0.0
1,ridge,4,1.7782794100389228,4217,1,0.913944533679624,0.9737195197936144,0.0
1,ridge,4,3.1622776601683795,4217,1,0.8792157839740883,0.9362315803948018,0.0
1,ridge,4,5.623413251903491,4217,1,0.8485026396686501,0.9034151592154772,0.0
1,ridge,4,10.0,4217,1,0.831938212012796,0.8864281313375022,0.0
1,ridge,4,17.78279410038923,4217,1,0.8384480501282843,0.8949363179885956,0.0
1,ridge,4,31.622776601683796,4217,1,0.872823734994866,0.9334905020536012,0.0
1,ridge,4,56.23413251903491,4217,1,0.9351556218723598,1.0006318876578826,0.0
1,ridge,4,100.0,4217,1,1.0251731876287309,1.0941369896606186,0.0
1,ridge,4,177.82794100389228,4217,1,1.1498077907762112,1.220324965373866,0.0
1,ridge,4,316.227766016838,4217,1,1.3285096021260063,1.4005676970496392,0.0
1,ridge,4,562.341325190349,4217,1,1.5957845686595762,1.6740465276371896,0.0
1,ridge,4,1000.0,4217,1,1.9973002373108624,2.0931555392522627,0.0
1,ridge,4,0.01,4217,2,1.0757887498943428,1.2165091706227602,0.0
1,ridge,4,0.0177827941003892,4217,2,1.0749880932424738,1.2156849872423443,0.0
1,ridge,4,0.0316227766016837,4217,2,1.073575373698742,1.214229556724397,0.0
1,ridge,4,0.0562341325190349,4217,2,1.071097501514701,1.2116730559105795,0.0
1,ridge,4,0.1,4217,2,1.0667960948610478,1.207223826879036,0.0
1,ridge,4,0.1778279410038923,4217,2,1.059459717435476,1.1996016905842697,0.0
1,ridge,4,0.3162277660168379,4217,2,1.0473068993659167,1.1868800100501016,0.0
1,ridge,4,0.5623413251903491,4217,2,1.0280798261333373,1.16650055447244,0.0
1,ridge,4,1.0,4217,2,0.9996323405875072,1.135748798540122,0.0
1,ridge,4,1.7782794100389228,4217,2,0.9610794441294636,1.0928410667913993,0.0
1,ridge,4,3.1622776601683795,4217,2,0.9138713335119792,1.0381580110937725,0.0
1,ridge,4,5.623413251903491,4217,2,0.8619557371478056,0.97485270494899,0.0
1,ridge,4,10.0,4217,2,0.811489337042022,0.9091493654002374,0.0
1,ridge,4,17.78279410038923,4217,2,0.7714400094212235,0.8515258754041771,0.0
1,ridge,4,31.622776601683796,4217,2,0.7547532784438146,0.8181015310301503,0.0
1,ridge,4,56.23413251903491,4217,2,0.7779276459205866,0.829521233079504,0.0
1,ridge,4,100.0,4217,2,0.8590814063972628,0.9075406786330412,0.0
1,ridge,4,177.82794100389228,4217,2,1.0182594554135984,1.07411768824099,0.0
1,ridge,4,316.227766016838,4217,2,1.2838618098947925,1.3584545733583575,0.0
1,ridge,4,562.341325190349,4217,2,1.7024076365120788,1.809896567013049,0.0
1,ridge,4,1000.0,4217,2,2.333556270150262,2.49550099021427,0.0
1,ridge,4,0.01,4217,3,1.1637361765019771,1.1839389838846373,0.0
1,ridge,4,0.0177827941003892,4217,3,1.1630733732946106,1.183267111882348,0.0
1,ridge,4,0.0316227766016837,4217,3,1.1619030282176868,1.1820808144926669,0.0
1,ridge,4,0.0562341325190349,4217,3,1.1598476736431391,1.1799976331206363,0.0
1,ridge,4,0.1,4217,3,1.1562721547574784,1.1763742807062585,0.0
1,ridge,4,0.1778279410038923,4217,3,1.1501532093229732,1.170175174773852,0.0
1,ridge,4,0.3162277660168379,4217,3,1.1399675701262653,1.1598608795070062,0.0
1,ridge,4,0.5623413251903491,4217,3,1.1237617207399435,1.14346264704165,0.0
1,ridge,4,1.0,4217,3,1.0997174493148796,1.1191601839398366,0.0
1,ridge,4,1.7782794100389228,4217,3,1.0674383806179448,1.0865803211044944,0.0
1,ridge,4,3.1622776601683795,4217,3,1.0294161158055275,1.0482461411651751,0.0
1,ridge,4,5.623413251903491,4217,3,0.9913887454161394,1.0098871795748032,0.0
1,ridge,4,10.0,4217,3,0.9617374225216914,0.979895565310254,0.0
1,ridge,4,17.78279410038923,4217,3,0.9519048459409764,0.970071092742402,0.0
1,ridge,4,31.622776601683796,4217,3,0.9766611730625704,0.99621179784486,0.0
1,ridge,4,56.23413251903491,4217,3,1.0502599540714377,1.0739911557856818,0.0
1,ridge,4,100.0,4217,3,1.1820558112159023,1.21379851318166,0.0
1,ridge,4,177.82794100389228,4217,3,1.3814360035588011,1.4254685192573568,0.0
1,ridge,4,316.227766016838,4217,3,1.6716194291819424,1.732947621847633,0.0
1,ridge,4,562.341325190349,4217,3,2.101233127988213,2.1870822502225824,0.0
1,ridge,4,1000.0,4217,3,2.739362423729829,2.861003303289523,0.0
1,ridge,4,0.01,4217,4,1.0207126859027382,1.0540943102855946,0.0
1,ridge,4,0.0177827941003892,4217,4,1.0202693673263294,1.0536357334577409,0.0
1,ridge,4,0.0316227766016837,4217,4,1.0194854844209875,1.0528248468809391,0.0
1,ridge,4,0.0562341325190349,4217,4,1.0181054307287083,1.0513971804877642,0.0
1,ridge,4,0.1,4217,4,1.0156942089929122,1.0489025615726044,0.0
1,ridge,4,0.1778279410038923,4217,4,1.0115362589980177,1.0446002352451376,0.0
1,ridge,4,0.3162277660168379,4217,4,1.004523310577364,1.0373424434727745,0.0
1,ridge,4,0.5623413251903491,4217,4,0.9931145177051868,1.0255330506392155,0.0
1,ridge,4,1.0,4217,4,0.9755614485917758,1.007363145495633,0.0
1,ridge,4,1.7782794100389228,4217,4,0.95062370670184,0.9815639356822928,0.0
1,ridge,4,3.1622776601683795,4217,4,0.9186265359597212,0.9485247216404732,0.0
1,ridge,4,5.623413251903491,4217,4,0.881890599545688,0.9107418945988044,0.0
1,ridge,4,10.0,4217,4,0.8437820983518511,0.8717786326310314,0.0
1,ridge,4,17.78279410038923,4217,4,0.8084493982909736,0.8359303755806329,0.0
1,ridge,4,31.622776601683796,4217,4,0.7842543875288855,0.8118781175999744,0.0
1,ridge,4,56.23413251903491,4217,4,0.7875377583713448,0.816974264462214,0.0
1,ridge,4,100.0,4217,4,0.8397776477900016,0.8747421931595986,0.0
1,ridge,4,177.82794100389228,4217,4,0.961064460681206,1.00809082356117,0.0
1,ridge,4,316.227766016838,4217,4,1.1719209095612784,1.2408284186688927,0.0
1,ridge,4,562.341325190349,4217,4,1.5057264623495272,1.610279445423966,0.0
1,ridge,4,1000.0,4217,4,2.013242532531458,2.171521754808684,0.0
1,ridge,5,0.01,4197,0,8.276747561447213,8.898133510300097,0.0
1,ridge,5,0.0177827941003892,4197,0,7.071608047535852,7.598023119109979,0.0
1,ridge,5,0.0316227766016837,4197,0,5.626326601775967,6.038951830901278,0.0
1,ridge,5,0.0562341325190349,4197,0,4.172529652077367,4.470971720443989,0.0
1,ridge,5,0.1,4197,0,2.9654894252686,3.169663776036323,0.0
1,ridge,5,0.1778279410038923,4197,0,2.1166267176648104,2.2552481817153374,0.0
1,ridge,5,0.3162277660168379,4197,0,1.5679050268730137,1.6648514357299595,0.0
1,ridge,5,0.5623413251903491,4197,0,1.2034234152786554,1.2730073049345272,0.0
1,ridge,5,1.0,4197,0,0.9428097951060116,0.9925468501448746,0.0
1,ridge,5,1.7782794100389228,4197,0,0.7536775516875444,0.7881027222636853,0.0
1,ridge,5,3.1622776601683795,4197,0,0.6255327176954311,0.6481253872701829,0.0
1,ridge,5,5.623413251903491,4197,0,0.5496050839403448,0.5633288273927612,0.0
1,ridge,5,10.0,4197,0,0.5144623680388395,0.5219219130134695,0.0
1,ridge,5,17.78279410038923,4197,0,0.51042670870953,0.5141182052574835,0.0
1,ridge,5,31.622776601683796,4197,0,0.5349935399580004,0.5377443653645781,0.0
1,ridge,5,56.23413251903491,4197,0,0.5940910845462306,0.5993933686493299,0.0
1,ridge,5,100.0,4197,0,0.6989135837210382,0.7108266345987363,0.0
1,ridge,5,177.82794100389228,4197,0,0.861675610827791,0.8844225385635653,0.0
1,ridge,5,316.227766016838,4197,0,1.095198890977949,1.1329818410556238,0.0
1,ridge,5,562.341325190349,4197,0,1.4186256929250205,1.4761329100342906,0.0
1,ridge,5,1000.0,4197,0,1.8625175733755623,1.946004744103789,0.0
1,ridge,5,0.01,4197,1,2.002234804595613,2.1142113783850705,0.0
1,ridge,5,0.0177827941003892,4197,1,1.9049160428352003,2.013740598798281,0.0
1,ridge,5,0.0316227766016837,4197,1,1.7664534948843926,1.870277218610701,0.0
1,ridge,5,0.0562341325190349,4197,1,1.5877199308844412,1.68396899425462,0.0
1,ridge,5,0.1,4197,1,1.380630560022292,1.466070235938319,0.0
1,ridge,5,0.1778279410038923,4197,1,1.1651888975571976,1.2364941433336192,0.0
1,ridge,5,0.3162277660168379,4197,1,0.9631870155132394,1.0181915786029083,0.0
1,ridge,5,0.5623413251903491,4197,1,0.7915564138665856,0.8303486685787096,0.0
1,ridge,5,1.0,4197,1,0.6570462871801899,0.6817911537958893,0.0
1,ridge,5,1.7782794100389228,4197,1,0.5574784321234166,0.5712820758463789,0.0
1,ridge,5,3.1622776601683795,4197,1,0.4880275376348291,0.4939325038088578,0.0
1,ridge,5,5.623413251903491,4197,1,0.4448934504364104,0.4454854039918515,0.0
1,ridge,5,10.0,4197,1,0.4256450527610926,0.4231598522878993,0.0
1,ridge,5,17.78279410038923,4197,1,0.4295805385259643,0.4261502877763563,0.0
1,ridge,5,31.622776601683796,4197,1,0.4583912462273732,0.4560431974751187,0.0
1,ridge,5,56.23413251903491,4197,1,0.5159935251433765,0.5162946427273306,0.0
1,ridge,5,100.0,4197,1,0.6090892176899423,0.6128274162740897,0.0
1,ridge,5,177.82794100389228,4197,1,0.7506600598270101,0.7580791968058216,0.0
1,ridge,5,316.227766016838,4197,1,0.9628786671412288,0.974392527751099,0.0
1,ridge,5,562.341325190349,4197,1,1.2731518728994649,1.2899377633280755,0.0
1,ridge,5,1000.0,4197,1,1.7035801180561112,1.7279684252287693,0.0
1,ridge,5,0.01,4197,2,3.631365854565486,3.94785530666325,0.0
1,ridge,5,0.0177827941003892,4197,2,3.4013295794995115,3.6983326962774026,0.0
1,ridge,5,0.0316227766016837,4197,2,3.0850442719318005,3.3551139297627115,0.0
1,ridge,5,0.0562341325190349,4197,2,2.6957937206360807,2.93238364693631,0.0
1,ridge,5,0.1,4197,2,2.269776712207446,2.469037391747239,0.0
1,ridge,5,0.1778279410038923,4197,2,1.8520806275577535,2.013601997899259,0.0
1,ridge,5,0.3162277660168379,4197,2,1.482082532346926,1.608801163907594,0.0
1,ridge,5,0.5623413251903491,4197,2,1.185360930910719,1.283053505105387,0.0
1,ridge,5,1.0,4197,2,0.9699027785384832,1.0459141022811766,0.0
1,ridge,5,1.7782794100389228,4197,2,0.827948789095684,0.8893489643300393,0.0
1,ridge,5,3.1622776601683795,4197,2,0.742329228396919,0.7944286425937717,0.0
1,ridge,5,5.623413251903491,4197,2,0.6929901682442346,0.7386726694519923,0.0
1,ridge,5,10.0,4197,2,0.6617790196558279,0.7015499611610113,0.0
1,ridge,5,17.78279410038923,4197,2,0.6359227917475738,0.6685528429949763,0.0
1,ridge,5,31.622776601683796,4197,2,0.6109387306643093,0.6345532317768635,0.0
1,ridge,5,56.23413251903491,4197,2,0.5919441212666744,0.605141822499087,0.0
1,ridge,5,100.0,4197,2,0.5921818697503334,0.5946948374857292,0.0
1,ridge,5,177.82794100389228,4197,2,0.6325234061824221,0.6256138624844227,0.0
1,ridge,5,316.227766016838,4197,2,0.7475571330312277,0.7351281078154038,0.0
1,ridge,5,562.341325190349,4197,2,0.9928267200013556,0.9834096797422376,0.0
1,ridge,5,1000.0,4197,2,1.4349870916156895,1.44267814961259,0.0
1,ridge,5,0.01,4197,3,3.479570685746532,3.774373593196275,0.0
1,ridge,5,0.0177827941003892,4197,3,3.2064747300213154,3.4729623674947345,0.0
1,ridge,5,0.0316227766016837,4197,3,2.8385984462183,3.068186812270939,0.0
1,ridge,5,0.0562341325190349,4197,3,2.399280454142079,2.5870442707826653,0.0
1,ridge,5,0.1,4197,3,1.9400166149750957,2.0872483362176446,0.0
1,ridge,5,0.1778279410038923,4197,3,1.5206308961485524,1.63435950363825,0.0
1,ridge,5,0.3162277660168379,4197,3,1.186880079443652,1.277106343966577,0.0
1,ridge,5,0.5623413251903491,4197,3,0.9570036263965138,1.033830061871999,0.0
1,ridge,5,1.0,4197,3,0.8183870243726862,0.8896654724527462,0.0
1,ridge,5,1.7782794100389228,4197,3,0.7390969970740286,0.8089195318273031,0.0
1,ridge,5,3.1622776601683795,4197,3,0.6885148156395005,0.7573860602265675,0.0
1,ridge,5,5.623413251903491,4197,3,0.6491811682983852,0.7154348762303987,0.0
1,ridge,5,10.0,4197,3,0.6157394866852557,0.6770864409665753,0.0
1,ridge,5,17.78279410038923,4197,3,0.5896525150193114,0.6444069648886331,0.0
1,ridge,5,31.622776601683796,4197,3,0.5759065420563172,0.6237685367948482,0.0
1,ridge,5,56.23413251903491,4197,3,0.5824227120395509,0.6247772405072685,0.0
1,ridge,5,100.0,4197,3,0.6211561986506722,0.6611481328260416,0.0
1,ridge,5,177.82794100389228,4197,3,0.7108078082900333,0.7536703497213812,0.0
1,ridge,5,316.227766016838,4197,3,0.879581635436535,0.9334390389719586,0.0
1,ridge,5,562.341325190349,4197,3,1.1658017422192883,1.2427572979518204,0.0
1,ridge,5,1000.0,4197,3,1.6156529399147126,1.7329261461501535,0.0
1,ridge,5,0.01,4197,4,16.167162435982924,18.46631555614936,0.0
1,ridge,5,0.0177827941003892,4197,4,14.371078308308748,16.404626429351353,0.0
1,ridge,5,0.0316227766016837,4197,4,12.062882928637624,13.755273000402156,0.0
1,ridge,5,0.0562341325190349,4197,4,9.494093552146088,10.80762016021022,0.0
1,ridge,5,0.1,4197,4,7.0520365958461,8.007243372705302,0.0
1,ridge,5,0.1778279410038923,4197,4,5.040361711854684,5.703284063297889,0.0
1,ridge,5,0.3162277660168379,4197,4,3.5461618024383474,3.99531467986544,0.0
1,ridge,5,0.5623413251903491,4197,4,2.5026897272640456,2.805429811011134,0.0
1,ridge,5,1.0,4197,4,1.804705632267774,2.0113826326849336,0.0
1,ridge,5,1.7782794100389228,4197,4,1.3589774115702429,1.5054082520873664,0.0
1,ridge,5,3.1622776601683795,4197,4,1.0897838199861165,1.200659743901098,0.0
1,ridge,5,5.623413251903491,4197,4,0.937896603732616,1.0293398047277904,0.0
1,ridge,5,10.0,4197,4,0.85930250315946,0.9407469014224682,0.0
1,ridge,5,17.78279410038923,4197,4,0.8231383261840932,0.8991411304757168,0.0
1,ridge,5,31.622776601683796,4197,4,0.8098274020892605,0.881990245389967,0.0
1,ridge,5,56.23413251903491,4197,4,0.8099605533603655,0.8786053301193658,0.0
1,ridge,5,100.0,4197,4,0.8254996596474815,0.8910743670158953,0.0
1,ridge,5,177.82794100389228,4197,4,0.8735594590307004,0.9383148863050306,0.0
1,ridge,5,316.227766016838,4197,4,0.9896349912482572,1.059865450359449,0.0
1,ridge,5,562.341325190349,4197,4,1.2273671850100356,1.315975366578711,0.0
1,ridge,5,1000.0,4197,4,1.6493738816858805,1.777778756371036,0.0
1,ridge,5,0.01,4207,0,2.6385744744401194,2.848947988883112,0.0
1,ridge,5,0.0177827941003892,4207,0,2.3830165399802947,2.5716205703094905,0.0
1,ridge,5,0.0316227766016837,4207,0,2.06942247471401,2.231581493011793,0.0
1,ridge,5,0.0562341325190349,4207,0,1.7394571289435508,1.873886021804713,0.0
1,ridge,5,0.1,4207,0,1.4422543085885398,1.5512136729213442,0.0
1,ridge,5,0.1778279410038923,4207,0,1.2055444054733255,1.292987666683173,0.0
1,ridge,5,0.3162277660168379,4207,0,1.0284162633381873,1.0982915660445487,0.0
1,ridge,5,0.5623413251903491,4207,0,0.8971474820743961,0.9530933519829776,0.0
1,ridge,5,1.0,4207,0,0.8007560688615308,0.8464041314379623,0.0
1,ridge,5,1.7782794100389228,4207,0,0.7323243832091446,0.7711274070303572,0.0
1,ridge,5,3.1622776601683795,4207,0,0.6860992002877453,0.7209269743493273,0.0
1,ridge,5,5.623413251903491,4207,0,0.6597080627231866,0.6929538188441228,0.0
1,ridge,5,10.0,4207,0,0.6547744466738045,0.6886662408109072,0.0
1,ridge,5,17.78279410038923,4207,0,0.672173451182433,0.7085856815892869,0.0
1,ridge,5,31.622776601683796,4207,0,0.7096456663763958,0.7496912271064056,0.0
1,ridge,5,56.23413251903491,4207,0,0.7653144893407112,0.8093822355665437,0.0
1,ridge,5,100.0,4207,0,0.8432037608940453,0.8916319976948406,0.0
1,ridge,5,177.82794100389228,4207,0,0.9595236597065688,1.014040701975256,0.0
1,ridge,5,316.227766016838,4207,0,1.1489713352653212,1.2148556279315652,0.0
1,ridge,5,562.341325190349,4207,0,1.4619368557210335,1.5496939165204653,0.0
1,ridge,5,1000.0,4207,0,1.9395951240348832,2.063720601654066,0.0
1,ridge,5,0.01,4207,1,3.5917863872003477,4.024045206048197,0.0
1,ridge,5,0.0177827941003892,4207,1,3.435544463788798,3.851738220844588,0.0
1,ridge,5,0.0316227766016837,4207,1,3.216460147091264,3.610576383237855,0.0
1,ridge,5,0.0562341325190349,4207,1,2.93688626825508,3.302780410035184,0.0
1,ridge,5,0.1,4207,1,2.612020592681468,2.943413738930216,0.0
1,ridge,5,0.1778279410038923,4207,1,2.263589159869491,2.5539407531532747,0.0
1,ridge,5,0.3162277660168379,4207,1,1.9126391709347697,2.156231828070052,0.0
1,ridge,5,0.5623413251903491,4207,1,1.5769383181233574,1.770889638739909,0.0
1,ridge,5,1.0,4207,1,1.2734425594558731,1.4193622495544096,0.0
1,ridge,5,1.7782794100389228,4207,1,1.0184420050936054,1.1225857136963866,0.0
1,ridge,5,3.1622776601683795,4207,1,0.8215494990112238,0.8929118222688293,0.0
1,ridge,5,5.623413251903491,4207,1,0.6824913163515866,0.7300596633437515,0.0
1,ridge,5,10.0,4207,1,0.5953028284203802,0.6263690439773143,0.0
1,ridge,5,17.78279410038923,4207,1,0.5534493883443199,0.5734203466888141,0.0
1,ridge,5,31.622776601683796,4207,1,0.5514357033083034,0.5641959619014526,0.0
1,ridge,5,56.23413251903491,4207,1,0.5858734455315125,0.5940760436205168,0.0
1,ridge,5,100.0,4207,1,0.6590056430599323,0.6646648537812918,0.0
1,ridge,5,177.82794100389228,4207,1,0.7833608570266886,0.7889912040876637,0.0
1,ridge,5,316.227766016838,4207,1,0.985020999856404,0.9948160566596412,0.0
1,ridge,5,562.341325190349,4207,1,1.3044465607188096,1.3254200859916576,0.0
1,ridge,5,1000.0,4207,1,1.7923180905631355,1.8364653738143255,0.0
1,ridge,5,0.01,4207,2,3.391702462161951,3.617132835353373,0.0
1,ridge,5,0.0177827941003892,4207,2,3.136399080396693,3.3408325744931973,0.0
1,ridge,5,0.0316227766016837,4207,2,2.792853137178852,2.9691571994186634,0.0
1,ridge,5,0.0562341325190349,4207,2,2.384551934129432,2.5277178699016507,0.0
1,ridge,5,0.1,4207,2,1.9624155077777876,2.071939750002006,0.0
1,ridge,5,0.1778279410038923,4207,2,1.580380158140822,1.660623831651857,0.0
1,ridge,5,0.3162277660168379,4207,2,1.267583290475396,1.325688627793311,0.0
1,ridge,5,0.5623413251903491,4207,2,1.025267884875661,1.0684079485124822,0.0
1,ridge,5,1.0,4207,2,0.8446804575154939,0.878508975433264,0.0
1,ridge,5,1.7782794100389228,4207,2,0.7186091873167002,0.7471208411160433,0.0
1,ridge,5,3.1622776601683795,4207,2,0.6384978476105577,0.6643470971973986,0.0
1,ridge,5,5.623413251903491,4207,2,0.5921087042221702,0.6167686080611692,0.0
1,ridge,5,10.0,4207,2,0.5683408982916828,0.592269943192309,0.0
1,ridge,5,17.78279410038923,4207,2,0.5619586638253545,0.5849854316049243,0.0
1,ridge,5,31.622776601683796,4207,2,0.5735436973512018,0.5953137697871321,0.0
1,ridge,5,56.23413251903491,4207,2,0.606998069155108,0.6272847279297238,0.0
1,ridge,5,100.0,4207,2,0.6698070148174402,0.6888021109799528,0.0
1,ridge,5,177.82794100389228,4207,2,0.7782484346628367,0.7971782041589911,0.0
1,ridge,5,316.227766016838,4207,2,0.9621503933029584,0.9842998486042644,0.0
1,ridge,5,562.341325190349,4207,2,1.2604847839804247,1.2920144688980797,0.0
1,ridge,5,1000.0,4207,2,1.7087501971159045,1.7584395918855311,0.0
1,ridge,5,0.01,4207,3,3.4049201414039607,3.674049686451816,0.0
1,ridge,5,0.0177827941003892,4207,3,3.1387104214937764,3.386293682017991,0.0
1,ridge,5,0.0316227766016837,4207,3,2.7878567730403527,3.007756397195519,0.0
1,ridge,5,0.0562341325190349,4207,3,2.378183632435046,2.5667585517523044,0.0
1,ridge,5,0.1,4207,3,1.955427859778953,2.112473835515221,0.0
1,ridge,5,0.1778279410038923,4207,3,1.5651468773073722,1.6928966651362003,0.0
1,ridge,5,0.3162277660168379,4207,3,1.237733921624098,1.3393079387097817,0.0
1,ridge,5,0.5623413251903491,4207,3,0.9829183157118042,1.0613610308628256,0.0
1,ridge,5,1.0,4207,3,0.7929716838452754,0.8509596318682731,0.0
1,ridge,5,1.7782794100389228,4207,3,0.6556918935558329,0.6960223463456182,0.0
1,ridge,5,3.1622776601683795,4207,3,0.5642206045950781,0.5904717511331528,0.0
1,ridge,5,5.623413251903491,4207,3,0.5136386864055729,0.5299291696929903,0.0
1,ridge,5,10.0,4207,3,0.4955745775072492,0.5057485390105165,0.0
1,ridge,5,17.78279410038923,4207,3,0.5007274045208076,0.5080664047676224,0.0
1,ridge,5,31.622776601683796,4207,3,0.5242905964783157,0.5318552500234893,0.0
1,ridge,5,56.23413251903491,4207,3,0.5677156007614018,0.578638696070297,0.0
1,ridge,5,100.0,4207,3,0.6381028835349382,0.6556303431010833,0.0
1,ridge,5,177.82794100389228,4207,3,0.7504362513166795,0.778271473885398,0.0
1,ridge,5,316.227766016838,4207,3,0.933718992927408,0.9770784539065706,0.0
1,ridge,5,562.341325190349,4207,3,1.2361910995931982,1.303266406788664,0.0
1,ridge,5,1000.0,4207,3,1.721493380274102,1.8247941070728892,0.0
1,ridge,5,0.01,4207,4,4.88132656347115,5.376523138610926,0.0
1,ridge,5,0.0177827941003892,4207,4,4.509841378032174,4.9647014105866525,0.0
1,ridge,5,0.0316227766016837,4207,4,3.999119425892045,4.398446833669144,0.0
1,ridge,5,0.0562341325190349,4207,4,3.376291359507767,3.707888971288039,0.0
1,ridge,5,0.1,4207,4,2.713636536510009,2.973476954821964,0.0
1,ridge,5,0.1778279410038923,4207,4,2.097251854648728,2.29121020468029,0.0
1,ridge,5,0.3162277660168379,4207,4,1.586019807336242,1.7267189169025363,0.0
1,ridge,5,0.5623413251903491,4207,4,1.197605617696941,1.299409767775313,0.0
1,ridge,5,1.0,4207,4,0.920553302487787,0.9960542725334128,0.0
1,ridge,5,1.7782794100389228,4207,4,0.7314629264848465,0.7901237872851022,0.0
1,ridge,5,3.1622776601683795,4207,4,0.6080712716549177,0.6563717269513394,0.0
1,ridge,5,5.623413251903491,4207,4,0.5356151332842394,0.5778905557490499,0.0
1,ridge,5,10.0,4207,4,0.505067163782378,0.5442145966118606,0.0
1,ridge,5,17.78279410038923,4207,4,0.5085453924498204,0.5463421798239663,0.0
1,ridge,5,31.622776601683796,4207,4,0.5383607550987534,0.575739105707097,0.0
1,ridge,5,56.23413251903491,4207,4,0.5889183457923872,0.6263533713603177,0.0
1,ridge,5,100.0,4207,4,0.659032980204818,0.6969938294916893,0.0
1,ridge,5,177.82794100389228,4207,4,0.75521730288251,0.7948347509691194,0.0
1,ridge,5,316.227766016838,4207,4,0.8960631993501881,0.940215701741422,0.0
1,ridge,5,562.341325190349,4207,4,1.1159417891431611,1.1708216739016486,0.0
1,ridge,5,1000.0,4207,4,1.462643696211777,1.5394824070786963,0.0
1,ridge,5,0.01,4217,0,5.756736327317059,6.10931614433157,0.0
1,ridge,5,0.0177827941003892,4217,0,5.4484853823987685,5.780166875831037,0.0
1,ridge,5,0.0316227766016837,4217,0,5.007163483458436,5.308941254428746,0.0
1,ridge,5,0.0562341325190349,4217,0,4.437523749538135,4.700826535854795,0.0
1,ridge,5,0.1,4217,0,3.788034043940615,4.00781094891474,0.0
1,ridge,5,0.1778279410038923,4217,0,3.136330142753257,3.313037009308486,0.0
1,ridge,5,0.3162277660168379,4217,0,2.547440595311806,2.685972964914741,0.0
1,ridge,5,0.5623413251903491,4217,0,2.0478194988214007,2.1545840982654347,0.0
1,ridge,5,1.0,4217,0,1.6369026063520071,1.717825061300462,0.0
1,ridge,5,1.7782794100389228,4217,0,1.307145340503357,1.367340161862,0.0
1,ridge,5,3.1622776601683795,4217,0,1.0509568821460489,1.0950338368878083,0.0
1,ridge,5,5.623413251903491,4217,0,0.8608391387498564,0.893071423914422,0.0
1,ridge,5,10.0,4217,0,0.730516339233538,0.7548416921645755,0.0
1,ridge,5,17.78279410038923,4217,0,0.6553629205976331,0.6753642940617189,0.0
1,ridge,5,31.622776601683796,4217,0,0.6300133823429241,0.6488428987584995,0.0
1,ridge,5,56.23413251903491,4217,0,0.64643652865635,0.6666742437038571,0.0
1,ridge,5,100.0,4217,0,0.6973595762012986,0.7210636014653394,0.0
1,ridge,5,177.82794100389228,4217,0,0.7857442010587026,0.8150757884298221,0.0
1,ridge,5,316.227766016838,4217,0,0.93402365313714,0.9724749058734138,0.0
1,ridge,5,562.341325190349,4217,0,1.185017724962406,1.2387207284600816,0.0
1,ridge,5,1000.0,4217,0,1.590273438828116,1.6685949753047309,0.0
1,ridge,5,0.01,4217,1,8.436767294122303,9.49764417120235,0.0
1,ridge,5,0.0177827941003892,4217,1,7.713756998844623,8.675304364500404,0.0
1,ridge,5,0.0316227766016837,4217,1,6.735351368708288,7.562828807832696,0.0
1,ridge,5,0.0562341325190349,4217,1,5.5553960402768965,6.221779050373974,0.0
1,ridge,5,0.1,4217,1,4.304753848455291,4.8012606446316,0.0
1,ridge,5,0.1778279410038923,4217,1,3.144377156621254,3.484292662193036,0.0
1,ridge,5,0.3162277660168379,4217,1,2.200042908228128,2.4134475838240745,0.0
1,ridge,5,0.5623413251903491,4217,1,1.521373648795873,1.6446657044311028,0.0
1,ridge,5,1.0,4217,1,1.082923642849012,1.1491114412670222,0.0
1,ridge,5,1.7782794100389228,4217,1,0.8213857411358749,0.8553270532267423,0.0
1,ridge,5,3.1622776601683795,4217,1,0.6755369592940296,0.6938613756650331,0.0
1,ridge,5,5.623413251903491,4217,1,0.6025486419076496,0.6153719166660503,0.0
1,ridge,5,10.0,4217,1,0.5765265311864206,0.5891780664112661,0.0
1,ridge,5,17.78279410038923,4217,1,0.5831227394050955,0.5977136688212382,0.0
1,ridge,5,31.622776601683796,4217,1,0.6145819521591662,0.6313671421848785,0.0
1,ridge,5,56.23413251903491,4217,1,0.6661266525573635,0.6843301929164863,0.0
1,ridge,5,100.0,4217,1,0.737658284096017,0.7560138505399243,0.0
1,ridge,5,177.82794100389228,4217,1,0.8418300705954916,0.8597348396422634,0.0
1,ridge,5,316.227766016838,4217,1,1.010239834053564,1.029915399681289,0.0
1,ridge,5,562.341325190349,4217,1,1.2883969631604852,1.317293888756343,0.0
1,ridge,5,1000.0,4217,1,1.7178809202038887,1.7698090395410535,0.0
1,ridge,5,0.01,4217,2,2.077742390448088,2.3216688975565147,0.0
1,ridge,5,0.0177827941003892,4217,2,1.9978751625415443,2.2352374129714803,0.0
1,ridge,5,0.0316227766016837,4217,2,1.884553541199923,2.112617613068359,0.0
1,ridge,5,0.0562341325190349,4217,2,1.734753267436168,1.94981175435961,0.0
1,ridge,5,0.1,4217,2,1.5511545846658197,1.748194707248519,0.0
1,ridge,5,0.1778279410038923,4217,2,1.3455656803970295,1.5192389080480977,0.0
1,ridge,5,0.3162277660168379,4217,2,1.136981932037284,1.2836973666608855,0.0
1,ridge,5,0.5623413251903491,4217,2,0.9427238016835308,1.0618320701022923,0.0
1,ridge,5,1.0,4217,2,0.774894415004005,0.8686278270241745,0.0
1,ridge,5,1.7782794100389228,4217,2,0.6431650175300546,0.7160387179325646,0.0
1,ridge,5,3.1622776601683795,4217,2,0.5536844861893595,0.6110520990068431,0.0
1,ridge,5,5.623413251903491,4217,2,0.5058592497921819,0.552205352020204,0.0
1,ridge,5,10.0,4217,2,0.4934371882698841,0.5317945146781391,0.0
1,ridge,5,17.78279410038923,4217,2,0.5086860561720739,0.541173329269682,0.0
1,ridge,5,31.622776601683796,4217,2,0.5457341354191759,0.5741309308157113,0.0
1,ridge,5,56.23413251903491,4217,2,0.6022213312060547,0.6280747714182578,0.0
1,ridge,5,100.0,4217,2,0.6819051528171018,0.7066900781679474,0.0
1,ridge,5,177.82794100389228,4217,2,0.7993503422963003,0.8252402872833092,0.0
1,ridge,5,316.227766016838,4217,2,0.9845483340255772,1.0156536646043763,0.0
1,ridge,5,562.341325190349,4217,2,1.2849908091597106,1.3288941397736165,0.0
1,ridge,5,1000.0,4217,2,1.7577769833552974,1.8271381412354368,0.0
1,ridge,5,0.01,4217,3,5.212718388967207,5.524790852073929,0.0
1,ridge,5,0.0177827941003892,4217,3,4.928238705254019,5.223880446733403,0.0
1,ridge,5,0.0316227766016837,4217,3,4.516720188961852,4.788439753175504,0.0
1,ridge,5,0.0562341325190349,4217,3,3.979212903793632,4.219474337189952,0.0
1,ridge,5,0.1,4217,3,3.359082556249237,3.562848043285451,0.0
1,ridge,5,0.1778279410038923,4217,3,2.7320327454225737,2.8987279379384105,0.0
1,ridge,5,0.3162277660168379,4217,3,2.1679483898352694,2.301039697624233,0.0
1,ridge,5,0.5623413251903491,4217,3,1.701046548288265,1.805800051578818,0.0
1,ridge,5,1.0,4217,3,1.3342273596449998,1.4158374625900187,0.0
1,ridge,5,1.7782794100389228,4217,3,1.0570414998076272,1.1199311690104692,0.0
1,ridge,5,3.1622776601683795,4217,3,0.8556965505699233,0.903481121663054,0.0
1,ridge,5,5.623413251903491,4217,3,0.7180612791202562,0.7538782910022487,0.0
1,ridge,5,10.0,4217,3,0.6367772679450543,0.6637630278037383,0.0
1,ridge,5,17.78279410038923,4217,3,0.6077674563565891,0.6292363216676016,0.0
1,ridge,5,31.622776601683796,4217,3,0.6256381274868481,0.6447756288371009,0.0
1,ridge,5,56.23413251903491,4217,3,0.6820443318866715,0.7014284754162168,0.0
1,ridge,5,100.0,4217,3,0.7711236612182427,0.7926119261696326,0.0
1,ridge,5,177.82794100389228,4217,3,0.8983299591755742,0.9235824359409354,0.0
1,ridge,5,316.227766016838,4217,3,1.0867191078299674,1.118252001422582,0.0
1,ridge,5,562.341325190349,4217,3,1.3802267535010324,1.422887237361109,0.0
1,ridge,5,1000.0,4217,3,1.841002091990935,1.903577521351188,0.0
1,ridge,5,0.01,4217,4,3.779824125961972,4.112467705350728,0.0
1,ridge,5,0.0177827941003892,4217,4,3.5088869958208724,3.8192531756102,0.0
1,ridge,5,0.0316227766016837,4217,4,3.1343205637229614,3.412904712052426,0.0
1,ridge,5,0.0562341325190349,4217,4,2.67111883132174,2.9087041661708364,0.0
1,ridge,5,0.1,4217,4,2.165664576892824,2.356260942476767,0.0
1,ridge,5,0.1778279410038923,4217,4,1.679791868253337,1.8230785246305723,0.0
1,ridge,5,0.3162277660168379,4217,4,1.266291294910119,1.3681331882997454,0.0
1,ridge,5,0.5623413251903491,4217,4,0.9531878294692404,1.023877973173303,0.0
1,ridge,5,1.0,4217,4,0.7425629048474325,0.7935320571715659,0.0
1,ridge,5,1.7782794100389228,4217,4,0.6183842119937377,0.6588278877030949,0.0
1,ridge,5,3.1622776601683795,4217,4,0.5551042614506538,0.590168786682496,0.0
1,ridge,5,5.623413251903491,4217,4,0.5260054446678684,0.557265988286523,0.0
1,ridge,5,10.0,4217,4,0.5117929140352191,0.539155531112889,0.0
1,ridge,5,17.78279410038923,4217,4,0.5049092971416478,0.5283786717032158,0.0
1,ridge,5,31.622776601683796,4217,4,0.5073824068384065,0.527832721402671,0.0
1,ridge,5,56.23413251903491,4217,4,0.5267986958499737,0.5460556964756854,0.0
1,ridge,5,100.0,4217,4,0.575218767985093,0.5962510580069785,0.0
1,ridge,5,177.82794100389228,4217,4,0.6715788172523537,0.6992495659857417,0.0
1,ridge,5,316.227766016838,4217,4,0.844984421833477,0.8872779958344005,0.0
1,ridge,5,562.341325190349,4217,4,1.1331229892750891,1.2021148008363205,0.0
1,ridge,5,1000.0,4217,4,1.571448063120794,1.682839098913515,0.0
1,ridge,6,0.01,4197,0,8.805588532805368,9.40758715112935,0.0
1,ridge,6,0.0177827941003892,4197,0,7.51845301526413,8.036184757751831,0.0
1,ridge,6,0.0316227766016837,4197,0,6.292706539269283,6.728584506240477,0.0
1,ridge,6,0.0562341325190349,4197,0,5.119753846262374,5.475341489080114,0.0
1,ridge,6,0.1,4197,0,4.041299694750742,4.321111612729962,0.0
1,ridge,6,0.1778279410038923,4197,0,3.108321738129732,3.320667039351922,0.0
1,ridge,6,0.3162277660168379,4197,0,2.3466637892443423,2.5021787527301225,0.0
1,ridge,6,0.5623413251903491,4197,0,1.7554843041611192,1.8655439432239085,0.0
1,ridge,6,1.0,4197,0,1.3208672838866875,1.3966724966571695,0.0
1,ridge,6,1.7782794100389228,4197,0,1.0239273129919586,1.0757730667394438,0.0
1,ridge,6,3.1622776601683795,4197,0,0.8416917843149079,0.8781446104065201,0.0
1,ridge,6,5.623413251903491,4197,0,0.7463315769349093,0.7735622051341747,0.0
1,ridge,6,10.0,4197,0,0.7074429786454357,0.7290888519642207,0.0
1,ridge,6,17.78279410038923,4197,0,0.6980844622394612,0.7158006760413811,0.0
1,ridge,6,31.622776601683796,4197,0,0.7014938563211678,0.7159948887280081,0.0
1,ridge,6,56.23413251903491,4197,0,0.7150832766652081,0.7272699300307441,0.0
1,ridge,6,100.0,4197,0,0.7501203364972608,0.761932100889243,0.0
1,ridge,6,177.82794100389228,4197,0,0.8269692545010328,0.8417344505033003,0.0
1,ridge,6,316.227766016838,4197,0,0.9665677290974996,0.9887231116897504,0.0
1,ridge,6,562.341325190349,4197,0,1.1837211924444075,1.2182194719518005,0.0
1,ridge,6,1000.0,4197,0,1.4899729943818312,1.5421972205491958,0.0
1,ridge,6,0.01,4197,1,9.392641549990932,9.983176272384188,0.0
1,ridge,6,0.0177827941003892,4197,1,7.881584722810123,8.38420866912783,0.0
1,ridge,6,0.0316227766016837,4197,1,6.400167519167459,6.813011965506381,0.0
1,ridge,6,0.0562341325190349,4197,1,5.062972845590973,5.388922114054134,0.0
1,ridge,6,0.1,4197,1,3.923713073365788,4.169640620580861,0.0
1,ridge,6,0.1778279410038923,4197,1,2.982644965756351,3.1594870994946054,0.0
1,ridge,6,0.3162277660168379,4197,1,2.22213688725154,2.3435414666127583,0.0
1,ridge,6,0.5623413251903491,4197,1,1.6294585664235908,1.708730359611942,0.0
1,ridge,6,1.0,4197,1,1.1940643408522231,1.242165737819948,0.0
1,ridge,6,1.7782794100389228,4197,1,0.8960767896098515,0.9216988251912996,0.0
1,ridge,6,3.1622776601683795,4197,1,0.7049470588870824,0.7149836701733172,0.0
1,ridge,6,5.623413251903491,4197,1,0.5893503519714101,0.5889457921865479,0.0
1,ridge,6,10.0,4197,1,0.5249940499946598,0.5178155762423616,0.0
1,ridge,6,17.78279410038923,4197,1,0.4960908432541228,0.4849353460410061,0.0
1,ridge,6,31.622776601683796,4197,1,0.4953673296788169,0.48259264256724,0.0
1,ridge,6,56.23413251903491,4197,1,0.5233103632511172,0.5110971218804998,0.0
1,ridge,6,100.0,4197,1,0.5866679383765359,0.5774316000261126,0.0
1,ridge,6,177.82794100389228,4197,1,0.6968510533238945,0.6935369367698306,0.0
1,ridge,6,316.227766016838,4197,1,0.8658240671537929,0.8714227909951332,0.0
1,ridge,6,562.341325190349,4197,1,1.1011525288075297,1.117502854836244,0.0
1,ridge,6,1000.0,4197,1,1.4069971996345063,1.4340628721889088,0.0
1,ridge,6,0.01,4197,2,10.852311661041806,12.079778881261246,0.0
1,ridge,6,0.0177827941003892,4197,2,9.29309027086253,10.368861911496754,0.0
1,ridge,6,0.0316227766016837,4197,2,7.858664737527818,8.781261016099986,0.0
1,ridge,6,0.0562341325190349,4197,2,6.513911558741325,7.283408213138263,0.0
1,ridge,6,0.1,4197,2,5.2746515423994405,5.89717393315675,0.0
1,ridge,6,0.1778279410038923,4197,2,4.174921187490717,4.662892400566146,0.0
1,ridge,6,0.3162277660168379,4197,2,3.2548534924018595,3.627230749552281,0.0
1,ridge,6,0.5623413251903491,4197,2,2.540263303950258,2.820881438211927,0.0
1,ridge,6,1.0,4197,2,2.0213212010420123,2.234166280011146,0.0
1,ridge,6,1.7782794100389228,4197,2,1.6625072105803895,1.8278039953674097,0.0
1,ridge,6,3.1622776601683795,4197,2,1.4227584558667974,1.555685133713443,0.0
1,ridge,6,5.623413251903491,4197,2,1.2633515348241295,1.3740736156713582,0.0
1,ridge,6,10.0,4197,2,1.150503439602211,1.2446547363260183,0.0
1,ridge,6,17.78279410038923,4197,2,1.0596119873898997,1.1392458183777423,0.0
1,ridge,6,31.622776601683796,4197,2,0.9779488018453532,1.0428513089756977,0.0
1,ridge,6,56.23413251903491,4197,2,0.90431336567926,0.9533760925334884,0.0
1,ridge,6,100.0,4197,2,0.8468692420212361,0.8792090200145801,0.0
1,ridge,6,177.82794100389228,4197,2,0.8199469857517654,0.8356072902089159,0.0
1,ridge,6,316.227766016838,4197,2,0.8424300089444887,0.8429290505183036,0.0
1,ridge,6,562.341325190349,4197,2,0.9397906873383736,0.9289766291419804,0.0
1,ridge,6,1000.0,4197,2,1.1486903036379776,1.134032036129817,0.0
1,ridge,6,0.01,4197,3,6.943973324562424,7.689413948110035,0.0
1,ridge,6,0.0177827941003892,4197,3,5.719099632170611,6.333242894352617,0.0
1,ridge,6,0.0316227766016837,4197,3,4.62601491131969,5.1208364318934105,0.0
1,ridge,6,0.0562341325190349,4197,3,3.678444028136747,4.070887377740395,0.0
1,ridge,6,0.1,4197,3,2.9144524588038534,3.225700788623312,0.0
1,ridge,6,0.1778279410038923,4197,3,2.3469964570049853,2.597775457967245,0.0
1,ridge,6,0.3162277660168379,4197,3,1.929120106619839,2.134502639002706,0.0
1,ridge,6,0.5623413251903491,4197,3,1.5988226381373472,1.7681794101495958,0.0
1,ridge,6,1.0,4197,3,1.3252126427306563,1.4652723990974936,0.0
1,ridge,6,1.7782794100389228,4197,3,1.1067733739340264,1.2238621418995874,0.0
1,ridge,6,3.1622776601683795,4197,3,0.94765184205178,1.047996065020001,0.0
1,ridge,6,5.623413251903491,4197,3,0.8426194190784658,0.9312845940208682,0.0
1,ridge,6,10.0,4197,3,0.7782247043690417,0.8580897946375573,0.0
1,ridge,6,17.78279410038923,4197,3,0.7418606135917476,0.8138182810993725,0.0
1,ridge,6,31.622776601683796,4197,3,0.7273470905519608,0.7914798700657497,0.0
1,ridge,6,56.23413251903491,4197,3,0.7335092258476161,0.7900499879000137,0.0
1,ridge,6,100.0,4197,3,0.7624484899460028,0.8122333260734939,0.0
1,ridge,6,177.82794100389228,4197,3,0.8223261440759441,0.8675003451956124,0.0
1,ridge,6,316.227766016838,4197,3,0.9295340374387188,0.974728597440766,0.0
1,ridge,6,562.341325190349,4197,3,1.1053350988470385,1.158500378352623,0.0
1,ridge,6,1000.0,4197,3,1.3721906695362331,1.4446585749362888,0.0
1,ridge,6,0.01,4197,4,11.167054588222282,12.626408498424956,0.0
1,ridge,6,0.0177827941003892,4197,4,8.444373177513913,9.522940581709328,0.0
1,ridge,6,0.0316227766016837,4197,4,6.023969724821547,6.769484503475301,0.0
1,ridge,6,0.0562341325190349,4197,4,4.184021690774567,4.682994707475255,0.0
1,ridge,6,0.1,4197,4,2.9753580578333434,3.3175560473893384,0.0
1,ridge,6,0.1778279410038923,4197,4,2.268947537829565,2.5223545663038918,0.0
1,ridge,6,0.3162277660168379,4197,4,1.8805844566758136,2.0863472842763384,0.0
1,ridge,6,0.5623413251903491,4197,4,1.6622183163800244,1.8418030099006688,0.0
1,ridge,6,1.0,4197,4,1.5272683175337554,1.6914552191294694,0.0
1,ridge,6,1.7782794100389228,4197,4,1.4368151150292832,1.5916265104834395,0.0
1,ridge,6,3.1622776601683795,4197,4,1.376560183277964,1.5258908114545913,0.0
1,ridge,6,5.623413251903491,4197,4,1.338572049888661,1.4847846210868318,0.0
1,ridge,6,10.0,4197,4,1.3132466649606032,1.4570561573814769,0.0
1,ridge,6,17.78279410038923,4197,4,1.2905527337424134,1.4310615136336966,0.0
1,ridge,6,31.622776601683796,4197,4,1.263875089564742,1.3989298489909137,0.0
1,ridge,6,56.23413251903491,4197,4,1.231697697754938,1.358470741145139,0.0
1,ridge,6,100.0,4197,4,1.1975485988346013,1.3132229211189723,0.0
1,ridge,6,177.82794100389228,4197,4,1.1715592106095458,1.2742472125130082,0.0
1,ridge,6,316.227766016838,4197,4,1.1751605418759066,1.2655622846402683,0.0
1,ridge,6,562.341325190349,4197,4,1.2446677268190236,1.3285378651254185,0.0
1,ridge,6,1000.0,4197,4,1.4289411206622018,1.519463856304908,0.0
1,ridge,6,0.01,4207,0,12.127469102388565,13.146994654957645,0.0
1,ridge,6,0.0177827941003892,4207,0,10.439419807932229,11.308241908073114,0.0
1,ridge,6,0.0316227766016837,4207,0,8.799931136649104,9.523350724104956,0.0
1,ridge,6,0.0562341325190349,4207,0,7.204750664812228,7.788684778691649,0.0
1,ridge,6,0.1,4207,0,5.734196076876096,6.192155047826438,0.0
1,ridge,6,0.1778279410038923,4207,0,4.479168051534552,4.831521089018345,0.0
1,ridge,6,0.3162277660168379,4207,0,3.4643474275092423,3.731268851547836,0.0
1,ridge,6,0.5623413251903491,4207,0,2.664071614033467,2.86187065629674,0.0
1,ridge,6,1.0,4207,0,2.046613324196107,2.189249968336465,0.0
1,ridge,6,1.7782794100389228,4207,0,1.5888749907024853,1.689936908161905,0.0
1,ridge,6,3.1622776601683795,4207,0,1.2726955939010385,1.3455013150254962,0.0
1,ridge,6,5.623413251903491,4207,0,1.078012776437855,1.1344922308093983,0.0
1,ridge,6,10.0,4207,0,0.9785977938169244,1.0280475508803526,0.0
1,ridge,6,17.78279410038923,4207,0,0.9465064991446314,0.9951076956995408,0.0
1,ridge,6,31.622776601683796,4207,0,0.9593232295927396,1.010463909399829,0.0
1,ridge,6,56.23413251903491,4207,0,1.0009555199039453,1.055731733229056,0.0
1,ridge,6,100.0,4207,0,1.0600082492773608,1.1178285333700448,0.0
1,ridge,6,177.82794100389228,4207,0,1.132666262704515,1.1924144373332342,0.0
1,ridge,6,316.227766016838,4207,0,1.228718445851838,1.2906035478788194,0.0
1,ridge,6,562.341325190349,4207,0,1.3756826562014082,1.4433600143995649,0.0
1,ridge,6,1000.0,4207,0,1.616002346121015,1.6981284627252675,0.0
1,ridge,6,0.01,4207,1,11.535803586662052,13.34996301065622,0.0
1,ridge,6,0.0177827941003892,4207,1,9.994727497980648,11.57874520099792,0.0
1,ridge,6,0.0316227766016837,4207,1,8.477451818002196,9.825355476457064,0.0
1,ridge,6,0.0562341325190349,4207,1,6.998226682904599,8.105280733752531,0.0
1,ridge,6,0.1,4207,1,5.604116146664149,6.476519765403504,0.0
1,ridge,6,0.1778279410038923,4207,1,4.354588692881929,5.013368711095723,0.0
1,ridge,6,0.3162277660168379,4207,1,3.2923934207171257,3.769428221221724,0.0
1,ridge,6,0.5623413251903491,4207,1,2.4378496370455527,2.769933011517696,0.0
1,ridge,6,1.0,4207,1,1.7866261592722548,2.009919635188917,0.0
1,ridge,6,1.7782794100389228,4207,1,1.3146701138511372,1.460635436287193,0.0
1,ridge,6,3.1622776601683795,4207,1,0.9915536380496988,1.085445473049821,0.0
1,ridge,6,5.623413251903491,4207,1,0.7867054010391993,0.8474151061731066,0.0
1,ridge,6,10.0,4207,1,0.669754899232167,0.709964915256296,0.0
1,ridge,6,17.78279410038923,4207,1,0.6137293221925723,0.6407532810007242,0.0
1,ridge,6,31.622776601683796,4207,1,0.6007678227348426,0.6183266212392989,0.0
1,ridge,6,56.23413251903491,4207,1,0.6248265464843594,0.6350568875937017,0.0
1,ridge,6,100.0,4207,1,0.6887637282444368,0.6934977998388142,0.0
1,ridge,6,177.82794100389228,4207,1,0.7986625220621728,0.7997842276881775,0.0
1,ridge,6,316.227766016838,4207,1,0.9610181804303366,0.960609827227665,0.0
1,ridge,6,562.341325190349,4207,1,1.1847709177634365,1.185658978179142,0.0
1,ridge,6,1000.0,4207,1,1.485693544668938,1.4924687058990098,0.0
1,ridge,6,0.01,4207,2,9.777775836643032,10.56858323840753,0.0
1,ridge,6,0.0177827941003892,4207,2,7.983642305392498,8.623875558158028,0.0
1,ridge,6,0.0316227766016837,4207,2,6.499465205056201,7.014739725641202,0.0
1,ridge,6,0.0562341325190349,4207,2,5.320981691572211,5.736207713308402,0.0
1,ridge,6,0.1,4207,2,4.353333421608743,4.685091636078078,0.0
1,ridge,6,0.1778279410038923,4207,2,3.507590307745024,3.765582767495488,0.0
1,ridge,6,0.3162277660168379,4207,2,2.7684696510615074,2.962517971098327,0.0
1,ridge,6,0.5623413251903491,4207,2,2.162533561254523,2.305691513967364,0.0
1,ridge,6,1.0,4207,2,1.7031486129629534,1.809565971502031,0.0
1,ridge,6,1.7782794100389228,4207,2,1.3759488701759015,1.4578829528226322,0.0
1,ridge,6,3.1622776601683795,4207,2,1.1514995695073733,1.217868926019193,0.0
1,ridge,6,5.623413251903491,4207,2,0.9980631002045394,1.0542883185020049,0.0
1,ridge,6,10.0,4207,2,0.8907549387827004,0.93953348613308,0.0
1,ridge,6,17.78279410038923,4207,2,0.8176299681607953,0.8603010778090818,0.0
1,ridge,6,31.622776601683796,4207,2,0.7786611853656644,0.8163029858927286,0.0
1,ridge,6,56.23413251903491,4207,2,0.7779580218547782,0.8115975523081512,0.0
1,ridge,6,100.0,4207,2,0.8172751095536384,0.8475746600791485,0.0
1,ridge,6,177.82794100389228,4207,2,0.8975460470007661,0.9248128513243667,0.0
1,ridge,6,316.227766016838,4207,2,1.025218529708638,1.050087465370417,0.0
1,ridge,6,562.341325190349,4207,2,1.2170928389857836,1.2416837337449755,0.0
1,ridge,6,1000.0,4207,2,1.500591064644621,1.5297214901755385,0.0
1,ridge,6,0.01,4207,3,15.787055622282844,17.17175423145099,0.0
1,ridge,6,0.0177827941003892,4207,3,12.857050657165091,14.013900657143235,0.0
1,ridge,6,0.0316227766016837,4207,3,9.751468179931974,10.639413605099511,0.0
1,ridge,6,0.0562341325190349,4207,3,6.858947942899157,7.4848746948537075,0.0
1,ridge,6,0.1,4207,3,4.547125109884121,4.959645813796403,0.0
1,ridge,6,0.1778279410038923,4207,3,2.946945037677059,3.209436554497401,0.0
1,ridge,6,0.3162277660168379,4207,3,1.951932860434988,2.118235990846725,0.0
1,ridge,6,0.5623413251903491,4207,3,1.3657505991377183,1.472342951934814,0.0
1,ridge,6,1.0,4207,3,1.021553661367157,1.0913256593562704,0.0
1,ridge,6,1.7782794100389228,4207,3,0.8151447229978265,0.8625331258831963,0.0
1,ridge,6,3.1622776601683795,4207,3,0.6912306340767154,0.7246836583761918,0.0
1,ridge,6,5.623413251903491,4207,3,0.6213129681713416,0.6449428870768794,0.0
1,ridge,6,10.0,4207,3,0.5887791670062967,0.6047209779559859,0.0
1,ridge,6,17.78279410038923,4207,3,0.5834735351991726,0.5939602981272418,0.0
1,ridge,6,31.622776601683796,4207,3,0.6006869266261383,0.6088656008246318,0.0
1,ridge,6,56.23413251903491,4207,3,0.6395734456770092,0.6494401742001189,0.0
1,ridge,6,100.0,4207,3,0.7018551522559515,0.717981046075191,0.0
1,ridge,6,177.82794100389228,4207,3,0.7931731571263296,0.8203767046644014,0.0
1,ridge,6,316.227766016838,4207,3,0.9248050722581824,0.9676630759544794,0.0
1,ridge,6,562.341325190349,4207,3,1.11465442596537,1.1770755012584606,0.0
1,ridge,6,1000.0,4207,3,1.3925166823356367,1.4782932286297032,0.0
1,ridge,6,0.01,4207,4,9.354209846186142,10.231904647487916,0.0
1,ridge,6,0.0177827941003892,4207,4,8.311850260223773,9.083941400659882,0.0
1,ridge,6,0.0316227766016837,4207,4,7.1092157693543045,7.76050754821861,0.0
1,ridge,6,0.0562341325190349,4207,4,5.8607485581670415,6.389025613665978,0.0
1,ridge,6,0.1,4207,4,4.66801471943568,5.082606654169768,0.0
1,ridge,6,0.1778279410038923,4207,4,3.605714187654796,3.923535745775449,0.0
1,ridge,6,0.3162277660168379,4207,4,2.726320769994528,2.9677394629713096,0.0
1,ridge,6,0.5623413251903491,4207,4,2.046534728099236,2.2305825268822117,0.0
1,ridge,6,1.0,4207,4,1.5436899292808957,1.68473246323103,0.0
1,ridge,6,1.7782794100389228,4207,4,1.1793919600988876,1.2873497437794823,0.0
1,ridge,6,3.1622776601683795,4207,4,0.9227820703778143,1.0053374313276602,0.0
1,ridge,6,5.623413251903491,4207,4,0.7531952789571819,0.8172613432026083,0.0
1,ridge,6,10.0,4207,4,0.6523951071733047,0.7040538470615975,0.0
1,ridge,6,17.78279410038923,4207,4,0.6024766593451847,0.6464158499518718,0.0
1,ridge,6,31.622776601683796,4207,4,0.5888959754491259,0.6281836492741926,0.0
1,ridge,6,56.23413251903491,4207,4,0.6029013796748528,0.6392143646243519,0.0
1,ridge,6,100.0,4207,4,0.6428503446446364,0.6771163093185641,0.0
1,ridge,6,177.82794100389228,4207,4,0.7136240545572085,0.7468943072651953,0.0
1,ridge,6,316.227766016838,4207,4,0.8245768795661954,0.8589778808926442,0.0
1,ridge,6,562.341325190349,4207,4,0.9890387168608396,1.028805643045968,0.0
1,ridge,6,1000.0,4207,4,1.2263905556199228,1.2788151057769137,0.0
1,ridge,6,0.01,4217,0,8.40560077502027,8.820598422050484,0.0
1,ridge,6,0.0177827941003892,4217,0,7.592415281981998,7.964209992447471,0.0
1,ridge,6,0.0316227766016837,4217,0,6.688951332751597,7.015851676922456,0.0
1,ridge,6,0.0562341325190349,4217,0,5.738416283918169,6.021324173808386,0.0
1,ridge,6,0.1,4217,0,4.790623930812525,5.031850865814692,0.0
1,ridge,6,0.1778279410038923,4217,0,3.911150017692557,4.114082748564534,0.0
1,ridge,6,0.3162277660168379,4217,0,3.156068574205733,3.324641561782496,0.0
1,ridge,6,0.5623413251903491,4217,0,2.545504111803675,2.6835486192475035,0.0
1,ridge,6,1.0,4217,0,2.0697515623935825,2.181174560335171,0.0
1,ridge,6,1.7782794100389228,4217,0,1.7063818758189355,1.7954921500906724,0.0
1,ridge,6,3.1622776601683795,4217,0,1.429233100403549,1.500335821574985,0.0
1,ridge,6,5.623413251903491,4217,0,1.2158282193392729,1.2727151616251613,0.0
1,ridge,6,10.0,4217,0,1.0546836391505143,1.1007525265715006,0.0
1,ridge,6,17.78279410038923,4217,0,0.944279415623061,0.9829429743402812,0.0
1,ridge,6,31.622776601683796,4217,0,0.8836723890931193,0.9183503198189592,0.0
1,ridge,6,56.23413251903491,4217,0,0.8673007347055464,0.9010538410786731,0.0
1,ridge,6,100.0,4217,0,0.8877844221693755,0.9230716442372968,0.0
1,ridge,6,177.82794100389228,4217,0,0.9408714610956476,0.9796583737185024,0.0
1,ridge,6,316.227766016838,4217,0,1.0304502492992136,1.0747263371006897,0.0
1,ridge,6,562.341325190349,4217,0,1.172603598508673,1.2252474902671644,0.0
1,ridge,6,1000.0,4217,0,1.3965073415579732,1.4622671889432843,0.0
1,ridge,6,0.01,4217,1,11.145273513205863,12.469590171946974,0.0
1,ridge,6,0.0177827941003892,4217,1,8.535878721109615,9.536176188832126,0.0
1,ridge,6,0.0316227766016837,4217,1,6.365891438661665,7.103222388864704,0.0
1,ridge,6,0.0562341325190349,4217,1,4.683511752054074,5.219054361178683,0.0
1,ridge,6,0.1,4217,1,3.4669136393935327,3.855965343990486,0.0
1,ridge,6,0.1778279410038923,4217,1,2.6022295221974585,2.8849358934248377,0.0
1,ridge,6,0.3162277660168379,4217,1,1.9664185086071249,2.167907662142085,0.0
1,ridge,6,0.5623413251903491,4217,1,1.493095596437875,1.6313685274072554,0.0
1,ridge,6,1.0,4217,1,1.1591726447577626,1.2510016513100612,0.0
1,ridge,6,1.7782794100389228,4217,1,0.9427541863087404,1.0035239167919474,0.0
1,ridge,6,3.1622776601683795,4217,1,0.8109464887241671,0.8522523305443491,0.0
1,ridge,6,5.623413251903491,4217,1,0.734913251478451,0.7641736717669868,0.0
1,ridge,6,10.0,4217,1,0.6991696419096006,0.7210217090787029,0.0
1,ridge,6,17.78279410038923,4217,1,0.6966023941985557,0.7140608529021074,0.0
1,ridge,6,31.622776601683796,4217,1,0.7224677916644873,0.7373553062745898,0.0
1,ridge,6,56.23413251903491,4217,1,0.7731197931405055,0.7863856742052063,0.0
1,ridge,6,100.0,4217,1,0.8454492073850826,0.8574728724110113,0.0
1,ridge,6,177.82794100389228,4217,1,0.9361021976432208,0.946590226444576,0.0
1,ridge,6,316.227766016838,4217,1,1.0460670259336535,1.054186464545391,0.0
1,ridge,6,562.341325190349,4217,1,1.191222300942139,1.1974535413753,0.0
1,ridge,6,1000.0,4217,1,1.4056536617527515,1.4149805245520348,0.0
1,ridge,6,0.01,4217,2,20.803439424938382,24.955219669709813,0.0
1,ridge,6,0.0177827941003892,4217,2,18.26213905553128,21.89561765448488,0.0
1,ridge,6,0.0316227766016837,4217,2,15.249084558203958,18.257507168845827,0.0
1,ridge,6,0.0562341325190349,4217,2,11.992429878417925,14.324011242751082,0.0
1,ridge,6,0.1,4217,2,8.881608125012058,10.571571301599118,0.0
1,ridge,6,0.1778279410038923,4217,2,6.26724076402647,7.424655938682227,0.0
1,ridge,6,0.3162277660168379,4217,2,4.281258948927859,5.040578785082172,0.0
1,ridge,6,0.5623413251903491,4217,2,2.8748233102295133,3.3579931175719544,0.0
1,ridge,6,1.0,4217,2,1.9385920622897,2.242708297691093,0.0
1,ridge,6,1.7782794100389228,4217,2,1.3585737586602933,1.5549814621663376,0.0
1,ridge,6,3.1622776601683795,4217,2,1.0265803083350642,1.1625092307760438,0.0
1,ridge,6,5.623413251903491,4217,2,0.8495746927024527,0.95228822343081,0.0
1,ridge,6,10.0,4217,2,0.7611341282314005,0.8444166595373023,0.0
1,ridge,6,17.78279410038923,4217,2,0.723165556902883,0.7934299861857702,0.0
1,ridge,6,31.622776601683796,4217,2,0.7173607461599341,0.7773904635551375,0.0
1,ridge,6,56.23413251903491,4217,2,0.7365155220409652,0.7874117992596066,0.0
1,ridge,6,100.0,4217,2,0.7805921822315728,0.8230316303282479,0.0
1,ridge,6,177.82794100389228,4217,2,0.8555459963615432,0.8906734226878207,0.0
1,ridge,6,316.227766016838,4217,2,0.973590461787282,1.003683750420208,0.0
1,ridge,6,562.341325190349,4217,2,1.1552520323781243,1.184400713292658,0.0
1,ridge,6,1000.0,4217,2,1.4325750824958985,1.4676854864096294,0.0
1,ridge,6,0.01,4217,3,17.71493758432971,19.019156801052475,0.0
1,ridge,6,0.0177827941003892,4217,3,15.02868713193882,16.131289915364736,0.0
1,ridge,6,0.0316227766016837,4217,3,12.338609788899497,13.239686774068735,0.0
1,ridge,6,0.0562341325190349,4217,3,9.735490575655412,10.44142702981795,0.0
1,ridge,6,0.1,4217,3,7.352875948399108,7.880086175876996,0.0
1,ridge,6,0.1778279410038923,4217,3,5.34825011748001,5.725058841244263,0.0
1,ridge,6,0.3162277660168379,4217,3,3.8230256141587753,4.085304548552828,0.0
1,ridge,6,0.5623413251903491,4217,3,2.758449788174154,2.940572260039773,0.0
1,ridge,6,1.0,4217,3,2.0452409676881387,2.173302803629575,0.0
1,ridge,6,1.7782794100389228,4217,3,1.5652962029951747,1.6563699480323018,0.0
1,ridge,6,3.1622776601683795,4217,3,1.2389563939042243,1.3039327989561007,0.0
1,ridge,6,5.623413251903491,4217,3,1.0223088006088723,1.0687390451919974,0.0
1,ridge,6,10.0,4217,3,0.8878522823216928,0.9213625169548044,0.0
1,ridge,6,17.78279410038923,4217,3,0.8144716902370794,0.8392311577105654,0.0
1,ridge,6,31.622776601683796,4217,3,0.7878318985796124,0.8069286692499249,0.0
1,ridge,6,56.23413251903491,4217,3,0.8003551442921821,0.8161930869923655,0.0
1,ridge,6,100.0,4217,3,0.848540130138578,0.863084536040527,0.0
1,ridge,6,177.82794100389228,4217,3,0.9329006269880492,0.947954396859234,0.0
1,ridge,6,316.227766016838,4217,3,1.0615211180946422,1.0792861556550504,0.0
1,ridge,6,562.341325190349,4217,3,1.2545351288373965,1.278465038503109,0.0
1,ridge,6,1000.0,4217,3,1.5470941833182783,1.582871945326827,0.0
1,ridge,6,0.01,4217,4,6.862844932959606,7.523608392070442,0.0
1,ridge,6,0.0177827941003892,4217,4,6.3798457480249775,7.0159382172760765,0.0
1,ridge,6,0.0316227766016837,4217,4,5.738774315504625,6.332468244323945,0.0
1,ridge,6,0.0562341325190349,4217,4,4.933820229175422,5.456894703463689,0.0
1,ridge,6,0.1,4217,4,4.040716818737597,4.470525473422484,0.0
1,ridge,6,0.1778279410038923,4217,4,3.17758522683856,3.509469710332982,0.0
1,ridge,6,0.3162277660168379,4217,4,2.4357104171324533,2.6812014607314087,0.0
1,ridge,6,0.5623413251903491,4217,4,1.8526583610143312,2.030310271284029,0.0
1,ridge,6,1.0,4217,4,1.4271858873022638,1.5557713023490052,0.0
1,ridge,6,1.7782794100389228,4217,4,1.139957388445329,1.2357189687875043,0.0
1,ridge,6,3.1622776601683795,4217,4,0.9635855033544364,1.039165263164168,0.0
1,ridge,6,5.623413251903491,4217,4,0.866022869626554,0.9298875108241172,0.0
1,ridge,6,10.0,4217,4,0.8147621805443807,0.8713027421300021,0.0
1,ridge,6,17.78279410038923,4217,4,0.783681394170684,0.8342502297194749,0.0
1,ridge,6,31.622776601683796,4217,4,0.7584996307779469,0.8030382419555548,0.0
1,ridge,6,56.23413251903491,4217,4,0.7369015773378533,0.7753446991591539,0.0
1,ridge,6,100.0,4217,4,0.7264773729671161,0.759700814248425,0.0
1,ridge,6,177.82794100389228,4217,4,0.745022821939722,0.7758438807398016,0.0
1,ridge,6,316.227766016838,4217,4,0.8185336707629537,0.8526678313675227,0.0
1,ridge,6,562.341325190349,4217,4,0.972494818674844,1.018667336247775,0.0
1,ridge,6,1000.0,4217,4,1.2262984093312617,1.2956642315387443,0.0
1,ridge,7,0.01,4197,0,6.83872880037998,7.365485523275881,0.0
1,ridge,7,0.0177827941003892,4197,0,6.452427970600256,6.948245890998065,0.0
1,ridge,7,0.0316227766016837,4197,0,5.948735341921666,6.404107912143118,0.0
1,ridge,7,0.0562341325190349,4197,0,5.338069245611398,5.744236734139428,0.0
1,ridge,7,0.1,4197,0,4.633951755524318,4.983158079518084,0.0
1,ridge,7,0.1778279410038923,4197,0,3.8654579647319673,4.152209144212364,0.0
1,ridge,7,0.3162277660168379,4197,0,3.09730381960986,3.3212416686603827,0.0
1,ridge,7,0.5623413251903491,4197,0,2.40981354504248,2.577066700894711,0.0
1,ridge,7,1.0,4197,0,1.8544286156142404,1.9754540503586109,0.0
1,ridge,7,1.7782794100389228,4197,0,1.438279701596177,1.5243296416204897,0.0
1,ridge,7,3.1622776601683795,4197,0,1.1421222354025369,1.2029410219510488,0.0
1,ridge,7,5.623413251903491,4197,0,0.9394889818505838,0.982497284129046,0.0
1,ridge,7,10.0,4197,0,0.8048306862558953,0.8351122268903386,0.0
1,ridge,7,17.78279410038923,4197,0,0.7179179739184104,0.7387627840908467,0.0
1,ridge,7,31.622776601683796,4197,0,0.667058655519393,0.6808550411076113,0.0
1,ridge,7,56.23413251903491,4197,0,0.649126401306628,0.6581911170853074,0.0
1,ridge,7,100.0,4197,0,0.6678430012424894,0.6749527715579366,0.0
1,ridge,7,177.82794100389228,4197,0,0.7332853443475098,0.741991421178105,0.0
1,ridge,7,316.227766016838,4197,0,0.861114506657865,0.8758819407973266,0.0
1,ridge,7,562.341325190349,4197,0,1.0684152499433632,1.0944717891677436,0.0
1,ridge,7,1000.0,4197,0,1.3687272641325563,1.4117281602545972,0.0
1,ridge,7,0.01,4197,1,2.134255295511653,2.229813814623216,0.0
1,ridge,7,0.0177827941003892,4197,1,2.0829047515328734,2.1756827119180926,0.0
1,ridge,7,0.0316227766016837,4197,1,2.002219331852408,2.090571737788838,0.0
1,ridge,7,0.0562341325190349,4197,1,1.8839720534697488,1.9658226549020112,0.0
1,ridge,7,0.1,4197,1,1.7254986106968144,1.7987615121110574,0.0
1,ridge,7,0.1778279410038923,4197,1,1.5336445210543084,1.5968534401828731,0.0
1,ridge,7,0.3162277660168379,4197,1,1.3250182099975654,1.377803011008003,0.0
1,ridge,7,0.5623413251903491,4197,1,1.1223903826692578,1.165511004926007,0.0
1,ridge,7,1.0,4197,1,0.9473706588894332,0.9821815044809424,0.0
1,ridge,7,1.7782794100389228,4197,1,0.812142254128549,0.8397564910207038,0.0
1,ridge,7,3.1622776601683795,4197,1,0.7171799724424363,0.7380411152360631,0.0
1,ridge,7,5.623413251903491,4197,1,0.6553620931798552,0.6694760403932557,0.0
1,ridge,7,10.0,4197,1,0.6167326383064287,0.6241076444134497,0.0
1,ridge,7,17.78279410038923,4197,1,0.592494482146335,0.5935059050839966,0.0
1,ridge,7,31.622776601683796,4197,1,0.5787799623416274,0.5745497087520791,0.0
1,ridge,7,56.23413251903491,4197,1,0.5784417418515472,0.571057938975887,0.0
1,ridge,7,100.0,4197,1,0.6003084547656811,0.5926120005057659,0.0
1,ridge,7,177.82794100389228,4197,1,0.6572451054238123,0.6522257397478711,0.0
1,ridge,7,316.227766016838,4197,1,0.7643603714807341,0.7643162685283892,0.0
1,ridge,7,562.341325190349,4197,1,0.9382589908659388,0.9441394886170864,0.0
1,ridge,7,1000.0,4197,1,1.1969228986536309,1.208589727939858,0.0
1,ridge,7,0.01,4197,2,5.945184427380108,6.590425675788424,0.0
1,ridge,7,0.0177827941003892,4197,2,5.646790830818209,6.261034635343158,0.0
1,ridge,7,0.0316227766016837,4197,2,5.282193956706862,5.858471493760748,0.0
1,ridge,7,0.0562341325190349,4197,2,4.881933076190902,5.415849882661134,0.0
1,ridge,7,0.1,4197,2,4.457697890811098,4.944986435293458,0.0
1,ridge,7,0.1778279410038923,4197,2,3.989290943066128,4.422777679812439,0.0
1,ridge,7,0.3162277660168379,4197,2,3.464638406874439,3.836331429714384,0.0
1,ridge,7,0.5623413251903491,4197,2,2.9171712934572733,3.2241098253351894,0.0
1,ridge,7,1.0,4197,2,2.409054399900623,2.6562625406047693,0.0
1,ridge,7,1.7782794100389228,4197,2,1.98796909987794,2.18596610714292,0.0
1,ridge,7,3.1622776601683795,4197,2,1.6677396285927606,1.828001083224305,0.0
1,ridge,7,5.623413251903491,4197,2,1.4393262923435983,1.571549276924223,0.0
1,ridge,7,10.0,4197,2,1.2848191392579582,1.396249293372196,0.0
1,ridge,7,17.78279410038923,4197,2,1.1807499162782786,1.2758294923026745,0.0
1,ridge,7,31.622776601683796,4197,2,1.1022106620112773,1.1823241623786247,0.0
1,ridge,7,56.23413251903491,4197,2,1.0326224951341867,1.096775926719754,0.0
1,ridge,7,100.0,4197,2,0.9687623844148064,1.0149163093761346,0.0
1,ridge,7,177.82794100389228,4197,2,0.9178348950110417,0.9440520197455544,0.0
1,ridge,7,316.227766016838,4197,2,0.8938996590319805,0.8992555947367837,0.0
1,ridge,7,562.341325190349,4197,2,0.9195561356576498,0.9053430584485128,0.0
1,ridge,7,1000.0,4197,2,1.0330161034342038,1.00468172088123,0.0
1,ridge,7,0.01,4197,3,4.253618053013477,4.792067170615619,0.0
1,ridge,7,0.0177827941003892,4197,3,4.078798236677318,4.59363542314544,0.0
1,ridge,7,0.0316227766016837,4197,3,3.838670334282543,4.321643883524914,0.0
1,ridge,7,0.0562341325190349,4197,3,3.5389284418054934,3.9832781216817854,0.0
1,ridge,7,0.1,4197,3,3.1967235924170114,3.598558553359422,0.0
1,ridge,7,0.1778279410038923,4197,3,2.833261781004683,3.190945791951731,0.0
1,ridge,7,0.3162277660168379,4197,3,2.465629837760875,2.777844794904628,0.0
1,ridge,7,0.5623413251903491,4197,3,2.101458953329052,2.366089561613839,0.0
1,ridge,7,1.0,4197,3,1.74716446437197,1.9629836871342516,0.0
1,ridge,7,1.7782794100389228,4197,3,1.4211367586918595,1.591030803510873,0.0
1,ridge,7,3.1622776601683795,4197,3,1.1498882353828932,1.2818570516294217,0.0
1,ridge,7,5.623413251903491,4197,3,0.9526205822714842,1.0574839856235834,0.0
1,ridge,7,10.0,4197,3,0.8312299708918793,0.9191827720853832,0.0
1,ridge,7,17.78279410038923,4197,3,0.771334309236291,0.849426816163899,0.0
1,ridge,7,31.622776601683796,4197,3,0.7520400550450993,0.8234257736787481,0.0
1,ridge,7,56.23413251903491,4197,3,0.756447504676586,0.8212921323099558,0.0
1,ridge,7,100.0,4197,3,0.7765184054333261,0.8338115462123405,0.0
1,ridge,7,177.82794100389228,4197,3,0.8150548691471592,0.8646626406461785,0.0
1,ridge,7,316.227766016838,4197,3,0.8876292652893696,0.932258252166411,0.0
1,ridge,7,562.341325190349,4197,3,1.0197897132150353,1.0662026828949698,0.0
1,ridge,7,1000.0,4197,3,1.2382439794696496,1.2969996493113725,0.0
1,ridge,7,0.01,4197,4,4.658980161045966,5.262506149653299,0.0
1,ridge,7,0.0177827941003892,4197,4,4.4664094800796,5.042960053931657,0.0
1,ridge,7,0.0316227766016837,4197,4,4.182563683692389,4.71941637682769,0.0
1,ridge,7,0.0562341325190349,4197,4,3.807470761214998,4.292048733201139,0.0
1,ridge,7,0.1,4197,4,3.381071187042631,3.8066658087990857,0.0
1,ridge,7,0.1778279410038923,4197,4,2.977617367927127,3.348195815544737,0.0
1,ridge,7,0.3162277660168379,4197,4,2.656680527441309,2.9844529946540312,0.0
1,ridge,7,0.5623413251903491,4197,4,2.4156077428013902,2.7117812190464146,0.0
1,ridge,7,1.0,4197,4,2.2065697728685687,2.4750173371675275,0.0
1,ridge,7,1.7782794100389228,4197,4,1.9959853495603013,2.235767576479874,0.0
1,ridge,7,3.1622776601683795,4197,4,1.7913932574224112,2.002822367651757,0.0
1,ridge,7,5.623413251903491,4197,4,1.618795563450997,1.805882560828652,0.0
1,ridge,7,10.0,4197,4,1.49359518681417,1.6624106702564083,0.0
1,ridge,7,17.78279410038923,4197,4,1.413509243628416,1.5696937061660676,0.0
1,ridge,7,31.622776601683796,4197,4,1.3657448222454651,1.5128773625869782,0.0
1,ridge,7,56.23413251903491,4197,4,1.3348794213479045,1.4737224627718792,0.0
1,ridge,7,100.0,4197,4,1.3078378693147472,1.4364380476054797,0.0
1,ridge,7,177.82794100389228,4197,4,1.2779514555327889,1.3927362452751684,0.0
1,ridge,7,316.227766016838,4197,4,1.2523382286462978,1.350467461037289,0.0
1,ridge,7,562.341325190349,4197,4,1.2611034275027737,1.3441316764151725,0.0
1,ridge,7,1000.0,4197,4,1.3578110721498613,1.435507286388943,0.0
1,ridge,7,0.01,4207,0,13.15914400667396,14.509079483901886,0.0
1,ridge,7,0.0177827941003892,4207,0,12.275645076542473,13.528581945148366,0.0
1,ridge,7,0.0316227766016837,4207,0,11.066893881896265,12.187900910403329,0.0
1,ridge,7,0.0562341325190349,4207,0,9.591588634300816,10.552970889955375,0.0
1,ridge,7,0.1,4207,0,7.9933658424799905,8.78378397704602,0.0
1,ridge,7,0.1778279410038923,4207,0,6.434331366136833,7.060053863260451,0.0
1,ridge,7,0.3162277660168379,4207,0,5.036415621494713,5.516130010087423,0.0
1,ridge,7,0.5623413251903491,4207,0,3.865621178789685,4.224041952555044,0.0
1,ridge,7,1.0,4207,0,2.9363536420854937,3.198745187294857,0.0
1,ridge,7,1.7782794100389228,4207,0,2.229833782467763,2.418869960618496,0.0
1,ridge,7,3.1622776601683795,4207,0,1.7163192313541082,1.8515776362803813,0.0
1,ridge,7,5.623413251903491,4207,0,1.3644863539822774,1.4626563046888603,0.0
1,ridge,7,10.0,4207,0,1.1421446951292105,1.2168045753505097,0.0
1,ridge,7,17.78279410038923,4207,0,1.018731000599744,1.0802126038981987,0.0
1,ridge,7,31.622776601683796,4207,0,0.969758059206142,1.0254895761364529,0.0
1,ridge,7,56.23413251903491,4207,0,0.9771177262403224,1.0320071242664948,0.0
1,ridge,7,100.0,4207,0,1.025828287539104,1.0824410603690184,0.0
1,ridge,7,177.82794100389228,4207,0,1.104086943182277,1.163155410411263,0.0
1,ridge,7,316.227766016838,4207,0,1.2082526107247846,1.2699710410161331,0.0
1,ridge,7,562.341325190349,4207,0,1.3503116813626193,1.416416594984284,0.0
1,ridge,7,1000.0,4207,0,1.5636879396454786,1.6399815274124334,0.0
1,ridge,7,0.01,4207,1,6.855471365720556,7.844297371526837,0.0
1,ridge,7,0.0177827941003892,4207,1,6.227010478783565,7.122976889987572,0.0
1,ridge,7,0.0316227766016837,4207,1,5.459398069873368,6.2420265801560175,0.0
1,ridge,7,0.0562341325190349,4207,1,4.643147047961458,5.3054540088819735,0.0
1,ridge,7,0.1,4207,1,3.87460661911076,4.423300606771166,0.0
1,ridge,7,0.1778279410038923,4207,1,3.2050611876735715,3.653124525603984,0.0
1,ridge,7,0.3162277660168379,4207,1,2.644755297357785,3.006166496696761,0.0
1,ridge,7,0.5623413251903491,4207,1,2.189826074511107,2.479213787530818,0.0
1,ridge,7,1.0,4207,1,1.830475777866788,2.062493663812242,0.0
1,ridge,7,1.7782794100389228,4207,1,1.5502219643750563,1.7372921169860331,0.0
1,ridge,7,3.1622776601683795,4207,1,1.330197472314809,1.4812182244102847,0.0
1,ridge,7,5.623413251903491,4207,1,1.1547522956347156,1.2755620588847147,0.0
1,ridge,7,10.0,4207,1,1.0147204308637137,1.1094003778715948,0.0
1,ridge,7,17.78279410038923,4207,1,0.9082280294430756,0.9803665998549076,0.0
1,ridge,7,31.622776601683796,4207,1,0.8386245000775358,0.8920188947188006,0.0
1,ridge,7,56.23413251903491,4207,1,0.8101120591143879,0.8486866220365302,0.0
1,ridge,7,100.0,4207,1,0.8246099754319964,0.8517448815689995,0.0
1,ridge,7,177.82794100389228,4207,1,0.8833911916758748,0.901453666084965,0.0
1,ridge,7,316.227766016838,4207,1,0.9911857839934156,1.0020260318850125,0.0
1,ridge,7,562.341325190349,4207,1,1.1583664709219057,1.164680257809268,0.0
1,ridge,7,1000.0,4207,1,1.4019705784520655,1.4087291869436895,0.0
1,ridge,7,0.01,4207,2,5.911055595585546,6.367899160570672,0.0
1,ridge,7,0.0177827941003892,4207,2,5.635307566952477,6.070108452243476,0.0
1,ridge,7,0.0316227766016837,4207,2,5.247874671848782,5.6516835694956855,0.0
1,ridge,7,0.0562341325190349,4207,2,4.759867834240639,5.124571445633694,0.0
1,ridge,7,0.1,4207,2,4.213323180441785,4.534084282529559,0.0
1,ridge,7,0.1778279410038923,4207,2,3.659961210257264,3.936012216913046,0.0
1,ridge,7,0.3162277660168379,4207,2,3.135266214731023,3.368642969240641,0.0
1,ridge,7,0.5623413251903491,4207,2,2.651628718354725,2.8452557194222026,0.0
1,ridge,7,1.0,4207,2,2.209062381846387,2.36570939163058,0.0
1,ridge,7,1.7782794100389228,4207,2,1.8108483060623397,1.9335858322959352,0.0
1,ridge,7,3.1622776601683795,4207,2,1.4684777948799874,1.5616558580559086,0.0
1,ridge,7,5.623413251903491,4207,2,1.1938192858523715,1.2631776280183058,0.0
1,ridge,7,10.0,4207,2,0.9910640593242974,1.0428123767891002,0.0
1,ridge,7,17.78279410038923,4207,2,0.8557319543214531,0.8953752219093477,0.0
1,ridge,7,31.622776601683796,4207,2,0.7791701054523481,0.8108166468055171,0.0
1,ridge,7,56.23413251903491,4207,2,0.752894361959279,0.779145981773517,0.0
1,ridge,7,100.0,4207,2,0.7681645516584277,0.7901558841226191,0.0
1,ridge,7,177.82794100389228,4207,2,0.8150231820305148,0.8324936980300691,0.0
1,ridge,7,316.227766016838,4207,2,0.8890676323742575,0.9010407055214636,0.0
1,ridge,7,562.341325190349,4207,2,1.0035203828552786,1.0100287280830271,0.0
1,ridge,7,1000.0,4207,2,1.1937746488613046,1.1980643263134585,0.0
1,ridge,7,0.01,4207,3,5.276140466278915,5.771002036630385,0.0
1,ridge,7,0.0177827941003892,4207,3,5.011943183892043,5.482499387878582,0.0
1,ridge,7,0.0316227766016837,4207,3,4.657997879963299,5.096014098245156,0.0
1,ridge,7,0.0562341325190349,4207,3,4.217103794443043,4.614118229729503,0.0
1,ridge,7,0.1,4207,3,3.691177318688541,4.037817140429557,0.0
1,ridge,7,0.1778279410038923,4207,3,3.089744382481784,3.3765675152321566,0.0
1,ridge,7,0.3162277660168379,4207,3,2.4613696543997325,2.6838430588528626,0.0
1,ridge,7,0.5623413251903491,4207,3,1.888783513163692,2.051783151167653,0.0
1,ridge,7,1.0,4207,3,1.4340636789385806,1.549750871669486,0.0
1,ridge,7,1.7782794100389228,4207,3,1.1052698222836352,1.18669823645304,0.0
1,ridge,7,3.1622776601683795,4207,3,0.8779638478095209,0.9349895558090152,0.0
1,ridge,7,5.623413251903491,4207,3,0.7273779900084163,0.7665551330836629,0.0
1,ridge,7,10.0,4207,3,0.6367927929630512,0.6627231031294467,0.0
1,ridge,7,17.78279410038923,4207,3,0.5933185244862542,0.6097582440861242,0.0
1,ridge,7,31.622776601683796,4207,3,0.5867097603790902,0.5974007980841715,0.0
1,ridge,7,56.23413251903491,4207,3,0.6098270976293686,0.6190161017598258,0.0
1,ridge,7,100.0,4207,3,0.6583350016358966,0.6707534415777964,0.0
1,ridge,7,177.82794100389228,4207,3,0.731698712568783,0.7520588512730623,0.0
1,ridge,7,316.227766016838,4207,3,0.8360529202141223,0.8684402611557581,0.0
1,ridge,7,562.341325190349,4207,3,0.9887717758116475,1.0365750917317806,0.0
1,ridge,7,1000.0,4207,3,1.2228165676743097,1.2897003405322376,0.0
1,ridge,7,0.01,4207,4,3.3022949536584263,3.628940705183569,0.0
1,ridge,7,0.0177827941003892,4207,4,3.239535825290825,3.559158184388336,0.0
1,ridge,7,0.0316227766016837,4207,4,3.139828957627766,3.4483414098624583,0.0
1,ridge,7,0.0562341325190349,4207,4,2.990471367905486,3.282481766944587,0.0
1,ridge,7,0.1,4207,4,2.7823817199255627,3.0517493705941594,0.0
1,ridge,7,0.1778279410038923,4207,4,2.515432052091554,2.75644094826239,0.0
1,ridge,7,0.3162277660168379,4207,4,2.2033954233998694,2.4122829515059268,0.0
1,ridge,7,0.5623413251903491,4207,4,1.873833082094605,2.049898919482696,0.0
1,ridge,7,1.0,4207,4,1.5575556077562438,1.7028476494882725,0.0
1,ridge,7,1.7782794100389228,4207,4,1.2761681441997257,1.3940594825238852,0.0
1,ridge,7,3.1622776601683795,4207,4,1.040233146696178,1.1344115823394254,0.0
1,ridge,7,5.623413251903491,4207,4,0.8544570820268609,0.928824704655866,0.0
1,ridge,7,10.0,4207,4,0.7202119049389838,0.7789201978818747,0.0
1,ridge,7,17.78279410038923,4207,4,0.6348559052450977,0.6820039840865154,0.0
1,ridge,7,31.622776601683796,4207,4,0.5925021053308298,0.6317180770351108,0.0
1,ridge,7,56.23413251903491,4207,4,0.5868291426036389,0.620985576139108,0.0
1,ridge,7,100.0,4207,4,0.6133306411851553,0.6444736859047897,0.0
1,ridge,7,177.82794100389228,4207,4,0.670785505671701,0.7004005445019369,0.0
1,ridge,7,316.227766016838,4207,4,0.763269270475575,0.7929947168789062,0.0
1,ridge,7,562.341325190349,4207,4,0.9028724309959764,0.9357035250384024,0.0
1,ridge,7,1000.0,4207,4,1.1109576848959617,1.1527300703586902,0.0
1,ridge,7,0.01,4217,0,4.800588732075696,5.0756855003419785,0.0
1,ridge,7,0.0177827941003892,4217,0,4.706825528480344,4.9761058796962425,0.0
1,ridge,7,0.0316227766016837,4217,0,4.575274044202208,4.836460070537871,0.0
1,ridge,7,0.0562341325190349,4217,0,4.403004796493636,4.653742711232188,0.0
1,ridge,7,0.1,4217,0,4.183006279114688,4.420671793174617,0.0
1,ridge,7,0.1778279410038923,4217,0,3.89861012873364,4.119684546732409,0.0
1,ridge,7,0.3162277660168379,4217,0,3.5377629088830966,3.737880353961706,0.0
1,ridge,7,0.5623413251903491,4217,0,3.112928604670521,3.288000926600803,0.0
1,ridge,7,1.0,4217,0,2.658723129945507,2.8062155114982987,0.0
1,ridge,7,1.7782794100389228,4217,0,2.2159716728521057,2.335771906818081,0.0
1,ridge,7,3.1622776601683795,4217,0,1.818235386721271,1.912732255424868,0.0
1,ridge,7,5.623413251903491,4217,0,1.4832062727728226,1.5563088129832696,0.0
1,ridge,7,10.0,4217,0,1.21405115479218,1.2699775381174907,0.0
1,ridge,7,17.78279410038923,4217,0,1.009580368438699,1.0523930997664923,0.0
1,ridge,7,31.622776601683796,4217,0,0.8701318885038324,0.9038417782119252,0.0
1,ridge,7,56.23413251903491,4217,0,0.7945048883477905,0.8230567803507608,0.0
1,ridge,7,100.0,4217,0,0.7771659508891597,0.8042113922981956,0.0
1,ridge,7,177.82794100389228,4217,0,0.8107672938617705,0.8395317823715303,0.0
1,ridge,7,316.227766016838,4217,0,0.8915347461255317,0.924986721029292,0.0
1,ridge,7,562.341325190349,4217,0,1.0257842342211272,1.0672107890109783,0.0
1,ridge,7,1000.0,4217,0,1.2325235958579122,1.286310630834109,0.0
1,ridge,7,0.01,4217,1,3.7454842156504498,4.178623730790853,0.0
1,ridge,7,0.0177827941003892,4217,1,3.5846379040838103,3.995073256131621,0.0
1,ridge,7,0.0316227766016837,4217,1,3.375663948393721,3.7565893781244193,0.0
1,ridge,7,0.0562341325190349,4217,1,3.121587690172004,3.466826262961941,0.0
1,ridge,7,0.1,4217,1,2.824415619014142,3.1284812116083907,0.0
1,ridge,7,0.1778279410038923,4217,1,2.490681224600573,2.74945550191918,0.0
1,ridge,7,0.3162277660168379,4217,1,2.140108692321508,2.3523944593122,0.0
1,ridge,7,0.5623413251903491,4217,1,1.7987280416236024,1.9664132851232283,0.0
1,ridge,7,1.0,4217,1,1.486516748685958,1.6130883004376515,0.0
1,ridge,7,1.7782794100389228,4217,1,1.2177561373374253,1.3078064764567627,0.0
1,ridge,7,3.1622776601683795,4217,1,1.0048611781488448,1.0647390989900494,0.0
1,ridge,7,5.623413251903491,4217,1,0.8534475641642881,0.890651059200658,0.0
1,ridge,7,10.0,4217,1,0.7598237079050654,0.7814275331951861,0.0
1,ridge,7,17.78279410038923,4217,1,0.7165650718963196,0.728457526939172,0.0
1,ridge,7,31.622776601683796,4217,1,0.7158996012313199,0.7225225265535026,0.0
1,ridge,7,56.23413251903491,4217,1,0.7489741360916683,0.7528184473989205,0.0
1,ridge,7,100.0,4217,1,0.8062802912436304,0.8076028892244657,0.0
1,ridge,7,177.82794100389228,4217,1,0.8799720374276797,0.8772626361579513,0.0
1,ridge,7,316.227766016838,4217,1,0.9689488106356166,0.9602510988801192,0.0
1,ridge,7,562.341325190349,4217,1,1.0887694019080052,1.0741794305109893,0.0
1,ridge,7,1000.0,4217,1,1.2775536583493177,1.2625120617816556,0.0
1,ridge,7,0.01,4217,2,10.264183089114296,12.324805499515149,0.0
1,ridge,7,0.0177827941003892,4217,2,9.811679016162405,11.777687562619098,0.0
1,ridge,7,0.0316227766016837,4217,2,9.12130398567746,10.942671075287455,0.0
1,ridge,7,0.0562341325190349,4217,2,8.156173601149664,9.7750254374163,0.0
1,ridge,7,0.1,4217,2,6.9563861748827565,8.323393331298451,0.0
1,ridge,7,0.1778279410038923,4217,2,5.658966475713417,6.753914047165404,0.0
1,ridge,7,0.3162277660168379,4217,2,4.441226522891173,5.281371030728305,0.0
1,ridge,7,0.5623413251903491,4217,2,3.42573288814585,4.054103380883004,0.0
1,ridge,7,1.0,4217,2,2.6410295274365803,3.1066726771127207,0.0
1,ridge,7,1.7782794100389228,4217,2,2.0576580080491538,2.4032553173926106,0.0
1,ridge,7,3.1622776601683795,4217,2,1.6356609979935015,1.89471530145852,0.0
1,ridge,7,5.623413251903491,4217,2,1.3410218569794672,1.5386998003840875,0.0
1,ridge,7,10.0,4217,2,1.1439953609375078,1.2982312887708378,0.0
1,ridge,7,17.78279410038923,4217,2,1.018591183851151,1.1412824857943529,0.0
1,ridge,7,31.622776601683796,4217,2,0.9449623143963136,1.0434461119549898,0.0
1,ridge,7,56.23413251903491,4217,2,0.9111909543124672,0.9899831568866952,0.0
1,ridge,7,100.0,4217,2,0.9120490916045771,0.9743415971736858,0.0
1,ridge,7,177.82794100389228,4217,2,0.9463927819898634,0.9947563620206648,0.0
1,ridge,7,316.227766016838,4217,2,1.0184291219655115,1.0551312143198486,0.0
1,ridge,7,562.341325190349,4217,2,1.1428287219992443,1.1705837981001654,0.0
1,ridge,7,1000.0,4217,2,1.3486641008123423,1.3722370416829448,0.0
1,ridge,7,0.01,4217,3,10.618112177616164,11.348071665025762,0.0
1,ridge,7,0.0177827941003892,4217,3,9.79753028750621,10.466621413653767,0.0
1,ridge,7,0.0316227766016837,4217,3,8.75528542381144,9.347588996803765,0.0
1,ridge,7,0.0562341325190349,4217,3,7.576647406891171,8.08297333999872,0.0
1,ridge,7,0.1,4217,3,6.374964772105525,6.794739616168538,0.0
1,ridge,7,0.1778279410038923,4217,3,5.238683596126928,5.577797627681909,0.0
1,ridge,7,0.3162277660168379,4217,3,4.217940679163865,4.485880574649842,0.0
1,ridge,7,0.5623413251903491,4217,3,3.3449451969632014,3.553600434987739,0.0
1,ridge,7,1.0,4217,3,2.641101514907753,2.803614740020937,0.0
1,ridge,7,1.7782794100389228,4217,3,2.103454362901684,2.231743676047467,0.0
1,ridge,7,3.1622776601683795,4217,3,1.7047887970393605,1.807652647684145,0.0
1,ridge,7,5.623413251903491,4217,3,1.4116571656931654,1.4948737330826731,0.0
1,ridge,7,10.0,4217,3,1.1982763879853542,1.265733194208302,0.0
1,ridge,7,17.78279410038923,4217,3,1.048891788250236,1.1035087356162452,0.0
1,ridge,7,31.622776601683796,4217,3,0.9549774897026186,0.999160725523334,0.0
1,ridge,7,56.23413251903491,4217,3,0.912907317139607,0.9488872898024496,0.0
1,ridge,7,100.0,4217,3,0.92001123079209,0.9500516899691352,0.0
1,ridge,7,177.82794100389228,4217,3,0.968815278456027,0.9949408104677716,0.0
1,ridge,7,316.227766016838,4217,3,1.0509656591124086,1.074733251919067,0.0
1,ridge,7,562.341325190349,4217,3,1.1735313416929285,1.1968453473673937,0.0
1,ridge,7,1000.0,4217,3,1.3689970217040757,1.3957161936686462,0.0
1,ridge,7,0.01,4217,4,4.157854196878394,4.536064050845046,0.0
1,ridge,7,0.0177827941003892,4217,4,3.903051147674253,4.262022426939274,0.0
1,ridge,7,0.0316227766016837,4217,4,3.5721121729208454,3.905083877341459,0.0
1,ridge,7,0.0562341325190349,4217,4,3.19213015779696,3.493453341074757,0.0
1,ridge,7,0.1,4217,4,2.8000440615374727,3.066347124711287,0.0
1,ridge,7,0.1778279410038923,4217,4,2.4184364486278285,2.6485966358704576,0.0
1,ridge,7,0.3162277660168379,4217,4,2.0549195456045246,2.249504083140747,0.0
1,ridge,7,0.5623413251903491,4217,4,1.7193605711179063,1.8803213063021345,0.0
1,ridge,7,1.0,4217,4,1.4266691316771754,1.5572303327084778,0.0
1,ridge,7,1.7782794100389228,4217,4,1.1866867653494806,1.2911475111681638,0.0
1,ridge,7,3.1622776601683795,4217,4,1.0022730083666906,1.0858028453020698,0.0
1,ridge,7,5.623413251903491,4217,4,0.872924291262397,0.941140269576994,0.0
1,ridge,7,10.0,4217,4,0.7925960611875269,0.8504807839221721,0.0
1,ridge,7,17.78279410038923,4217,4,0.7472629773163166,0.79793506175026,0.0
1,ridge,7,31.622776601683796,4217,4,0.7205117410399546,0.7649908048553248,0.0
1,ridge,7,56.23413251903491,4217,4,0.7030450322370909,0.7413165753606419,0.0
1,ridge,7,100.0,4217,4,0.6974774795669851,0.7300577441986865,0.0
1,ridge,7,177.82794100389228,4217,4,0.7166838819926474,0.7458402913465317,0.0
1,ridge,7,316.227766016838,4217,4,0.7807349581560089,0.8112570695935172,0.0
1,ridge,7,562.341325190349,4217,4,0.914812399814078,0.9545225058054594,0.0
1,ridge,7,1000.0,4217,4,1.14620438753244,1.2061247234723675,0.0
1,lasso,4,0.03,4197,0,0.7958066821628293,0.8265755701229853,1.1338456027742971e-05
1,lasso,4,0.02,4197,0,0.7544441994207746,0.7834316751342746,1.1602410163846775e-05
1,lasso,4,0.01,4197,0,0.7049839948578726,0.736772316755659,1.0750218948696322e-05
1,lasso,4,0.007,4197,0,0.6984011271437472,0.73103908995114,7.28105465241935e-06
1,lasso,4,0.005,4197,0,0.7090655381894638,0.7434213516411138,1.5257099479637493e-05
1,lasso,4,0.03,4197,1,0.6667931393892146,0.6874957659476174,8.514839522022477e-06
1,lasso,4,0.02,4197,1,0.6320003794889753,0.6495241398111694,6.572943992200209e-06
1,lasso,4,0.01,4197,1,0.5741514913170273,0.5905071031572507,8.178956241611246e-06
1,lasso,4,0.007,4197,1,0.568287980421215,0.5851043679576924,1.6902097267457172e-05
1,lasso,4,0.005,4197,1,0.5700639233511655,0.588468742321297,1.100031153694614e-05
1,lasso,4,0.03,4197,2,0.664293787994378,0.7073367733896028,2.1813038052487244e-06
1,lasso,4,0.02,4197,2,0.6142483652081973,0.6523540236143114,1.192501612767849e-05
1,lasso,4,0.01,4197,2,0.5848727719271436,0.6091233758369131,9.40406275301564e-06
1,lasso,4,0.007,4197,2,0.6255317559034372,0.6476098308989318,1.3485762887344157e-05
1,lasso,4,0.005,4197,2,0.6802268298557536,0.7032557561511839,1.643036506593365e-05
1,lasso,4,0.03,4197,3,0.7809072418717892,0.8544136178665203,1.0620605358724332e-05
1,lasso,4,0.02,4197,3,0.7264965794750171,0.7904225745189833,1.2784937660215157e-05
1,lasso,4,0.01,4197,3,0.682366288352357,0.7398035774961613,1.306933239231256e-05
1,lasso,4,0.007,4197,3,0.6794617255299555,0.7382069248586363,1.927415624253248e-05
1,lasso,4,0.005,4197,3,0.7039521816706843,0.7686710324264359,1.7104960783997925e-05
1,lasso,4,0.03,4197,4,0.618147876308845,0.6729356555739829,1.5534177981724184e-06
1,lasso,4,0.02,4197,4,0.5960176475434721,0.6457001793721354,1.0567334847944032e-05
1,lasso,4,0.01,4197,4,0.5848659811572025,0.6320386592005677,8.835818043340105e-06
1,lasso,4,0.007,4197,4,0.6128673386140076,0.660221979038965,8.087330238881751e-06
1,lasso,4,0.005,4197,4,0.6356917232691147,0.6840860713606268,7.46211152347076e-06
1,lasso,4,0.03,4207,0,0.8607828164867207,0.9052638355669748,1.1837226884914289e-05
1,lasso,4,0.02,4207,0,0.8464112671607484,0.8897603045967657,1.162137377774819e-05
1,lasso,4,0.01,4207,0,0.8550793645209289,0.9063016038310664,1.5644125688607513e-05
1,lasso,4,0.007,4207,0,0.8733493273710558,0.927964752634276,1.413933434368797e-05
1,lasso,4,0.005,4207,0,0.8999530608736478,0.957968536395169,1.8213004629119567e-05
1,lasso,4,0.03,4207,1,0.7629465934458588,0.8182902002729064,2.11550338424793e-06
1,lasso,4,0.02,4207,1,0.729965693251803,0.7829856702015112,1.2406844127843542e-05
1,lasso,4,0.01,4207,1,0.7000868792715657,0.7534912893516105,1.9163811251110552e-05
1,lasso,4,0.007,4207,1,0.7211469420564474,0.7770693443588227,1.1112562469439702e-05
1,lasso,4,0.005,4207,1,0.7460896512841659,0.8048789012090642,1.35134932722214e-05
1,lasso,4,0.03,4207,2,0.8462307952335534,0.8990214092940035,4.470792038913096e-06
1,lasso,4,0.02,4207,2,0.7747863346858291,0.8235669459635139,3.112027729956779e-06
1,lasso,4,0.01,4207,2,0.7105628539126324,0.7583167750122053,1.332598082537384e-05
1,lasso,4,0.007,4207,2,0.7276971216442825,0.7778453651313756,1.3327998860279688e-05
1,lasso,4,0.005,4207,2,0.7486634822516548,0.8011720307559378,1.1258257753554712e-05
1,lasso,4,0.03,4207,3,0.6266921415667721,0.6569495193681608,9.836217740866182e-06
1,lasso,4,0.02,4207,3,0.5963060636510324,0.6221214951092031,1.5228752515250576e-05
1,lasso,4,0.01,4207,3,0.5924584205731647,0.615771952241664,1.7173169738093907e-05
1,lasso,4,0.007,4207,3,0.6008655377351338,0.6217028076586559,1.625061639604075e-05
1,lasso,4,0.005,4207,3,0.6107605398296163,0.6282728898719543,1.7091405308256036e-05
1,lasso,4,0.03,4207,4,0.7310721502410468,0.7916324554132937,1.0694844331360365e-05
1,lasso,4,0.02,4207,4,0.710263639777866,0.7673714725636974,1.0090083448877074e-05
1,lasso,4,0.01,4207,4,0.7070089694919937,0.7600770978858238,8.550637826176821e-06
1,lasso,4,0.007,4207,4,0.730438397233925,0.7838853571882257,1.7208773214816286e-05
1,lasso,4,0.005,4207,4,0.7607742416824482,0.8164187587599887,1.7503494696646804e-05
1,lasso,4,0.03,4217,0,0.8932670618027443,0.9338649121362158,1.119400157845174e-05
1,lasso,4,0.02,4217,0,0.8457899683875517,0.8845490071758555,1.1837725661711929e-05
1,lasso,4,0.01,4217,0,0.8519187041881334,0.8919813334895416,1.3340992936650142e-05
1,lasso,4,0.007,4217,0,0.893351088753751,0.9347211453826808,1.6946733167710892e-05
1,lasso,4,0.005,4217,0,0.9186028886151032,0.9588172097952904,1.963044732772312e-05
1,lasso,4,0.03,4217,1,0.7989779733962035,0.8592759099182372,1.061796305079632e-05
1,lasso,4,0.02,4217,1,0.758496577729221,0.8152825609407287,1.2691078000170997e-05
1,lasso,4,0.01,4217,1,0.7259386962334029,0.7765069861593838,1.181580069964383e-05
1,lasso,4,0.007,4217,1,0.725024657926021,0.7762781234079922,7.40088479017631e-06
1,lasso,4,0.005,4217,1,0.7208926406794214,0.7721492663018408,1.9435246248922237e-05
1,lasso,4,0.03,4217,2,0.5778066252057596,0.6424004082388594,1.0906318721581876e-05
1,lasso,4,0.02,4217,2,0.5545796583968277,0.6166803313360808,2.961138830359644e-06
1,lasso,4,0.01,4217,2,0.5593651372984839,0.6249329875106435,1.5265880470294313e-05
1,lasso,4,0.007,4217,2,0.5917697457329555,0.6628640591442367,1.6787933377893083e-05
1,lasso,4,0.005,4217,2,0.6232013716746392,0.6984060622282565,1.539325584742901e-05
1,lasso,4,0.03,4217,3,0.8520068572061537,0.8834144068914669,4.364283937574598e-06
1,lasso,4,0.02,4217,3,0.8123319590456448,0.8371839300578956,4.502066933698146e-06
1,lasso,4,0.01,4217,3,0.7698924472165445,0.790229807037937,1.084781481952568e-05
1,lasso,4,0.007,4217,3,0.7773502124997812,0.7972705409189347,1.4012003837771124e-05
1,lasso,4,0.005,4217,3,0.7874354009964744,0.8057692323217369,1.634501129255117e-05
1,lasso,4,0.03,4217,4,0.6413622007601465,0.6758299967942253,1.1289962672078602e-05
1,lasso,4,0.02,4217,4,0.6233731606417912,0.6537265811544629,1.4526926507607564e-05
1,lasso,4,0.01,4217,4,0.6422653739163429,0.6738285430217177,1.3489713991066132e-05
1,lasso,4,0.007,4217,4,0.6747456736928896,0.7089772814127339,1.1366923591549227e-05
1,lasso,4,0.005,4217,4,0.7104640253605911,0.7470477530591773,1.1098004869702915e-05
1,lasso,5,0.03,4197,0,0.4817673106841931,0.4944936178274939,1.1665109299507924e-05
1,lasso,5,0.02,4197,0,0.4224418184152791,0.4321545660970644,1.1097113073343934e-05
1,lasso,5,0.01,4197,0,0.3673173283283846,0.3727502377895658,1.3521485424494715e-05
1,lasso,5,0.007,4197,0,0.359666942324123,0.3632125043991167,2.0883351953771e-05
1,lasso,5,0.005,4197,0,0.367917268721727,0.3709927534751765,1.581540428477468e-05
1,lasso,5,0.03,4197,1,0.3718978055318476,0.3796825024955998,6.756280537811854e-06
1,lasso,5,0.02,4197,1,0.326335550669569,0.3322422456402323,7.032345011648289e-06
1,lasso,5,0.01,4197,1,0.2961339172606532,0.2987887251251152,4.234254828761053e-06
1,lasso,5,0.007,4197,1,0.2958598036045609,0.2980250626871807,1.1708719723363403e-05
1,lasso,5,0.005,4197,1,0.3002673055150006,0.3018689355228874,9.214226530801506e-06
1,lasso,5,0.03,4197,2,0.3971514243627926,0.3972346345279826,1.113047519951671e-05
1,lasso,5,0.02,4197,2,0.3664376242743941,0.3687798615250015,1.4414667428352956e-05
1,lasso,5,0.01,4197,2,0.3634329404341386,0.3686927153496549,1.1177637351089675e-05
1,lasso,5,0.007,4197,2,0.3729407240491943,0.3808885605047891,1.3645657660321664e-05
1,lasso,5,0.005,4197,2,0.3830662742084649,0.3936853538137868,2.7900499579652797e-05
1,lasso,5,0.03,4197,3,0.4262347490986851,0.4697625732301362,6.102666106455601e-06
1,lasso,5,0.02,4197,3,0.3792570809783144,0.4145696907277215,1.2130513103392191e-05
1,lasso,5,0.01,4197,3,0.3505373317256602,0.379695820215369,1.920928615734008e-05
1,lasso,5,0.007,4197,3,0.3590394887220561,0.3889186219621153,1.235111974476344e-05
1,lasso,5,0.005,4197,3,0.3722064924011061,0.4031833699535404,1.2965442401036142e-05
1,lasso,5,0.03,4197,4,0.4333442191567761,0.4599352568952155,3.175824403234273e-06
1,lasso,5,0.02,4197,4,0.3705676405490665,0.3900375694378765,1.3122326117886995e-05
1,lasso,5,0.01,4197,4,0.3570924065116477,0.3736578872537874,1.4632977458850505e-05
1,lasso,5,0.007,4197,4,0.3711717311168231,0.389015116920464,1.404081384853706e-05
1,lasso,5,0.005,4197,4,0.3905742595762702,0.409940020525177,1.101357467178654e-05
1,lasso,5,0.03,4207,0,0.5369971852701234,0.5663718141763253,5.015855134127278e-06
1,lasso,5,0.02,4207,0,0.483792258224499,0.5076553321171071,1.365047689050325e-05
1,lasso,5,0.01,4207,0,0.4460350071888907,0.464387248368249,2.168394462548351e-05
1,lasso,5,0.007,4207,0,0.4435558795837429,0.4611641356895962,8.525208350373958e-06
1,lasso,5,0.005,4207,0,0.4376750140591341,0.4538024511220691,9.864920042457204e-06
1,lasso,5,0.03,4207,1,0.3958567004995664,0.4117567274472137,1.158845593784985e-05
1,lasso,5,0.02,4207,1,0.3607827671861801,0.3734010639403194,1.0707674469812025e-05
1,lasso,5,0.01,4207,1,0.3366756722509482,0.3455649758725366,1.256993808818052e-05
1,lasso,5,0.007,4207,1,0.3322924105401846,0.3399806233130709,9.869309631177492e-06
1,lasso,5,0.005,4207,1,0.3362044152786543,0.3443476275484505,2.169445942831749e-05
1,lasso,5,0.03,4207,2,0.4668695300425754,0.4842828013633926,1.0942038804806486e-05
1,lasso,5,0.02,4207,2,0.4101246634515357,0.4240792228739673,6.091561601528905e-06
1,lasso,5,0.01,4207,2,0.3727178064781721,0.3846617419885503,1.0613525018410286e-05
1,lasso,5,0.007,4207,2,0.3652470575876366,0.3776625749235698,1.4878679505031522e-05
1,lasso,5,0.005,4207,2,0.37885529672217,0.3928892971529159,1.254118570542806e-05
1,lasso,5,0.03,4207,3,0.4047730542523517,0.4181231394766637,1.6230654642290787e-05
1,lasso,5,0.02,4207,3,0.3593862774619497,0.3707182108664557,1.509629795026779e-05
1,lasso,5,0.01,4207,3,0.3439757327638203,0.3565720352917703,9.109695370990156e-06
1,lasso,5,0.007,4207,3,0.3483758893881602,0.360606847180197,1.1494622035895796e-05
1,lasso,5,0.005,4207,3,0.3547914817395837,0.3661758919285814,1.5873524207649092e-05
1,lasso,5,0.03,4207,4,0.3953130634043102,0.4136357405285608,1.212788006843546e-05
1,lasso,5,0.02,4207,4,0.363069354033993,0.379042507343834,1.2328514296278126e-05
1,lasso,5,0.01,4207,4,0.358527536034283,0.3734465311802402,1.3047122138842848e-05
1,lasso,5,0.007,4207,4,0.3691520433195987,0.3849810093103561,1.9116850558165144e-05
1,lasso,5,0.005,4207,4,0.3818316138632746,0.3987879316163285,1.57958855287188e-05
1,lasso,5,0.03,4217,0,0.5283745625534102,0.5503801197977115,1.0852314596410118e-05
1,lasso,5,0.02,4217,0,0.4666794328625479,0.484147596670485,1.0887747979915208e-05
1,lasso,5,0.01,4217,0,0.4390150423301536,0.4542974932559273,1.111399852393724e-05
1,lasso,5,0.007,4217,0,0.4519124152519614,0.4674699679935798,1.0981612093868833e-05
1,lasso,5,0.005,4217,0,0.4625582191290378,0.478206149626709,1.9887940579860208e-05
1,lasso,5,0.03,4217,1,0.4641425752791698,0.4756867389607445,1.2624881869593985e-05
1,lasso,5,0.02,4217,1,0.4219059033545219,0.4292507574732462,2.9391804777789687e-06
1,lasso,5,0.01,4217,1,0.4142315508510519,0.4222728846642106,8.53851138465922e-06
1,lasso,5,0.007,4217,1,0.4195244781592948,0.4290662770330757,1.5580785893226645e-05
1,lasso,5,0.005,4217,1,0.4322402742078792,0.4437758427872095,1.8349263221223436e-05
1,lasso,5,0.03,4217,2,0.4296884152463705,0.4567667980127003,1.1502062217227936e-05
1,lasso,5,0.02,4217,2,0.3877062955886899,0.414828062886114,1.291258833013842e-05
1,lasso,5,0.01,4217,2,0.344199629294001,0.3695382619891587,6.072316149297041e-06
1,lasso,5,0.007,4217,2,0.3342637973719971,0.3572345420953625,1.1438664575424973e-05
1,lasso,5,0.005,4217,2,0.3327557005623237,0.3536371867275155,1.132188033547976e-05
1,lasso,5,0.03,4217,3,0.4283053424298648,0.4422992918219922,1.1557406410900306e-05
1,lasso,5,0.02,4217,3,0.3771355061124135,0.3888730661939439,4.591426021161027e-06
1,lasso,5,0.01,4217,3,0.3615483662429034,0.3713202565836475,1.0524916648213534e-05
1,lasso,5,0.007,4217,3,0.3856620726588347,0.3962730778604162,1.6432783353170777e-05
1,lasso,5,0.005,4217,3,0.3953138323749831,0.4069111314501493,1.2276204365530008e-05
1,lasso,5,0.03,4217,4,0.4107988681550789,0.4356816666413811,1.555475291226127e-05
1,lasso,5,0.02,4217,4,0.3721447704844767,0.393387934599044,1.6112567287285273e-05
1,lasso,5,0.01,4217,4,0.3506559835501674,0.3674931252674599,1.2931435080243414e-05
1,lasso,5,0.007,4217,4,0.3621452219030026,0.3788976034837787,1.9255835386977616e-05
1,lasso,5,0.005,4217,4,0.3802509829276795,0.3982005693417306,1.2664971545395254e-05
1,lasso,6,0.03,4197,0,0.5174588334905659,0.5313683822418684,9.585339631468235e-06
1,lasso,6,0.02,4197,0,0.4539097759201588,0.4649844923924476,2.5322465917465564e-06
1,lasso,6,0.01,4197,0,0.3829906599276666,0.3892337375356201,4.952357172183231e-06
1,lasso,6,0.007,4197,0,0.3822263175305057,0.3881280034701674,6.736768199233634e-06
1,lasso,6,0.005,4197,0,0.4001943731516336,0.4061408685477127,1.1608252562356204e-05
1,lasso,6,0.03,4197,1,0.3935402884269767,0.4030124176886945,9.742356373410033e-06
1,lasso,6,0.02,4197,1,0.3431623715472888,0.3494597594781375,4.804940900382526e-06
1,lasso,6,0.01,4197,1,0.3001454958632215,0.3006085219286299,1.1002867416898264e-05
1,lasso,6,0.007,4197,1,0.3007860423666641,0.299277313876074,1.2324764680410327e-05
1,lasso,6,0.005,4197,1,0.3213171640036043,0.3163969392994336,1.2285396803896065e-05
1,lasso,6,0.03,4197,2,0.3959553057110355,0.3958790130057656,1.1509463311742962e-05
1,lasso,6,0.02,4197,2,0.374376997121575,0.3775094077564369,1.0299613042719091e-05
1,lasso,6,0.01,4197,2,0.3980474687315686,0.4073749470848747,1.3237484517203413e-05
1,lasso,6,0.007,4197,2,0.4332940880252532,0.4476487875640462,1.796581595983615e-05
1,lasso,6,0.005,4197,2,0.4816756007749079,0.503048826221649,2.084980592101382e-05
1,lasso,6,0.03,4197,3,0.4509221470609887,0.4982217042350066,9.048436560354922e-06
1,lasso,6,0.02,4197,3,0.4027359977607999,0.4421044090582876,3.4986405658132824e-06
1,lasso,6,0.01,4197,3,0.3681641575827189,0.4008026836178088,1.2970970277303984e-05
1,lasso,6,0.007,4197,3,0.3845738771452133,0.4199376197027437,1.476229343241875e-05
1,lasso,6,0.005,4197,3,0.4123482156163869,0.451615601602681,1.4558457877567044e-05
1,lasso,6,0.03,4197,4,0.4470621792639533,0.4750459213293346,9.484484212562982e-06
1,lasso,6,0.02,4197,4,0.3955120976087806,0.4173500884327953,1.293042341288242e-05
1,lasso,6,0.01,4197,4,0.4098942989656725,0.4331167525853728,5.60170712077257e-06
1,lasso,6,0.007,4197,4,0.4654591452693489,0.4955595481366649,1.2349888600049486e-05
1,lasso,6,0.005,4197,4,0.5361864591232812,0.5752898830920589,1.249911126779968e-05
1,lasso,6,0.03,4207,0,0.5734769436537209,0.6050008100725975,3.7308153153503554e-06
1,lasso,6,0.02,4207,0,0.516684594623366,0.542543550830206,4.006294885117168e-06
1,lasso,6,0.01,4207,0,0.4780021215186266,0.4978456308012009,9.989816710076482e-06
1,lasso,6,0.007,4207,0,0.4724240598680927,0.4904916853095908,1.1197842119781145e-05
1,lasso,6,0.005,4207,0,0.4958469944648132,0.516112174418682,5.426309389128248e-06
2,ridge,7,0.01,4197,0,0.3217794613538363,0.32107507629473153,0.0
2,ridge,7,0.01778279410038923,4197,0,0.3221026335948104,0.3191413674127227,0.0
2,ridge,7,0.03162277660168379,4197,0,0.32262939572465055,0.3168086805174372,0.0
2,ridge,7,0.05623413251903491,4197,0,0.3232575964927162,0.31432789264207267,0.0
2,ridge,7,0.1,4197,0,0.3240868441610824,0.3125295920364393,0.0
2,ridge,7,0.1778279410038923,4197,0,0.32618778660155445,0.313618344574575,0.0
2,ridge,7,0.31622776601683794,4197,0,0.3322109888244392,0.3215814256671206,0.0
2,ridge,7,0.5623413251903491,4197,0,0.34606111210899876,0.34137695412857105,0.0
2,ridge,7,1.0,4197,0,0.37150214229869727,0.37720310555042497,0.0
2,ridge,7,1.7782794100389228,4197,0,0.410486502155888,0.43126323199474176,0.0
2,ridge,7,3.1622776601683795,4197,0,0.46290573203308255,0.5049062289204115,0.0
2,ridge,7,5.623413251903491,4197,0,0.5293753420932331,0.6030852050412194,0.0
2,ridge,7,10.0,4197,0,0.6171042011803717,0.7409240767354949,0.0
2,ridge,7,17.78279410038923,4197,0,0.7467173646287567,0.9495422549490438,0.0
2,ridge,7,31.622776601683793,4197,0,0.9547472364344765,1.2772148420948812,0.0
2,ridge,7,56.23413251903491,4197,0,1.2889374938016405,1.78730157711627,0.0
2,ridge,7,100.0,4197,0,1.8078733966186538,2.5678747317603188,0.0
2,ridge,7,177.82794100389228,4197,0,2.5934985956588283,3.7558016864042076,0.0
2,ridge,7,316.22776601683796,4197,0,3.749716795966161,5.534538948268574,0.0
2,ridge,7,562.341325190349,4197,0,5.368686076541108,8.085780736459476,0.0
2,ridge,7,1000.0,4197,0,7.517544696024406,11.568323330000789,0.0
2,ridge,7,0.01,4197,1,0.4780708175102836,0.6578394472563671,0.0
2,ridge,7,0.01778279410038923,4197,1,0.47786825842102437,0.659873727676434,0.0
2,ridge,7,0.03162277660168379,4197,1,0.4783028931876213,0.663273552058441,0.0
2,ridge,7,0.05623413251903491,4197,1,0.4798995169393681,0.668539225939507,0.0
2,ridge,7,0.1,4197,1,0.48338940015081144,0.6764520994835422,0.0
2,ridge,7,0.1778279410038923,4197,1,0.4901079266503321,0.688668815008175,0.0
2,ridge,7,0.31622776601683794,4197,1,0.5023239861917711,0.7081727880523936,0.0
2,ridge,7,0.5623413251903491,4197,1,0.523094420498778,0.739218639433778,0.0
2,ridge,7,1.0,4197,1,0.5556682780995676,0.7869577457704262,0.0
2,ridge,7,1.7782794100389228,4197,1,0.6027357341135037,0.8566332155734442,0.0
2,ridge,7,3.1622776601683795,4197,1,0.6657733906982303,0.9517934674735364,0.0
2,ridge,7,5.623413251903491,4197,1,0.7448232432347235,1.0727158444204388,0.0
2,ridge,7,10.0,4197,1,0.8409543392367571,1.2197996175138475,0.0
2,ridge,7,17.78279410038923,4197,1,0.9641364092578893,1.4055536194539586,0.0
2,ridge,7,31.622776601683793,4197,1,1.1418338680449776,1.6682267561899677,0.0
2,ridge,7,56.23413251903491,4197,1,1.419456408350527,2.0756847489981327,0.0
2,ridge,7,100.0,4197,1,1.856814330783763,2.724048477782574,0.0
2,ridge,7,177.82794100389228,4197,1,2.5289559008635036,3.7393594156682948,0.0
2,ridge,7,316.22776601683796,4197,1,3.518282627037324,5.26533694969275,0.0
2,ridge,7,562.341325190349,4197,1,4.8953543301183595,7.437054769377965,0.0
2,ridge,7,1000.0,4197,1,6.737321815466433,10.409630239212483,0.0
2,ridge,7,0.01,4197,2,0.2831679769400236,0.3344913139516961,0.0
2,ridge,7,0.01778279410038923,4197,2,0.285445037425185,0.3369568024058057,0.0
2,ridge,7,0.03162277660168379,4197,2,0.2887703440193484,0.3407190136619847,0.0
2,ridge,7,0.05623413251903491,4197,2,0.29341396605716213,0.3463061286559786,0.0
2,ridge,7,0.1,4197,2,0.2999557450330128,0.3546496021384506,0.0
2,ridge,7,0.1778279410038923,4197,2,0.3096535491103683,0.36736147094442845,0.0
2,ridge,7,0.31622776601683794,4197,2,0.3246422742085141,0.38687522248025497,0.0
2,ridge,7,0.5623413251903491,4197,2,0.3480734947973364,0.41659564645902813,0.0
2,ridge,7,1.0,4197,2,0.38420017454208183,0.4609809965638667,0.0
2,ridge,7,1.7782794100389228,4197,2,0.4378817660249667,0.5253693036479302,0.0
2,ridge,7,3.1622776601683795,4197,2,0.5135405737344282,0.6161912465390539,0.0
2,ridge,7,5.623413251903491,4197,2,0.6144524328271073,0.7416552887248977,0.0
2,ridge,7,10.0,4197,2,0.7436023495173028,0.9122197508147827,0.0
2,ridge,7,17.78279410038923,4197,2,0.9077534009759421,1.142615965414105,0.0
2,ridge,7,31.622776601683793,4197,2,1.1230502720573348,1.4565111744470098,0.0
2,ridge,7,56.23413251903491,4197,2,1.4195392622468497,1.8956784387224963,0.0
2,ridge,7,100.0,4197,2,1.8534916574323321,2.5471542234896223,0.0
2,ridge,7,177.82794100389228,4197,2,2.5291073011046867,3.583131500302006,0.0
2,ridge,7,316.22776601683796,4197,2,3.5875732724997236,5.244533393314449,0.0
2,ridge,7,562.341325190349,4197,2,5.138224103784948,7.729459223605494,0.0
2,ridge,7,1000.0,4197,2,7.215931499748042,11.11387002648602,0.0
2,ridge,7,0.01,4197,3,0.31462929634901826,0.3067904472656551,0.0
2,ridge,7,0.01778279410038923,4197,3,0.31092699130645446,0.3049188043477996,0.0
2,ridge,7,0.03162277660168379,4197,3,0.3063326876818323,0.3031417779882552,0.0
2,ridge,7,0.05623413251903491,4197,3,0.3011074038624905,0.3021566069475696,0.0
2,ridge,7,0.1,4197,3,0.29583051014886264,0.30305343941068486,0.0
2,ridge,7,0.1778279410038923,4197,3,0.2917134597586604,0.3074523545219518,0.0
2,ridge,7,0.31622776601683794,4197,3,0.2908083250506915,0.31750525572848276,0.0
2,ridge,7,0.5623413251903491,4197,3,0.29600900233418564,0.3358404977927307,0.0
2,ridge,7,1.0,4197,3,0.3107286795342884,0.3654085537533419,0.0
2,ridge,7,1.7782794100389228,4197,3,0.3381147513295141,0.4092233250606761,0.0
2,ridge,7,3.1622776601683795,4197,3,0.3804352339072877,0.47091910865533093,0.0
2,ridge,7,5.623413251903491,4197,3,0.4393700101285972,0.5565193274828958,0.0
2,ridge,7,10.0,4197,3,0.5177709923987598,0.6764781889128793,0.0
2,ridge,7,17.78279410038923,4197,3,0.6240758792959118,0.848534567264619,0.0
2,ridge,7,31.622776601683793,4197,3,0.7777412614150443,1.1024222573875075,0.0
2,ridge,7,56.23413251903491,4197,3,1.012852676641709,1.4887416301029113,0.0
2,ridge,7,100.0,4197,3,1.3848925173378457,2.0994079478290155,0.0
2,ridge,7,177.82794100389228,4197,3,1.9786422372931782,3.0856068950523303,0.0
2,ridge,7,316.22776601683796,4197,3,2.8879266079930868,4.619485935157883,0.0
2,ridge,7,562.341325190349,4197,3,4.165314781338719,6.803442097958078,0.0
2,ridge,7,1000.0,4197,3,5.820786385829681,9.664145786755537,0.0
2,ridge,7,0.01,4197,4,0.3054092282274041,0.34043796432275336,0.0
2,ridge,7,0.01778279410038923,4197,4,0.307135640420195,0.3453528049607638,0.0
2,ridge,7,0.03162277660168379,4197,4,0.3093320357433454,0.35209138162628073,0.0
2,ridge,7,0.05623413251903491,4197,4,0.3120338463165688,0.3610007886214038,0.0
2,ridge,7,0.1,4197,4,0.31600042860436545,0.3733569499807492,0.0
2,ridge,7,0.1778279410038923,4197,4,0.3234562694845141,0.3922000233846245,0.0
2,ridge,7,0.31622776601683794,4197,4,0.3379600793763292,0.4219694860210068,0.0
2,ridge,7,0.5623413251903491,4197,4,0.36310055174398637,0.4667081235810935,0.0
2,ridge,7,1.0,4197,4,0.4010272941589926,0.5282700900344746,0.0
2,ridge,7,1.7782794100389228,4197,4,0.4524991433783314,0.6068258262256224,0.0
2,ridge,7,3.1622776601683795,4197,4,0.5186285426678372,0.7039829021457764,0.0
2,ridge,7,5.623413251903491,4197,4,0.6020669754534944,0.8255086660378795,0.0
2,ridge,7,10.0,4197,4,0.7079355120736909,0.9831563917144174,0.0
2,ridge,7,17.78279410038923,4197,4,0.8486389008886898,1.1995652448503868,0.0
2,ridge,7,31.622776601683793,4197,4,1.0511235772649257,1.5154231157012343,0.0
2,ridge,7,56.23413251903491,4197,4,1.3598965195894777,1.9939387215192905,0.0
2,ridge,7,100.0,4197,4,1.8394534417374129,2.728865684235594,0.0
2,ridge,7,177.82794100389228,4197,4,2.583369689065676,3.861684686898943,0.0
2,ridge,7,316.22776601683796,4197,4,3.713108408693838,5.581527715206868,0.0
2,ridge,7,562.341325190349,4197,4,5.359829314631115,8.102452996636186,0.0
2,ridge,7,1000.0,4197,4,7.687119118935746,11.701485893910563,0.0
2,ridge,7,0.01,4207,0,0.4221915570060477,0.5727480504310813,0.0
2,ridge,7,0.01778279410038923,4207,0,0.42175812853940436,0.5736566814037136,0.0
2,ridge,7,0.03162277660168379,4207,0,0.4222437293153999,0.5764164090557395,0.0
2,ridge,7,0.05623413251903491,4207,0,0.4245782811506745,0.5825068882709605,0.0
2,ridge,7,0.1,4207,0,0.43015664614297056,0.5940202550600805,0.0
2,ridge,7,0.1778279410038923,4207,0,0.44127714690407205,0.6140346766194719,0.0
2,ridge,7,0.31622776601683794,4207,0,0.46128470135013416,0.6467485208903061,0.0
2,ridge,7,0.5623413251903491,4207,0,0.49392632691659444,0.6968721907098991,0.0
2,ridge,7,1.0,4207,0,0.5422430287281358,0.7684830580257295,0.0
2,ridge,7,1.7782794100389228,4207,0,0.6078952688018122,0.8641538386510237,0.0
2,ridge,7,3.1622776601683795,4207,0,0.6913352986627317,0.985009266098057,0.0
2,ridge,7,5.623413251903491,4207,0,0.7924554595102244,1.1324228600586574,0.0
2,ridge,7,10.0,4207,0,0.9124188820072758,1.3124129623085032,0.0
2,ridge,7,17.78279410038923,4207,0,1.0592421819464288,1.5434834663302146,0.0
2,ridge,7,31.622776601683793,4207,0,1.2575344442066878,1.8684764265736897,0.0
2,ridge,7,56.23413251903491,4207,0,1.558160026926441,2.3699081940558226,0.0
2,ridge,7,100.0,4207,0,2.042746197781068,3.1821925408411933,0.0
2,ridge,7,177.82794100389228,4207,0,2.8146302275200332,4.479106975212647,0.0
2,ridge,7,316.22776601683796,4207,0,3.9677470147454614,6.421184336745672,0.0
2,ridge,7,562.341325190349,4207,0,5.558562807416501,9.114778784321782,0.0
2,ridge,7,1000.0,4207,0,7.638366010843761,12.673870032231418,0.0
2,ridge,7,0.01,4207,1,0.3584514066914714,0.43821719465872094,0.0
2,ridge,7,0.01778279410038923,4207,1,0.35784858346539383,0.4403063691562573,0.0
2,ridge,7,0.03162277660168379,4207,1,0.35723881704075616,0.44333488973097446,0.0
2,ridge,7,0.05623413251903491,4207,1,0.356607757343755,0.44730807151206387,0.0
2,ridge,7,0.1,4207,1,0.3562490013423517,0.45261297051336935,0.0
2,ridge,7,0.1778279410038923,4207,1,0.35744478695170073,0.4609086468789611,0.0
2,ridge,7,0.31622776601683794,4207,1,0.36290963088652395,0.47568676515699326,0.0
2,ridge,7,0.5623413251903491,4207,1,0.37689523249885976,0.502419255267488,0.0
2,ridge,7,1.0,4207,1,0.4050835591479317,0.5486685287748564,0.0
2,ridge,7,1.7782794100389228,4207,1,0.4536388100396816,0.6235320237458648,0.0
2,ridge,7,3.1622776601683795,4207,1,0.5274889282560516,0.736138034810498,0.0
2,ridge,7,5.623413251903491,4207,1,0.6297112805638942,0.8952329631943475,0.0
2,ridge,7,10.0,4207,1,0.763375599452866,1.1109953576542992,0.0
2,ridge,7,17.78279410038923,4207,1,0.9353291833894776,1.3973040247285122,0.0
2,ridge,7,31.622776601683793,4207,1,1.1584246787912686,1.7712612362177798,0.0
2,ridge,7,56.23413251903491,4207,1,1.4498777670149487,2.2522287940058265,0.0
2,ridge,7,100.0,4207,1,1.8347365224977203,2.8752426242763285,0.0
2,ridge,7,177.82794100389228,4207,1,2.3612646258830803,3.7215015504753293,0.0
2,ridge,7,316.22776601683796,4207,1,3.1042942334933468,4.9239048232354845,0.0
2,ridge,7,562.341325190349,4207,1,4.1349222838735376,6.617598264389115,0.0
2,ridge,7,1000.0,4207,1,5.4975497279031655,8.901204509979856,0.0
2,ridge,7,0.01,4207,2,0.26720137890306184,0.31584394239777264,0.0
2,ridge,7,0.01778279410038923,4207,2,0.26720140265509784,0.31766843313031007,0.0
2,ridge,7,0.03162277660168379,4207,2,0.26764600337357636,0.32064149591382984,0.0
2,ridge,7,0.05623413251903491,4207,2,0.26873737307820933,0.3251093288266741,0.0
2,ridge,7,0.1,4207,2,0.2707434742252011,0.3316245751899192,0.0
2,ridge,7,0.1778279410038923,4207,2,0.2744296316741335,0.34144754367891794,0.0
2,ridge,7,0.31622776601683794,4207,2,0.28151568143934613,0.356899753804991,0.0
2,ridge,7,0.5623413251903491,4207,2,0.294762704382051,0.38118094615762516,0.0
2,ridge,7,1.0,4207,2,0.3173417758181481,0.41754846718100214,0.0
2,ridge,7,1.7782794100389228,4207,2,0.35154307287930037,0.4683629759371511,0.0
2,ridge,7,3.1622776601683795,4207,2,0.39768805346817754,0.5348981716647586,0.0
2,ridge,7,5.623413251903491,4207,2,0.4541566388042616,0.6180544519935228,0.0
2,ridge,7,10.0,4207,2,0.5202512712884415,0.7209659300883421,0.0
2,ridge,7,17.78279410038923,4207,2,0.6042435967659745,0.8563785256685621,0.0
2,ridge,7,31.622776601683793,4207,2,0.7329241398134181,1.0572286098669417,0.0
2,ridge,7,56.23413251903491,4207,2,0.9543468885566627,1.385110373413328,0.0
2,ridge,7,100.0,4207,2,1.3376270298748398,1.9415974010565153,0.0
2,ridge,7,177.82794100389228,4207,2,1.9760615908353496,2.879932908115112,0.0
2,ridge,7,316.22776601683796,4207,2,2.9701132016704817,4.37714210947429,0.0
2,ridge,7,562.341325190349,4207,2,4.387985574164795,6.571235475980864,0.0
2,ridge,7,1000.0,4207,2,6.290809862007487,9.596517761635825,0.0
2,ridge,7,0.01,4207,3,0.3731396747557362,0.396692632355888,0.0
2,ridge,7,0.01778279410038923,4207,3,0.37506361161288876,0.3986646046909537,0.0
2,ridge,7,0.03162277660168379,4207,3,0.37789858527968084,0.40201887127780433,0.0
2,ridge,7,0.05623413251903491,4207,3,0.38185421562707167,0.4076230534766678,0.0
2,ridge,7,0.1,4207,3,0.38739424954046026,0.4169005411306527,0.0
2,ridge,7,0.1778279410038923,4207,3,0.39576992480856404,0.43216158052697384,0.0
2,ridge,7,0.31622776601683794,4207,3,0.40961896815092935,0.45701487619038733,0.0
2,ridge,7,0.5623413251903491,4207,3,0.4333467953679501,0.4968569917543127,0.0
2,ridge,7,1.0,4207,3,0.47279853831492885,0.5588874567156797,0.0
2,ridge,7,1.7782794100389228,4207,3,0.5341081804919277,0.6512076781248463,0.0
2,ridge,7,3.1622776601683795,4207,3,0.622756732418377,0.782017039461656,0.0
2,ridge,7,5.623413251903491,4207,3,0.7438794431856721,0.9601453984808618,0.0
2,ridge,7,10.0,4207,3,0.9050796891662938,1.1985075047912381,0.0
2,ridge,7,17.78279410038923,4207,3,1.1226853576081441,1.5217577288142499,0.0
2,ridge,7,31.622776601683793,4207,3,1.4269777917595388,1.9731968220412353,0.0
2,ridge,7,56.23413251903491,4207,3,1.8620022083570966,2.617246211397266,0.0
2,ridge,7,100.0,4207,3,2.4900453768724224,3.551727488968289,0.0
2,ridge,7,177.82794100389228,4207,3,3.404922156476542,4.9328483903239,0.0
2,ridge,7,316.22776601683796,4207,3,4.719683546269078,6.961940374211788,0.0
2,ridge,7,562.341325190349,4207,3,6.52357974294884,9.822377249221844,0.0
2,ridge,7,1000.0,4207,3,8.899898814337805,13.69112446532419,0.0
2,ridge,7,0.01,4207,4,0.32477145859766327,0.34065892996155717,0.0
2,ridge,7,0.01778279410038923,4207,4,0.3227023006653592,0.3373068152265293,0.0
2,ridge,7,0.03162277660168379,4207,4,0.3203912462806735,0.3334678194688074,0.0
2,ridge,7,0.05623413251903491,4207,4,0.3182235869884235,0.32985330980169714,0.0
2,ridge,7,0.1,4207,4,0.3168162312560585,0.3276589339848534,0.0
2,ridge,7,0.1778279410038923,4207,4,0.317254843708331,0.3287943100670392,0.0
2,ridge,7,0.31622776601683794,4207,4,0.3212578415779507,0.33595748135861575,0.0
2,ridge,7,0.5623413251903491,4207,4,0.33108320162473237,0.352241602975367,0.0
2,ridge,7,1.0,4207,4,0.34926080895496203,0.3804299086088884,0.0
2,ridge,7,1.7782794100389228,4207,4,0.37866525098048326,0.4232205293636342,0.0
2,ridge,7,3.1622776601683795,4207,4,0.42372601734541854,0.4860549799146794,0.0
2,ridge,7,5.623413251903491,4207,4,0.491746212122479,0.5805190399645367,0.0
2,ridge,7,10.0,4207,4,0.5936984640565938,0.7256137599780903,0.0
2,ridge,7,17.78279410038923,4207,4,0.7474467680012336,0.9502785564911294,0.0
2,ridge,7,31.622776601683793,4207,4,0.9803462413791804,1.2952004392253293,0.0
2,ridge,7,56.23413251903491,4207,4,1.3257273993570657,1.80926524914768,0.0
2,ridge,7,100.0,4207,4,1.824632410258166,2.555190402018484,0.0
2,ridge,7,177.82794100389228,4207,4,2.540356493363187,3.6292514492023304,0.0
2,ridge,7,316.22776601683796,4207,4,3.5563199850364198,5.15253682086298,0.0
2,ridge,7,562.341325190349,4207,4,4.946989114666149,7.227763975079373,0.0
2,ridge,7,1000.0,4207,4,6.7857952003263495,9.961168873188033,0.0
2,ridge,7,0.01,4217,0,0.3859222762975607,0.5410849175519301,0.0
2,ridge,7,0.01778279410038923,4217,0,0.3828360926669756,0.5364586355808572,0.0
2,ridge,7,0.03162277660168379,4217,0,0.3794886705029467,0.5316904957712192,0.0
2,ridge,7,0.05623413251903491,4217,0,0.3767461984933648,0.5285481092309003,0.0
2,ridge,7,0.1,4217,0,0.3759502616397703,0.529618577325235,0.0
2,ridge,7,0.1778279410038923,4217,0,0.3789311910789836,0.5378598235154568,0.0
2,ridge,7,0.31622776601683794,4217,0,0.3878831364066574,0.5559124521241883,0.0
2,ridge,7,0.5623413251903491,4217,0,0.40534610511485764,0.585977416701027,0.0
2,ridge,7,1.0,4217,0,0.434676045722762,0.6311457564409803,0.0
2,ridge,7,1.7782794100389228,4217,0,0.48076538567870175,0.6976558452246043,0.0
2,ridge,7,3.1622776601683795,4217,0,0.5505570650851197,0.7971573729861978,0.0
2,ridge,7,5.623413251903491,4217,0,0.6528263080264478,0.9484507885284469,0.0
2,ridge,7,10.0,4217,0,0.7984850337981361,1.1793454809757353,0.0
2,ridge,7,17.78279410038923,4217,0,1.0057069013602336,1.532316422770892,0.0
2,ridge,7,31.622776601683793,4217,0,1.3086277916842508,2.072922904504778,0.0
2,ridge,7,56.23413251903491,4217,0,1.7609982875260932,2.8933149755210636,0.0
2,ridge,7,100.0,4217,0,2.4339576577219937,4.112129166921721,0.0
2,ridge,7,177.82794100389228,4217,0,3.407343422241806,5.8636462555650475,0.0
2,ridge,7,316.22776601683796,4217,0,4.736167752332568,8.240438026892154,0.0
2,ridge,7,562.341325190349,4217,0,6.409385898981012,11.22295137043939,0.0
2,ridge,7,1000.0,4217,0,8.384773177086108,14.743742673164084,0.0
2,ridge,7,0.01,4217,1,0.4111148390013028,0.4406691632788594,0.0
2,ridge,7,0.01778279410038923,4217,1,0.4115486098512431,0.4419803421124605,0.0
2,ridge,7,0.03162277660168379,4217,1,0.4129287370556266,0.4446483696789184,0.0
2,ridge,7,0.05623413251903491,4217,1,0.41614635869221006,0.44969545574324415,0.0
2,ridge,7,0.1,4217,1,0.4228554782231767,0.45894409697216043,0.0
2,ridge,7,0.1778279410038923,4217,1,0.4360211282848863,0.47556646224368687,0.0
2,ridge,7,0.31622776601683794,4217,1,0.4598711534994906,0.5041294620267044,0.0
2,ridge,7,0.5623413251903491,4217,1,0.4989081347959875,0.5499112404311985,0.0
2,ridge,7,1.0,4217,1,0.5568124861242875,0.6180590323562196,0.0
2,ridge,7,1.7782794100389228,4217,1,0.6360522398343345,0.7128744101862091,0.0
2,ridge,7,3.1622776601683795,4217,1,0.7379294061637236,0.8372296991527783,0.0
2,ridge,7,5.623413251903491,4217,1,0.8633691043033137,0.9937754777538949,0.0
2,ridge,7,10.0,4217,1,1.015973591750157,1.189571644165092,0.0
2,ridge,7,17.78279410038923,4217,1,1.2066474938955594,1.4412647398594498,0.0
2,ridge,7,31.622776601683793,4217,1,1.4556367181499827,1.776324517159032,0.0
2,ridge,7,56.23413251903491,4217,1,1.7911353239256809,2.233804255142445,0.0
2,ridge,7,100.0,4217,1,2.2553950375630047,2.880856795021171,0.0
2,ridge,7,177.82794100389228,4217,1,2.9231115995090544,3.845407221013411,0.0
2,ridge,7,316.22776601683796,4217,1,3.9069966802301628,5.321822529560734,0.0
2,ridge,7,562.341325190349,4217,1,5.338181164780521,7.529773839032973,0.0
2,ridge,7,1000.0,4217,1,7.372649992009295,10.703527890296359,0.0
2,ridge,7,0.01,4217,2,0.3388802632594768,0.44495825629056546,0.0
2,ridge,7,0.01778279410038923,4217,2,0.34305473241355344,0.4543533748739313,0.0
2,ridge,7,0.03162277660168379,4217,2,0.34966358396861535,0.46825214085958566,0.0
2,ridge,7,0.05623413251903491,4217,2,0.35961440985104376,0.4880404467238456,0.0
2,ridge,7,0.1,4217,2,0.3741689340362534,0.5158231002026683,0.0
2,ridge,7,0.1778279410038923,4217,2,0.39525775762971893,0.5548833440568316,0.0
2,ridge,7,0.31622776601683794,4217,2,0.42550170875655124,0.6095354967043923,0.0
2,ridge,7,0.5623413251903491,4217,2,0.46799134065953896,0.6844935920380536,0.0
2,ridge,7,1.0,4217,2,0.5262422158280582,0.7845340838717069,0.0
2,ridge,7,1.7782794100389228,4217,2,0.6043317686454847,0.9151457791449785,0.0
2,ridge,7,3.1622776601683795,4217,2,0.7066318767045948,1.083615987820728,0.0
2,ridge,7,5.623413251903491,4217,2,0.8372218544827768,1.299401951602712,0.0
2,ridge,7,10.0,4217,2,1.001255921375812,1.575047678912428,0.0
2,ridge,7,17.78279410038923,4217,2,1.210446295579656,1.9301994761265437,0.0
2,ridge,7,31.622776601683793,4217,2,1.489528489196299,2.397329338437181,0.0
2,ridge,7,56.23413251903491,4217,2,1.8794493063828068,3.0284133043099835,0.0
2,ridge,7,100.0,4217,2,2.4441455131431704,3.9124857569925333,0.0
2,ridge,7,177.82794100389228,4217,2,3.2875481162126983,5.207559559104826,0.0
2,ridge,7,316.22776601683796,4217,2,4.560992676719188,7.159314508735274,0.0
2,ridge,7,562.341325190349,4217,2,6.450668928805906,10.09665311142937,0.0
2,ridge,7,1000.0,4217,2,9.18404543498674,14.448651145889539,0.0
2,ridge,7,0.01,4217,3,0.343548163482032,0.39331899700854306,0.0
2,ridge,7,0.01778279410038923,4217,3,0.3444247126491885,0.3927972553541572,0.0
2,ridge,7,0.03162277660168379,4217,3,0.34584961353657145,0.39294454826703257,0.0
2,ridge,7,0.05623413251903491,4217,3,0.3479103725886923,0.3945165745152239,0.0
2,ridge,7,0.1,4217,3,0.3507073613950827,0.3983984127756591,0.0
2,ridge,7,0.1778279410038923,4217,3,0.3545995449617845,0.40564532714682167,0.0
2,ridge,7,0.31622776601683794,4217,3,0.3605245126444389,0.4177060160457121,0.0
2,ridge,7,0.5623413251903491,4217,3,0.37030855370815374,0.43650133292467574,0.0
2,ridge,7,1.0,4217,3,0.38641100638184156,0.4637984642701512,0.0
2,ridge,7,1.7782794100389228,4217,3,0.41062948010920997,0.5001701487673519,0.0
2,ridge,7,3.1622776601683795,4217,3,0.44322598637404476,0.5455288551355493,0.0
2,ridge,7,5.623413251903491,4217,3,0.4842321110579362,0.6020022965227332,0.0
2,ridge,7,10.0,4217,3,0.5360338138215476,0.6763176431024921,0.0
2,ridge,7,17.78279410038923,4217,3,0.6064354475446138,0.7808067021991367,0.0
2,ridge,7,31.622776601683793,4217,3,0.7108304633936796,0.9348015503966534,0.0
2,ridge,7,56.23413251903491,4217,3,0.8700340258192385,1.1661762879572568,0.0
2,ridge,7,100.0,4217,3,1.1111188080619272,1.5207458518307633,0.0
2,ridge,7,177.82794100389228,4217,3,1.4791956092398801,2.081566051360728,0.0
2,ridge,7,316.22776601683796,4217,3,2.034711344329513,2.9588009290520167,0.0
2,ridge,7,562.341325190349,4217,3,2.8184264351652977,4.231204747239578,0.0
2,ridge,7,1000.0,4217,3,3.8381721965999547,5.926161348407143,0.0
2,ridge,7,0.01,4217,4,0.432928532173041,0.4659459070756972,0.0
2,ridge,7,0.01778279410038923,4217,4,0.4289672341514673,0.46277117402745627,0.0
2,ridge,7,0.03162277660168379,4217,4,0.4238981497322604,0.4589524787452451,0.0
2,ridge,7,0.05623413251903491,4217,4,0.4180989004313761,0.4552782464491689,0.0
2,ridge,7,0.1,4217,4,0.41262385410199043,0.4536243957333834,0.0
2,ridge,7,0.1778279410038923,4217,4,0.4098351961629915,0.4576156883595178,0.0
2,ridge,7,0.31622776601683794,4217,4,0.41381949964603504,0.4727827733208946,0.0
2,ridge,7,0.5623413251903491,4217,4,0.42977866739769477,0.5054906598683642,0.0
2,ridge,7,1.0,4217,4,0.4622294726237926,0.560742160565518,0.0
2,ridge,7,1.7782794100389228,4217,4,0.5132530040998742,0.6405529117215241,0.0
2,ridge,7,3.1622776601683795,4217,4,0.5822971777982282,0.7443170516738105,0.0
2,ridge,7,5.623413251903491,4217,4,0.667133340399041,0.8698044001390041,0.0
2,ridge,7,10.0,4217,4,0.7668497690882725,1.01629380946754,0.0
2,ridge,7,17.78279410038923,4217,4,0.8903162348265132,1.1952577714284711,0.0
2,ridge,7,31.622776601683793,4217,4,1.0661974440225577,1.4438289841403131,0.0
2,ridge,7,56.23413251903491,4217,4,1.3465916095616488,1.8324236624746097,0.0
2,ridge,7,100.0,4217,4,1.8111255014261043,2.4765545046454607,0.0
2,ridge,7,177.82794100389228,4217,4,2.5753747668693743,3.5524920761734644,0.0
2,ridge,7,316.22776601683796,4217,4,3.768366453833713,5.26447189387837,0.0
2,ridge,7,562.341325190349,4217,4,5.469932633458681,7.755733207070688,0.0
2,ridge,7,1000.0,4217,4,7.696973224964365,11.087575346460342,0.0
2,ridge,8,0.01,4197,0,0.2749088981692728,0.2860515149280947,0.0
2,ridge,8,0.01778279410038923,4197,0,0.2736093693487953,0.28192686648959364,0.0
2,ridge,8,0.03162277660168379,4197,0,0.27369821965447305,0.2793670724255322,0.0
2,ridge,8,0.05623413251903491,4197,0,0.27523339302594385,0.278557249267664,0.0
2,ridge,8,0.1,4197,0,0.27757523239186416,0.27868338056347863,0.0
2,ridge,8,0.1778279410038923,4197,0,0.28006315303833806,0.2789382947634963,0.0
2,ridge,8,0.31622776601683794,4197,0,0.2829928528006613,0.27997567485594865,0.0
2,ridge,8,0.5623413251903491,4197,0,0.28801871390034883,0.2845541050862424,0.0
2,ridge,8,1.0,4197,0,0.2976204880896009,0.2968987712017052,0.0
2,ridge,8,1.7782794100389228,4197,0,0.3142885183391556,0.32142758312103026,0.0
2,ridge,8,3.1622776601683795,4197,0,0.34022111124778587,0.3618420440489426,0.0
2,ridge,8,5.623413251903491,4197,0,0.3777567382132825,0.42155732053776823,0.0
2,ridge,8,10.0,4197,0,0.43181042177093304,0.5075814397778137,0.0
2,ridge,8,17.78279410038923,4197,0,0.515590178596457,0.638719910649715,0.0
2,ridge,8,31.622776601683793,4197,0,0.6554875101562982,0.8520850272114388,0.0
2,ridge,8,56.23413251903491,4197,0,0.8911978814635162,1.2045552176201528,0.0
2,ridge,8,100.0,4197,0,1.2757024660804235,1.777133529884426,0.0
2,ridge,8,177.82794100389228,4197,0,1.8804147089277454,2.6864128369368485,0.0
2,ridge,8,316.22776601683796,4197,0,2.8006490347737425,4.093938395306569,0.0
2,ridge,8,562.341325190349,4197,0,4.15214642051512,6.204195020032501,0.0
2,ridge,8,1000.0,4197,0,6.053648703341668,9.244425362640998,0.0
2,ridge,8,0.01,4197,1,0.3563063812772142,0.42060704941204036,0.0
2,ridge,8,0.01778279410038923,4197,1,0.3514148804573597,0.41772134367967473,0.0
2,ridge,8,0.03162277660168379,4197,1,0.3464694356099078,0.41542980597829876,0.0
2,ridge,8,0.05623413251903491,4197,1,0.3425906860654949,0.4147542991511409,0.0
2,ridge,8,0.1,4197,1,0.34122202637223176,0.417084294096739,0.0
2,ridge,8,0.1778279410038923,4197,1,0.3439062994430952,0.4241264940995562,0.0
2,ridge,8,0.31622776601683794,4197,1,0.3521112461376123,0.4377684562453775,0.0
2,ridge,8,0.5623413251903491,4197,1,0.36706112844682737,0.45987621694551567,0.0
2,ridge,8,1.0,4197,1,0.389638757215787,0.49217541289484046,0.0
2,ridge,8,1.7782794100389228,4197,1,0.42060943275887414,0.5364332731523546,0.0
2,ridge,8,3.1622776601683795,4197,1,0.46120710761979894,0.5948933584274314,0.0
2,ridge,8,5.623413251903491,4197,1,0.5140751355997241,0.6710704892016325,0.0
2,ridge,8,10.0,4197,1,0.5851720461970343,0.7720562322185631,0.0
2,ridge,8,17.78279410038923,4197,1,0.6876368099842634,0.9143419579938297,0.0
2,ridge,8,31.622776601683793,4197,1,0.8459833124388396,1.1316726901416991,0.0
2,ridge,8,56.23413251903491,4197,1,1.0951310635747846,1.4766619676560166,0.0
2,ridge,8,100.0,4197,1,1.4732325787933473,2.011865244010137,0.0
2,ridge,8,177.82794100389228,4197,1,2.016994493410887,2.800823749944125,0.0
2,ridge,8,316.22776601683796,4197,1,2.7640192492295914,3.910032618465354,0.0
2,ridge,8,562.341325190349,4197,1,3.764955860536064,5.4321691352702315,0.0
2,ridge,8,1000.0,4197,1,5.109695555794164,7.534243432907541,0.0
2,ridge,8,0.01,4197,2,0.2634913518552302,0.30527329108238316,0.0
2,ridge,8,0.01778279410038923,4197,2,0.2612517184297737,0.30211703148565805,0.0
2,ridge,8,0.03162277660168379,4197,2,0.2592321581579127,0.2989403296053651,0.0
2,ridge,8,0.05623413251903491,4197,2,0.2581031909856587,0.2968308247160804,0.0
2,ridge,8,0.1,4197,2,0.25877851754863523,0.2972290287759972,0.0
2,ridge,8,0.1778279410038923,4197,2,0.26194697438303705,0.30092474148918946,0.0
2,ridge,8,0.31622776601683794,4197,2,0.2680525802168354,0.3079743189921686,0.0
2,ridge,8,0.5623413251903491,4197,2,0.2781540775427459,0.31921088163554173,0.0
2,ridge,8,1.0,4197,2,0.2947107130218812,0.33759081518805795,0.0
2,ridge,8,1.7782794100389228,4197,2,0.3215252104797012,0.3681600747167487,0.0
2,ridge,8,3.1622776601683795,4197,2,0.3631293431734515,0.41720358018482173,0.0
2,ridge,8,5.623413251903491,4197,2,0.42440490843708495,0.4917594501951464,0.0
2,ridge,8,10.0,4197,2,0.5112446332138824,0.6006271415954678,0.0
2,ridge,8,17.78279410038923,4197,2,0.6328549906218527,0.7575989957631375,0.0
2,ridge,8,31.622776601683793,4197,2,0.8041051577225357,0.9844809787788061,0.0
2,ridge,8,56.23413251903491,4197,2,1.0465053587248572,1.3128555348182893,0.0
2,ridge,8,100.0,4197,2,1.3942563107584856,1.796495180726341,0.0
2,ridge,8,177.82794100389228,4197,2,1.911888713915212,2.5437599412763254,0.0
2,ridge,8,316.22776601683796,4197,2,2.707931084766524,3.7423518446028288,0.0
2,ridge,8,562.341325190349,4197,2,3.9198559394457555,5.635623547676537,0.0
2,ridge,8,1000.0,4197,2,5.670447369330818,8.448506919636836,0.0
2,ridge,8,0.01,4197,3,0.2578132940505182,0.22370826815653347,0.0
2,ridge,8,0.01778279410038923,4197,3,0.254339554196201,0.22233745852753778,0.0
2,ridge,8,0.03162277660168379,4197,3,0.24954734954510696,0.22008710759914143,0.0
2,ridge,8,0.05623413251903491,4197,3,0.24340511823448643,0.2168525420345937,0.0
2,ridge,8,0.1,4197,3,0.2364238285530321,0.2132859539918891,0.0
2,ridge,8,0.1778279410038923,4197,3,0.2298022163030308,0.21103947551123994,0.0
2,ridge,8,0.31622776601683794,4197,3,0.22511927161806938,0.2123840591595314,0.0
2,ridge,8,0.5623413251903491,4197,3,0.22405228039756153,0.21975964311264587,0.0
2,ridge,8,1.0,4197,3,0.22845458518037104,0.23560560143208256,0.0
2,ridge,8,1.7782794100389228,4197,3,0.24051489888734726,0.26236501523532474,0.0
2,ridge,8,3.1622776601683795,4197,3,0.26290745171046703,0.30293077932827356,0.0
2,ridge,8,5.623413251903491,4197,3,0.29929152599305037,0.36199506287704925,0.0
2,ridge,8,10.0,4197,3,0.3554123761911884,0.4480888112471969,0.0
2,ridge,8,17.78279410038923,4197,3,0.4405789469371129,0.5755228326389685,0.0
2,ridge,8,31.622776601683793,4197,3,0.5683152620539744,0.7651992511697173,0.0
2,ridge,8,56.23413251903491,4197,3,0.7572902488326515,1.0477200128158948,0.0
2,ridge,8,100.0,4197,3,1.0399627211749944,1.4806115397698896,0.0
2,ridge,8,177.82794100389228,4197,3,1.479073925464657,2.1774758684744118,0.0
2,ridge,8,316.22776601683796,4197,3,2.1675009070519726,3.307325999311456,0.0
2,ridge,8,562.341325190349,4197,3,3.195615296322864,5.0369750734074055,0.0
2,ridge,8,1000.0,4197,3,4.61732720700706,7.469925243271292,0.0
2,ridge,8,0.01,4197,4,0.2244323456499086,0.2321617965330753,0.0
2,ridge,8,0.01778279410038923,4197,4,0.22083192853039496,0.22896817801101005,0.0
2,ridge,8,0.03162277660168379,4197,4,0.21870943658450792,0.2282531697893203,0.0
2,ridge,8,0.05623413251903491,4197,4,0.21797192850374741,0.22968768020244346,0.0
2,ridge,8,0.1,4197,4,0.21785253786745917,0.23180579399856982,0.0
2,ridge,8,0.1778279410038923,4197,4,0.21817482189553541,0.23392593528205152,0.0
2,ridge,8,0.31622776601683794,4197,4,0.2202458503898915,0.23759394288456798,0.0
2,ridge,8,0.5623413251903491,4197,4,0.226452401588456,0.24616672601708503,0.0
2,ridge,8,1.0,4197,4,0.23914165335843088,0.2632670440600508,0.0
2,ridge,8,1.7782794100389228,4197,4,0.259922500911975,0.2915662948068881,0.0
2,ridge,8,3.1622776601683795,4197,4,0.2901107464250106,0.333043336699765,0.0
2,ridge,8,5.623413251903491,4197,4,0.3321013783170659,0.39095109712846865,0.0
2,ridge,8,10.0,4197,4,0.3909824262676695,0.47265730397014344,0.0
2,ridge,8,17.78279410038923,4197,4,0.4769095631088972,0.5932836320867202,0.0
2,ridge,8,31.622776601683793,4197,4,0.6089455057287708,0.7809654268712394,0.0
2,ridge,8,56.23413251903491,4197,4,0.8183234955937136,1.0822862218559544,0.0
2,ridge,8,100.0,4197,4,1.149836891870436,1.5662576785954427,0.0
2,ridge,8,177.82794100389228,4197,4,1.6661798961093812,2.331510440711501,0.0
2,ridge,8,316.22776601683796,4197,4,2.4586552359807947,3.522153429147409,0.0
2,ridge,8,562.341325190349,4197,4,3.66217039029789,5.352994706841468,0.0
2,ridge,8,1000.0,4197,4,5.470195271454965,8.138050446168378,0.0
2,ridge,8,0.01,4207,0,0.29134318803130227,0.3123055909806016,0.0
2,ridge,8,0.01778279410038923,4207,0,0.2893496296389257,0.3114085590203074,0.0
2,ridge,8,0.03162277660168379,4207,0,0.287838261438792,0.3119360330346064,0.0
2,ridge,8,0.05623413251903491,4207,0,0.2872562184412785,0.3145913303986556,0.0
2,ridge,8,0.1,4207,0,0.2880106110973407,0.3197673625899586,0.0
2,ridge,8,0.1778279410038923,4207,0,0.29070930342061063,0.3278010886896524,0.0
2,ridge,8,0.31622776601683794,4207,0,0.2965024541003738,0.33974459935138573,0.0
2,ridge,8,0.5623413251903491,4207,0,0.30740789877057556,0.35828811218894996,0.0
2,ridge,8,1.0,4207,0,0.32625791500672147,0.3877530507583491,0.0
2,ridge,8,1.7782794100389228,4207,0,0.3562065508495719,0.43296103338839675,0.0
2,ridge,8,3.1622776601683795,4207,0,0.40039176485103434,0.4984907558286437,0.0
2,ridge,8,5.623413251903491,4207,0,0.46241628462421697,0.589942427309105,0.0
2,ridge,8,10.0,4207,0,0.5478832525759153,0.7171393039289826,0.0
2,ridge,8,17.78279410038923,4207,0,0.6665977841983419,0.8974559336149507,0.0
2,ridge,8,31.622776601683793,4207,0,0.8355756790482053,1.1592477185012346,0.0
2,ridge,8,56.23413251903491,4207,0,1.085302200076955,1.5515757865931854,0.0
2,ridge,8,100.0,4207,0,1.4702607227149818,2.1643835275083085,0.0
2,ridge,8,177.82794100389228,4207,0,2.074570728131188,3.141356310360081,0.0
2,ridge,8,316.22776601683796,4207,0,2.998161105801775,4.658493887739327,0.0
2,ridge,8,562.341325190349,4207,0,4.335527040340137,6.892150260344885,0.0
2,ridge,8,1000.0,4207,0,6.1733342826841096,10.020856691134,0.0
2,ridge,8,0.01,4207,1,0.27767487069715996,0.2973407527119689,0.0
2,ridge,8,0.01778279410038923,4207,1,0.27573274679551235,0.2982323751220874,0.0
2,ridge,8,0.03162277660168379,4207,1,0.27373793740760544,0.29948228867859994,0.0
2,ridge,8,0.05623413251903491,4207,1,0.27185550969087025,0.30081440564797535,0.0
2,ridge,8,0.1,4207,1,0.27037518279481804,0.302108241165734,0.0
2,ridge,8,0.1778279410038923,4207,1,0.26985660165417935,0.30374526127621304,0.0
2,ridge,8,0.31622776601683794,4207,1,0.2712552480404363,0.30695135127175704,0.0
2,ridge,8,0.5623413251903491,4207,1,0.2762044930789983,0.3144127381292706,0.0
2,ridge,8,1.0,4207,1,0.28726968277981524,0.3306395595782153,0.0
2,ridge,8,1.7782794100389228,4207,1,0.30798812565183237,0.3616218153281099,0.0
2,ridge,8,3.1622776601683795,4207,1,0.34282562197962807,0.41436210056884254,0.0
2,ridge,8,5.623413251903491,4207,1,0.397030978755342,0.49678242118229005,0.0
2,ridge,8,10.0,4207,1,0.47684003059269386,0.6184024600093092,0.0
2,ridge,8,17.78279410038923,4207,1,0.5912847678779374,0.7926835186865661,0.0
2,ridge,8,31.622776601683793,4207,1,0.754353159563349,1.0392434077893904,0.0
2,ridge,8,56.23413251903491,4207,1,0.9842856070473893,1.3834937239038327,0.0
2,ridge,8,100.0,4207,1,1.3030109944116979,1.860289481379132,0.0
2,ridge,8,177.82794100389228,4207,1,1.7430420794649144,2.529809058425179,0.0
2,ridge,8,316.22776601683796,4207,1,2.3560946945698715,3.491257801904687,0.0
2,ridge,8,562.341325190349,4207,1,3.2081686804596954,4.870402449718179,0.0
2,ridge,8,1000.0,4207,1,4.357513401927797,6.780763156367789,0.0
2,ridge,8,0.01,4207,2,0.23087323107801314,0.2895501109538032,0.0
2,ridge,8,0.01778279410038923,4207,2,0.2293377166061131,0.2890412505644992,0.0
2,ridge,8,0.03162277660168379,4207,2,0.22831608229576053,0.28934991944059696,0.0
2,ridge,8,0.05623413251903491,4207,2,0.2283934373540096,0.290896929455384,0.0
2,ridge,8,0.1,4207,2,0.22995422277098632,0.2937613553068388,0.0
2,ridge,8,0.1778279410038923,4207,2,0.23317934063542514,0.2978733792974399,0.0
2,ridge,8,0.31622776601683794,4207,2,0.23826571578928663,0.30349665370569606,0.0
2,ridge,8,0.5623413251903491,4207,2,0.24564889898580294,0.3117088346253659,0.0
2,ridge,8,1.0,4207,2,0.2560518721122675,0.32448967075099666,0.0
2,ridge,8,1.7782794100389228,4207,2,0.2705495610485999,0.3443794377235528,0.0
2,ridge,8,3.1622776601683795,4207,2,0.29106830925755167,0.3745206330424007,0.0
2,ridge,8,5.623413251903491,4207,2,0.3210995658752346,0.419525647450424,0.0
2,ridge,8,10.0,4207,2,0.3663483045590721,0.4867679701148731,0.0
2,ridge,8,17.78279410038923,4207,2,0.4369564597241,0.5893132444133126,0.0
2,ridge,8,31.622776601683793,4207,2,0.5520429570308067,0.7517684777728837,0.0
2,ridge,8,56.23413251903491,4207,2,0.7433278376749386,1.01731958486041,0.0
2,ridge,8,100.0,4207,2,1.0567533973453829,1.4556527264120764,0.0
2,ridge,8,177.82794100389228,4207,2,1.555427342902661,2.171662024010596,0.0
2,ridge,8,316.22776601683796,4207,2,2.318335257018908,3.30226519493889,0.0
2,ridge,8,562.341325190349,4207,2,3.4284123028077014,4.99583327263445,0.0
2,ridge,8,1000.0,4207,2,4.972281927868967,7.4140390226661435,0.0
2,ridge,8,0.01,4207,3,0.28231094811121393,0.29104182109688154,0.0
2,ridge,8,0.01778279410038923,4207,3,0.2828914135961572,0.291234496159788,0.0
2,ridge,8,0.03162277660168379,4207,3,0.2850256167440023,0.29341807383958235,0.0
2,ridge,8,0.05623413251903491,4207,3,0.28915250314213115,0.29841316427447945,0.0
2,ridge,8,0.1,4207,3,0.2951178456138465,0.3062851619069898,0.0
2,ridge,8,0.1778279410038923,4207,3,0.3025152695781333,0.31659833515394165,0.0
2,ridge,8,0.31622776601683794,4207,3,0.31131454870533093,0.32910486186100324,0.0
2,ridge,8,0.5623413251903491,4207,3,0.32215724860904194,0.3442194697416861,0.0
2,ridge,8,1.0,4207,3,0.33665645668762495,0.3638297697966844,0.0
2,ridge,8,1.7782794100389228,4207,3,0.35822936899737107,0.3927728394289525,0.0
2,ridge,8,3.1622776601683795,4207,3,0.3929156187029141,0.4396831244207747,0.0
2,ridge,8,5.623413251903491,4207,3,0.44924694734828946,0.5163498108905322,0.0
2,ridge,8,10.0,4207,3,0.5378792335166808,0.637343570153759,0.0
2,ridge,8,17.78279410038923,4207,3,0.6728777360707102,0.8221270004492582,0.0
2,ridge,8,31.622776601683793,4207,3,0.8731607688688149,1.0973758249160435,0.0
2,ridge,8,56.23413251903491,4207,3,1.1618663390744306,1.4975865604744572,0.0
2,ridge,8,100.0,4207,3,1.57105966326365,2.0748050090116545,0.0
2,ridge,8,177.82794100389228,4207,3,2.159399285814607,2.9278937573860726,0.0
2,ridge,8,316.22776601683796,4207,3,3.0250273737393596,4.226041165154435,0.0
2,ridge,8,562.341325190349,4207,3,4.293826835320934,6.194776894809052,0.0
2,ridge,8,1000.0,4207,3,6.107258007185559,9.09356312896519,0.0
2,ridge,8,0.01,4207,4,0.2915877415519875,0.31349381212815386,0.0
2,ridge,8,0.01778279410038923,4207,4,0.2836210860817828,0.3027294867493121,0.0
2,ridge,8,0.03162277660168379,4207,4,0.2753046726818505,0.2907466532174531,0.0
2,ridge,8,0.05623413251903491,4207,4,0.26774204211978175,0.2789673940556203,0.0
2,ridge,8,0.1,4207,4,0.26209910772056455,0.2692419126536207,0.0
2,ridge,8,0.1778279410038923,4207,4,0.2595653670262562,0.2636709081482703,0.0
2,ridge,8,0.31622776601683794,4207,4,0.2614097671683213,0.2644258462140141,0.0
2,ridge,8,0.5623413251903491,4207,4,0.26865619586168554,0.27317026334697164,0.0
2,ridge,8,1.0,4207,4,0.28156788476757594,0.29032481917099606,0.0
2,ridge,8,1.7782794100389228,4207,4,0.3001352621799229,0.3158379054305919,0.0
2,ridge,8,3.1622776601683795,4207,4,0.3261296119204916,0.3523215130796999,0.0
2,ridge,8,5.623413251903491,4207,4,0.36522521118162676,0.40798986121644015,0.0
2,ridge,8,10.0,4207,4,0.42818580007699164,0.49772997966558485,0.0
2,ridge,8,17.78279410038923,4207,4,0.5322181457567708,0.644860067559003,0.0
2,ridge,8,31.622776601683793,4207,4,0.7009056760593765,0.8823253906390167,0.0
2,ridge,8,56.23413251903491,4207,4,0.9615676726698938,1.250978992163355,0.0
2,ridge,8,100.0,4207,4,1.3460580275767293,1.8015616305850533,0.0
2,ridge,8,177.82794100389228,4207,4,1.899760281754166,2.606071705581703,0.0
2,ridge,8,316.22776601683796,4207,4,2.69153149998336,3.769119590459311,0.0
2,ridge,8,562.341325190349,4207,4,3.8167165851196714,5.430223026669873,0.0
2,ridge,8,1000.0,4207,4,5.390637469055658,7.757945863998874,0.0
2,ridge,8,0.01,4217,0,0.28500862354635437,0.3462728114834042,0.0
2,ridge,8,0.01778279410038923,4217,0,0.28296686663163917,0.3464719266054794,0.0
2,ridge,8,0.03162277660168379,4217,0,0.2820869099684777,0.34903942016853434,0.0
2,ridge,8,0.05623413251903491,4217,0,0.2837336885427689,0.3556021003425177,0.0
2,ridge,8,0.1,4217,0,0.2891130000018058,0.3674293428375179,0.0
2,ridge,8,0.1778279410038923,4217,0,0.29866347881890276,0.3845425417121851,0.0
2,ridge,8,0.31622776601683794,4217,0,0.3119010129897991,0.40550560893708415,0.0
2,ridge,8,0.5623413251903491,4217,0,0.3281426190071415,0.4287459916904379,0.0
2,ridge,8,1.0,4217,0,0.3479765864772357,0.4552234465239502,0.0
2,ridge,8,1.7782794100389228,4217,0,0.37465037668503354,0.4908149805234495,0.0
2,ridge,8,3.1622776601683795,4217,0,0.4145730265259986,0.5469943992822681,0.0
2,ridge,8,5.623413251903491,4217,0,0.47715311733768456,0.6407033235249434,0.0
2,ridge,8,10.0,4217,0,0.5750001597784833,0.7953895974018594,0.0
2,ridge,8,17.78279410038923,4217,0,0.7259920094046044,1.0449190821438041,0.0
2,ridge,8,31.622776601683793,4217,0,0.9574833373787401,1.4398414911551274,0.0
2,ridge,8,56.23413251903491,4217,0,1.3101520047978368,2.0520146850505223,0.0
2,ridge,8,100.0,4217,0,1.8394186454807795,2.976299098237414,0.0
2,ridge,8,177.82794100389228,4217,0,2.6131801458838972,4.329012308475526,0.0
2,ridge,8,316.22776601683796,4217,0,3.697604536924074,6.2279413043765,0.0
2,ridge,8,562.341325190349,4217,0,5.131382878094881,8.750708454832274,0.0
2,ridge,8,1000.0,4217,0,6.9152541197429,11.915187186362056,0.0
2,ridge,8,0.01,4217,1,0.3206111078200781,0.3437337809732067,0.0
2,ridge,8,0.01778279410038923,4217,1,0.3142914547226697,0.3351926442703148,0.0
2,ridge,8,0.03162277660168379,4217,1,0.3085025893431871,0.3268564206841904,0.0
2,ridge,8,0.05623413251903491,4217,1,0.30471986412021174,0.32066451813837304,0.0
2,ridge,8,0.1,4217,1,0.30419883825256644,0.31826145798256117,0.0
2,ridge,8,0.1778279410038923,4217,1,0.3080580111515753,0.3209200034061809,0.0
2,ridge,8,0.31622776601683794,4217,1,0.3176514354195036,0.33007696793899594,0.0
2,ridge,8,0.5623413251903491,4217,1,0.3347681389026512,0.3478505366576933,0.0
2,ridge,8,1.0,4217,1,0.3616677694375412,0.3772546770814846,0.0
2,ridge,8,1.7782794100389228,4217,1,0.4014041154127364,0.4225764195869527,0.0
2,ridge,8,3.1622776601683795,4217,1,0.4585440960366879,0.49035651304087,0.0
2,ridge,8,5.623413251903491,4217,1,0.5399260639176462,0.5906748035756267,0.0
2,ridge,8,10.0,4217,1,0.6552925386869582,0.7381129098947394,0.0
2,ridge,8,17.78279410038923,4217,1,0.8174580895314083,0.9515815105604041,0.0
2,ridge,8,31.622776601683793,4217,1,1.040382263237031,1.2510025921841554,0.0
2,ridge,8,56.23413251903491,4217,1,1.3365122968108654,1.6538707378792536,0.0
2,ridge,8,100.0,4217,1,1.7222702638429213,2.1858359103720657,0.0
2,ridge,8,177.82794100389228,4217,1,2.23647972499893,2.911390201187889,0.0
2,ridge,8,316.22776601683796,4217,1,2.9587386978136743,3.9625047142789014,0.0
2,ridge,8,562.341325190349,4217,1,4.018082042911631,5.548978069530299,0.0
2,ridge,8,1000.0,4217,1,5.593114441921035,7.9521153288655535,0.0
2,ridge,8,0.01,4217,2,0.24171476127435315,0.27959546740674496,0.0
2,ridge,8,0.01778279410038923,4217,2,0.24200203280258292,0.2839692728626222,0.0
2,ridge,8,0.03162277660168379,4217,2,0.24314403117792494,0.29055065556693005,0.0
2,ridge,8,0.05623413251903491,4217,2,0.24559109817139269,0.29984805648750845,0.0
2,ridge,8,0.1,4217,2,0.24986131887688973,0.3121766740597711,0.0
2,ridge,8,0.1778279410038923,4217,2,0.2565966789188582,0.327775159689147,0.0
2,ridge,8,0.31622776601683794,4217,2,0.26669442907343643,0.3474056809804877,0.0
2,ridge,8,0.5623413251903491,4217,2,0.28153829405969344,0.3733115813747278,0.0
2,ridge,8,1.0,4217,2,0.30331100916421044,0.40989511102459136,0.0
2,ridge,8,1.7782794100389228,4217,2,0.335322790141253,0.4636555648978452,0.0
2,ridge,8,3.1622776601683795,4217,2,0.3821209689244196,0.5424528622750766,0.0
2,ridge,8,5.623413251903491,4217,2,0.4491343085327972,0.6544812873485956,0.0
2,ridge,8,10.0,4217,2,0.5424950780205062,0.8079712220340454,0.0
2,ridge,8,17.78279410038923,4217,2,0.6709334177227154,1.0135750372776107,0.0
2,ridge,8,31.622776601683793,4217,2,0.8500333213464684,1.2900416874940106,0.0
2,ridge,8,56.23413251903491,4217,2,1.1065538820787209,1.6721354978452678,0.0
2,ridge,8,100.0,4217,2,1.4847120501329827,2.224289825103738,0.0
2,ridge,8,177.82794100389228,4217,2,2.060452957352026,3.0658574970617796,0.0
2,ridge,8,316.22776601683796,4217,2,2.9580739385628476,4.399849354551502,0.0
2,ridge,8,562.341325190349,4217,2,4.358681900214014,6.534684631696624,0.0
2,ridge,8,1000.0,4217,2,6.502579635110381,9.900424016012522,0.0
2,ridge,8,0.01,4217,3,0.2791037089688329,0.3258531830014157,0.0
2,ridge,8,0.01778279410038923,4217,3,0.27512849349940616,0.31611647748439875,0.0
2,ridge,8,0.03162277660168379,4217,3,0.27143157261324513,0.30565385533023265,0.0
2,ridge,8,0.05623413251903491,4217,3,0.2689736168757503,0.2962388630495888,0.0
2,ridge,8,0.1,4217,3,0.26824400559355216,0.2890822217076746,0.0
2,ridge,8,0.1778279410038923,4217,3,0.2692769194047598,0.2846276940337255,0.0
2,ridge,8,0.31622776601683794,4217,3,0.2722950084817877,0.2835297081542295,0.0
2,ridge,8,0.5623413251903491,4217,3,0.2781654908593834,0.2875420901323077,0.0
2,ridge,8,1.0,4217,3,0.28853968730793567,0.2999334917265797,0.0
2,ridge,8,1.7782794100389228,4217,3,0.30585973128010274,0.32533862530863494,0.0
2,ridge,8,3.1622776601683795,4217,3,0.3327181965922624,0.3677311146114042,0.0
2,ridge,8,5.623413251903491,4217,3,0.37121652724622634,0.4281766876694905,0.0
2,ridge,8,10.0,4217,3,0.4243945492731882,0.5069162072509856,0.0
2,ridge,8,17.78279410038923,4217,3,0.500114796334043,0.6104398099844719,0.0
2,ridge,8,31.622776601683793,4217,3,0.6142328364071886,0.7592433652088096,0.0
2,ridge,8,56.23413251903491,4217,3,0.7883515372607571,0.9898381735303352,0.0
2,ridge,8,100.0,4217,3,1.0443921748538283,1.3503498708014547,0.0
2,ridge,8,177.82794100389228,4217,3,1.4073747925316415,1.9014054301047758,0.0
2,ridge,8,316.22776601683796,4217,3,1.9160715931959522,2.724800310729038,0.0
2,ridge,8,562.341325190349,4217,3,2.626072929330672,3.923401483824229,0.0
2,ridge,8,1000.0,4217,3,3.5965927305984713,5.599256338324052,0.0
2,ridge,8,0.01,4217,4,0.3531439474154521,0.3838619206681531,0.0
2,ridge,8,0.01778279410038923,4217,4,0.350316712985,0.3805535982005543,0.0
2,ridge,8,0.03162277660168379,4217,4,0.34760249843066504,0.37763682207781224,0.0
2,ridge,8,0.05623413251903491,4217,4,0.3451955598184637,0.37538428657105605,0.0
2,ridge,8,0.1,4217,4,0.3424842092078699,0.3730376213952759,0.0
2,ridge,8,0.1778279410038923,4217,4,0.33820497307166825,0.3689255711684496,0.0
2,ridge,8,0.31622776601683794,4217,4,0.3314029154491193,0.361587307328795,0.0
2,ridge,8,0.5623413251903491,4217,4,0.3224837354824451,0.3512642842067496,0.0
2,ridge,8,1.0,4217,4,0.31366454023642215,0.34079905852364717,0.0
2,ridge,8,1.7782794100389228,4217,4,0.3091535707239649,0.3359565843046943,0.0
2,ridge,8,3.1622776601683795,4217,4,0.31481456031351746,0.3446276239296545,0.0
2,ridge,8,5.623413251903491,4217,4,0.3363701850158355,0.373978068654182,0.0
2,ridge,8,10.0,4217,4,0.37779752292082336,0.42814413641714955,0.0
2,ridge,8,17.78279410038923,4217,4,0.4434734345395417,0.5110306906669946,0.0
2,ridge,8,31.622776601683793,4217,4,0.5438026858207096,0.6337736858773888,0.0
2,ridge,8,56.23413251903491,4217,4,0.7026875135994033,0.8261765310427385,0.0
2,ridge,8,100.0,4217,4,0.9694197685280563,1.1573119667817267,0.0
2,ridge,8,177.82794100389228,4217,4,1.4295191558436993,1.7554243976837645,0.0
2,ridge,8,316.22776601683796,4217,4,2.19317273984982,2.793168625153084,0.0
2,ridge,8,562.341325190349,4217,4,3.3624610416732716,4.440607201456582,0.0
2,ridge,8,1000.0,4217,4,5.013464598229815,6.840595076899567,0.0
2,ridge,9,0.01,4197,0,0.4967422453333673,0.694569948197964,0.0
2,ridge,9,0.01778279410038923,4197,0,0.4506410159620322,0.6118502747560185,0.0
2,ridge,9,0.03162277660168379,4197,0,0.4091501864773316,0.5373936882524472,0.0
2,ridge,9,0.05623413251903491,4197,0,0.37579995191878324,0.4773108044936338,0.0
2,ridge,9,0.1,4197,0,0.3499771812202298,0.4303407001535525,0.0
2,ridge,9,0.1778279410038923,4197,0,0.32933140739220923,0.392093131970018,0.0
2,ridge,9,0.31622776601683794,4197,0,0.3121026589108566,0.3591431806566833,0.0
2,ridge,9,0.5623413251903491,4197,0,0.29821291505208447,0.3310732281198288,0.0
2,ridge,9,1.0,4197,0,0.288885578829627,0.31000617906752664,0.0
2,ridge,9,1.7782794100389228,4197,0,0.28573039196377625,0.2989301147429639,0.0
2,ridge,9,3.1622776601683795,4197,0,0.28990144951370583,0.29983002257197333,0.0
2,ridge,9,5.623413251903491,4197,0,0.3015935012166196,0.312534700708172,0.0
2,ridge,9,10.0,4197,0,0.32180154129810856,0.33769621619131096,0.0
2,ridge,9,17.78279410038923,4197,0,0.35721359669887703,0.38497942233973814,0.0
2,ridge,9,31.622776601683793,4197,0,0.42543454443218665,0.4813768266829818,0.0
2,ridge,9,56.23413251903491,4197,0,0.5580633672958155,0.6753408317287833,0.0
2,ridge,9,100.0,4197,0,0.8014347929540089,1.037421261379189,0.0
2,ridge,9,177.82794100389228,4197,0,1.219327043259527,1.6655459821495087,0.0
2,ridge,9,316.22776601683796,4197,0,1.903164546763114,2.7031345968078027,0.0
2,ridge,9,562.341325190349,4197,0,2.9747949761004686,4.348960075355515,0.0
2,ridge,9,1000.0,4197,0,4.561054700837515,6.829420500208008,0.0
2,ridge,9,0.01,4197,1,0.36715471520862386,0.4352422827218042,0.0
2,ridge,9,0.01778279410038923,4197,1,0.3597544591458354,0.4321281370771945,0.0
2,ridge,9,0.03162277660168379,4197,1,0.35207055020402167,0.42817832723620486,0.0
2,ridge,9,0.05623413251903491,4197,1,0.3447699956068885,0.42369048627806216,0.0
2,ridge,9,0.1,4197,1,0.3391277832173771,0.4202471994190143,0.0
2,ridge,9,0.1778279410038923,4197,1,0.3366174399595115,0.4199294329505674,0.0
2,ridge,9,0.31622776601683794,4197,1,0.33858118973717566,0.42480448830818407,0.0
2,ridge,9,0.5623413251903491,4197,1,0.3463867450887252,0.4371957986752711,0.0
2,ridge,9,1.0,4197,1,0.361578521173712,0.45979386666167055,0.0
2,ridge,9,1.7782794100389228,4197,1,0.3856524313217645,0.4950103762613382,0.0
2,ridge,9,3.1622776601683795,4197,1,0.41979579812960555,0.5442639223438877,0.0
2,ridge,9,5.623413251903491,4197,1,0.46510054338885415,0.6081349415307384,0.0
2,ridge,9,10.0,4197,1,0.5235310058028687,0.6876996860196553,0.0
2,ridge,9,17.78279410038923,4197,1,0.5999061593457758,0.7874155251462905,0.0
2,ridge,9,31.622776601683793,4197,1,0.7053796629184989,0.9211462464015896,0.0
2,ridge,9,56.23413251903491,4197,1,0.8624181155554984,1.1222156011345048,0.0
2,ridge,9,100.0,4197,1,1.1086144251281078,1.4525465784381877,0.0
2,ridge,9,177.82794100389228,4197,1,1.4988257279640058,2.007127564265253,0.0
2,ridge,9,316.22776601683796,4197,1,2.108889535455862,2.9163560925275887,0.0
2,ridge,9,562.341325190349,4197,1,3.029645879156526,4.332328810851108,0.0
2,ridge,9,1000.0,4197,1,4.343544188422677,6.393827371399903,0.0
2,ridge,9,0.01,4197,2,0.3189920731443101,0.366813988596176,0.0
2,ridge,9,0.01778279410038923,4197,2,0.29216822826106065,0.3261357056273465,0.0
2,ridge,9,0.03162277660168379,4197,2,0.2714057417058945,0.2959261316879013,0.0
2,ridge,9,0.05623413251903491,4197,2,0.25711433712552345,0.2767459991839319,0.0
2,ridge,9,0.1,4197,2,0.2479617288528202,0.2660520810200844,0.0
2,ridge,9,0.1778279410038923,4197,2,0.24275948278838344,0.2614422841956782,0.0
2,ridge,9,0.31622776601683794,4197,2,0.2411892782543254,0.26175842793825077,0.0
2,ridge,9,0.5623413251903491,4197,2,0.2438116604728903,0.26697267033552374,0.0
2,ridge,9,1.0,4197,2,0.2519365982464562,0.278070448616139,0.0
2,ridge,9,1.7782794100389228,4197,2,0.267502756040508,0.2970794829001048,0.0
2,ridge,9,3.1622776601683795,4197,2,0.2928120484879224,0.32662201773541355,0.0
2,ridge,9,5.623413251903491,4197,2,0.3304248948837143,0.369542220019776,0.0
2,ridge,9,10.0,4197,2,0.38410377278649227,0.43075956115394193,0.0
2,ridge,9,17.78279410038923,4197,2,0.46081287327083303,0.5212454416634633,0.0
2,ridge,9,31.622776601683793,4197,2,0.5731164640497373,0.661579490222798,0.0
2,ridge,9,56.23413251903491,4197,2,0.7424182794727284,0.8852991976432305,0.0
2,ridge,9,100.0,4197,2,1.0031979964194007,1.2448239441478481,0.0
2,ridge,9,177.82794100389228,4197,2,1.4126376543657961,1.8294624512106985,0.0
2,ridge,9,316.22776601683796,4197,2,2.070702218232932,2.802278089746304,0.0
2,ridge,9,562.341325190349,4197,2,3.1219062082909246,4.4080936217674545,0.0
2,ridge,9,1000.0,4197,2,4.699172237325202,6.885249836463854,0.0
2,ridge,9,0.01,4197,3,0.3000916591341479,0.3007925545555445,0.0
2,ridge,9,0.01778279410038923,4197,3,0.2911545553266611,0.2883965200428846,0.0
2,ridge,9,0.03162277660168379,4197,3,0.2811156346827129,0.27492599854842426,0.0
2,ridge,9,0.05623413251903491,4197,3,0.27024271365280195,0.2607759793363664,0.0
2,ridge,9,0.1,4197,3,0.25928700492303414,0.2470461418731144,0.0
2,ridge,9,0.1778279410038923,4197,3,0.2493305814135963,0.23546410192693282,0.0
2,ridge,9,0.31622776601683794,4197,3,0.24138081499309605,0.22783468936533763,0.0
2,ridge,9,0.5623413251903491,4197,3,0.23624326165468265,0.22568018386501593,0.0
2,ridge,9,1.0,4197,3,0.23489920597007527,0.23045300314513667,0.0
2,ridge,9,1.7782794100389228,4197,3,0.23882147596650077,0.2436958002037085,0.0
2,ridge,9,3.1622776601683795,4197,3,0.24988232829650947,0.26689945627511064,0.0
2,ridge,9,5.623413251903491,4197,3,0.27037002494929946,0.30193288069711793,0.0
2,ridge,9,10.0,4197,3,0.30372433685293665,0.35283287802266283,0.0
2,ridge,9,17.78279410038923,4197,3,0.3559859509380095,0.4287179340107783,0.0
2,ridge,9,31.622776601683793,4197,3,0.4375085813584807,0.5469180071462095,0.0
2,ridge,9,56.23413251903491,4197,3,0.5652269780853498,0.7365991203773514,0.0
2,ridge,9,100.0,4197,3,0.7669570170651621,1.0462052590478153,0.0
2,ridge,9,177.82794100389228,4197,3,1.0913909747492372,1.5619444334096069,0.0
2,ridge,9,316.22776601683796,4197,3,1.6213295754751993,2.4308919694479734,0.0
2,ridge,9,562.341325190349,4197,3,2.4627450757969,3.8405382981699248,0.0
2,ridge,9,1000.0,4197,3,3.6963718579336886,5.934878546412478,0.0
2,ridge,9,0.01,4197,4,0.28441480959799487,0.3255741594213369,0.0
2,ridge,9,0.01778279410038923,4197,4,0.27659732907361834,0.3164533328104514,0.0
2,ridge,9,0.03162277660168379,4197,4,0.26869851820828905,0.3068485440081748,0.0
2,ridge,9,0.05623413251903491,4197,4,0.2606281323457724,0.29665353952863427,0.0
2,ridge,9,0.1,4197,4,0.2524420848699095,0.2861792166780853,0.0
2,ridge,9,0.1778279410038923,4197,4,0.2445505636630315,0.2763966755481678,0.0
2,ridge,9,0.31622776601683794,4197,4,0.23780300471660737,0.26886741776284584,0.0
2,ridge,9,0.5623413251903491,4197,4,0.23364743857012651,0.2657642538188691,0.0
2,ridge,9,1.0,4197,4,0.23423786314951736,0.2699016825500997,0.0
2,ridge,9,1.7782794100389228,4197,4,0.24192969848790372,0.2839908802114403,0.0
2,ridge,9,3.1622776601683795,4197,4,0.25833213620856543,0.30933344028698634,0.0
2,ridge,9,5.623413251903491,4197,4,0.2842183637139647,0.34582107635315756,0.0
2,ridge,9,10.0,4197,4,0.3213169552700576,0.39481283372909987,0.0
2,ridge,9,17.78279410038923,4197,4,0.3751285209507753,0.4637729106037158,0.0
2,ridge,9,31.622776601683793,4197,4,0.4574641214846486,0.5706614898366031,0.0
2,ridge,9,56.23413251903491,4197,4,0.5899412094330823,0.7493785034716486,0.0
2,ridge,9,100.0,4197,4,0.8094852506359211,1.0579921145407936,0.0
2,ridge,9,177.82794100389228,4197,4,1.1769978908497167,1.5920309573659526,0.0
2,ridge,9,316.22776601683796,4197,4,1.7917365395431826,2.5056216762961743,0.0
2,ridge,9,562.341325190349,4197,4,2.795775328755389,4.018478414307182,0.0
2,ridge,9,1000.0,4197,4,4.353408165601783,6.390578264618186,0.0
2,ridge,9,0.01,4207,0,0.33118129328430845,0.3714428996961705,0.0
2,ridge,9,0.01778279410038923,4207,0,0.32615481975341876,0.3707909568875105,0.0
2,ridge,9,0.03162277660168379,4207,0,0.3199312999275084,0.3680673671761509,0.0
2,ridge,9,0.05623413251903491,4207,0,0.31275910263527,0.36352035568653696,0.0
2,ridge,9,0.1,4207,0,0.3057911963208496,0.3589369181277601,0.0
2,ridge,9,0.1778279410038923,4207,0,0.3005650931748391,0.35658490886039024,0.0
2,ridge,9,0.31622776601683794,4207,0,0.29867670438562377,0.3587015238751137,0.0
2,ridge,9,0.5623413251903491,4207,0,0.3017176407369174,0.36753107418034925,0.0
2,ridge,9,1.0,4207,0,0.31109433386992813,0.3851570265985712,0.0
2,ridge,9,1.7782794100389228,4207,0,0.32763015644913,0.41275385251600644,0.0
2,ridge,9,3.1622776601683795,4207,0,0.3516602869622929,0.4503266907883271,0.0
2,ridge,9,5.623413251903491,4207,0,0.38468764648426707,0.49916562339010473,0.0
2,ridge,9,10.0,4207,0,0.43188712089874154,0.5664023430019525,0.0
2,ridge,9,17.78279410038923,4207,0,0.5031043928325654,0.667590886251072,0.0
2,ridge,9,31.622776601683793,4207,0,0.6120962496740451,0.8261051274419522,0.0
2,ridge,9,56.23413251903491,4207,0,0.7778886631796277,1.0749164907821585,0.0
2,ridge,9,100.0,4207,0,1.0330900178162277,1.4695482839062444,0.0
2,ridge,9,177.82794100389228,4207,0,1.4397718916620685,2.1149452417350183,0.0
2,ridge,9,316.22776601683796,4207,0,2.102321447974073,3.187568152020776,0.0
2,ridge,9,562.341325190349,4207,0,3.152478733168811,4.912310165485751,0.0
2,ridge,9,1000.0,4207,0,4.706109052672642,7.4980503927836235,0.0
2,ridge,9,0.01,4207,1,0.5608240819279668,0.8169475694675321,0.0
2,ridge,9,0.01778279410038923,4207,1,0.48801829791635215,0.6880608301179774,0.0
2,ridge,9,0.03162277660168379,4207,1,0.42159880596311916,0.5711391687087921,0.0
2,ridge,9,0.05623413251903491,4207,1,0.36967268776569273,0.4810122785369527,0.0
2,ridge,9,0.1,4207,1,0.3326645130282925,0.4181079849948688,0.0
2,ridge,9,0.1778279410038923,4207,1,0.3077750609115401,0.37689132494663713,0.0
2,ridge,9,0.31622776601683794,4207,1,0.29255307982744605,0.3524143636126323,0.0
2,ridge,9,0.5623413251903491,4207,1,0.2857727450940414,0.3417296439831996,0.0
2,ridge,9,1.0,4207,1,0.2870659127026809,0.3430672462802168,0.0
2,ridge,9,1.7782794100389228,4207,1,0.2967813883320206,0.3555183977469167,0.0
2,ridge,9,3.1622776601683795,4207,1,0.3162998484921612,0.37966591776645103,0.0
2,ridge,9,5.623413251903491,4207,1,0.348532720032549,0.41881336010944825,0.0
2,ridge,9,10.0,4207,1,0.39874223385744034,0.48079328478125016,0.0
2,ridge,9,17.78279410038923,4207,1,0.4757726246041261,0.5800028165513412,0.0
2,ridge,9,31.622776601683793,4207,1,0.5923222832677879,0.737595952819093,0.0
2,ridge,9,56.23413251903491,4207,1,0.7635186162036157,0.9790353831856966,0.0
2,ridge,9,100.0,4207,1,1.0065574137101139,1.3339881218907381,0.0
2,ridge,9,177.82794100389228,4207,1,1.3479954196185067,1.8498239541846688,0.0
2,ridge,9,316.22776601683796,4207,1,1.8414162310330755,2.621514885055828,0.0
2,ridge,9,562.341325190349,4207,1,2.573725469333426,3.8015450651318097,0.0
2,ridge,9,1000.0,4207,1,3.632093114414526,5.54630493979855,0.0
2,ridge,9,0.01,4207,2,0.24841707019786993,0.2996152152618724,0.0
2,ridge,9,0.01778279410038923,4207,2,0.2395025317639392,0.2892805933820675,0.0
2,ridge,9,0.03162277660168379,4207,2,0.2307849502989457,0.27874933314103023,0.0
2,ridge,9,0.05623413251903491,4207,2,0.2228169006402286,0.2688287108922175,0.0
2,ridge,9,0.1,4207,2,0.21631581396419203,0.2604345166478006,0.0
2,ridge,9,0.1778279410038923,4207,2,0.21182885513652633,0.25420609254970133,0.0
2,ridge,9,0.31622776601683794,4207,2,0.2096235650602419,0.2505400516643734,0.0
2,ridge,9,0.5623413251903491,4207,2,0.20991621761401,0.25002095681660874,0.0
2,ridge,9,1.0,4207,2,0.213172937043583,0.25378077059414544,0.0
2,ridge,9,1.7782794100389228,4207,2,0.22026854508763014,0.2634787797692129,0.0
2,ridge,9,3.1622776601683795,4207,2,0.23255389300347745,0.28104363786273656,0.0
2,ridge,9,5.623413251903491,4207,2,0.2520203242220109,0.3087382537486085,0.0
2,ridge,9,10.0,4207,2,0.2817212948583257,0.3499844779795095,0.0
2,ridge,9,17.78279410038923,4207,2,0.3268766752040772,0.41125923881967064,0.0
2,ridge,9,31.622776601683793,4207,2,0.39783773658120636,0.5063589994051706,0.0
2,ridge,9,56.23413251903491,4207,2,0.5163379565475635,0.66548281486437,0.0
2,ridge,9,100.0,4207,2,0.7230177639474011,0.9481455387866797,0.0
2,ridge,9,177.82794100389228,4207,2,1.0826019207258128,1.4555625781736572,0.0
2,ridge,9,316.22776601683796,4207,2,1.6842174883568215,2.3343354167545916,0.0
2,ridge,9,562.341325190349,4207,2,2.623600345742026,3.747607417705178,0.0
2,ridge,9,1000.0,4207,2,3.9728712264774138,5.827412229768691,0.0
2,ridge,9,0.01,4207,3,0.3877948250842722,0.4331649788968743,0.0
2,ridge,9,0.01778279410038923,4207,3,0.3711059846752506,0.41063856355177875,0.0
2,ridge,9,0.03162277660168379,4207,3,0.35361114392642257,0.38742439481327695,0.0
2,ridge,9,0.05623413251903491,4207,3,0.337380704448841,0.3662201481750272,0.0
2,ridge,9,0.1,4207,3,0.32364506504112284,0.34868457711653317,0.0
2,ridge,9,0.1778279410038923,4207,3,0.3127612249544361,0.3355244618240668,0.0
2,ridge,9,0.31622776601683794,4207,3,0.3049729073610009,0.32732392900044066,0.0
2,ridge,9,0.5623413251903491,4207,3,0.30097550294666886,0.3249697915792334,0.0
2,ridge,9,1.0,4207,3,0.3019184093161932,0.3295616785506989,0.0
2,ridge,9,1.7782794100389228,4207,3,0.3093416773915346,0.3425801531077491,0.0
2,ridge,9,3.1622776601683795,4207,3,0.3256524505406782,0.36682947935880567,0.0
2,ridge,9,5.623413251903491,4207,3,0.35502626510303303,0.40783782692495213,0.0
2,ridge,9,10.0,4207,3,0.40424059991174977,0.47515238146082195,0.0
2,ridge,9,17.78279410038923,4207,3,0.4836252660297061,0.5838002340208905,0.0
2,ridge,9,31.622776601683793,4207,3,0.6091647063249075,0.7574827848589155,0.0
2,ridge,9,56.23413251903491,4207,3,0.8069913072146259,1.035764887532928,0.0
2,ridge,9,100.0,4207,3,1.1197042653766376,1.4847790391382143,0.0
2,ridge,9,177.82794100389228,4207,3,1.615243310058073,2.2120948456326612,0.0
2,ridge,9,316.22776601683796,4207,3,2.397935655010952,3.385287791570245,0.0
2,ridge,9,562.341325190349,4207,3,3.5986089238861196,5.222367562631369,0.0
2,ridge,9,1000.0,4207,3,5.33341808656227,7.936394215681579,0.0
2,ridge,9,0.01,4207,4,0.4468885293440833,0.5353308603097654,0.0
2,ridge,9,0.01778279410038923,4207,4,0.4091538821689939,0.4817845807901923,0.0
2,ridge,9,0.03162277660168379,4207,4,0.37521963482192605,0.43455997606343044,0.0
2,ridge,9,0.05623413251903491,4207,4,0.34539155547098754,0.39359194624276866,0.0
2,ridge,9,0.1,4207,4,0.3189259748125756,0.3569714144174272,0.0
2,ridge,9,0.1778279410038923,4207,4,0.29622310813673397,0.3246142298673839,0.0
2,ridge,9,0.31622776601683794,4207,4,0.27908812258699195,0.2988597256572597,0.0
2,ridge,9,0.5623413251903491,4207,4,0.26943278646260876,0.2826701699590945,0.0
2,ridge,9,1.0,4207,4,0.268049838668108,0.2777949875946968,0.0
2,ridge,9,1.7782794100389228,4207,4,0.2747495932713912,0.28458645891373296,0.0
2,ridge,9,3.1622776601683795,4207,4,0.2895773832371234,0.30323125524161537,0.0
2,ridge,9,5.623413251903491,4207,4,0.3143506409410592,0.3356989055266012,0.0
2,ridge,9,10.0,4207,4,0.35445370128146964,0.3886324801357116,0.0
2,ridge,9,17.78279410038923,4207,4,0.42071482924555753,0.4769194359014427,0.0
2,ridge,9,31.622776601683793,4207,4,0.5313019525973088,0.627447573629894,0.0
2,ridge,9,56.23413251903491,4207,4,0.7131725504732441,0.8815854706767567,0.0
2,ridge,9,100.0,4207,4,1.0008369974276472,1.2929887008619805,0.0
2,ridge,9,177.82794100389228,4207,4,1.4389028048271097,1.9306916025216752,0.0
2,ridge,9,316.22776601683796,4207,4,2.098706540589782,2.9015719452527327,0.0
2,ridge,9,562.341325190349,4207,4,3.086575292090721,4.359582442787646,0.0
2,ridge,9,1000.0,4207,4,4.515635017847377,6.465875544610386,0.0
2,ridge,9,0.01,4217,0,0.36414358704011207,0.505334618605192,0.0
2,ridge,9,0.01778279410038923,4217,0,0.35172632956753724,0.4850127608355009,0.0
2,ridge,9,0.03162277660168379,4217,0,0.3383906735582915,0.4630115736633283,0.0
2,ridge,9,0.05623413251903491,4217,0,0.32639153407671206,0.4433488237998002,0.0
2,ridge,9,0.1,4217,0,0.3176597485818563,0.4291633477361054,0.0
2,ridge,9,0.1778279410038923,4217,0,0.31326432414358213,0.4218080824338726,0.0
2,ridge,9,0.31622776601683794,4217,0,0.313523218175764,0.4214008339743412,0.0
2,ridge,9,0.5623413251903491,4217,0,0.31861928159277564,0.42819649446062463,0.0
2,ridge,9,1.0,4217,0,0.3292171358175355,0.4435606797614439,0.0
2,ridge,9,1.7782794100389228,4217,0,0.3466675501480808,0.4698324122474703,0.0
2,ridge,9,3.1622776601683795,4217,0,0.3730453007902291,0.5099066782911361,0.0
2,ridge,9,5.623413251903491,4217,0,0.41180583502749457,0.5684415303493663,0.0
2,ridge,9,10.0,4217,0,0.4699849080200006,0.65648542900276,0.0
2,ridge,9,17.78279410038923,4217,0,0.5616119236946119,0.7988779740122182,0.0
2,ridge,9,31.622776601683793,4217,0,0.7108653698192058,1.0413078337644481,0.0
2,ridge,9,56.23413251903491,4217,0,0.9557037159357742,1.4562964282885045,0.0
2,ridge,9,100.0,4217,0,1.3523405618895357,2.1479771361716273,0.0
2,ridge,9,177.82794100389228,4217,0,1.9781831693116163,3.254266081822744,0.0
2,ridge,9,316.22776601683796,4217,0,2.9264790593143566,4.936939001453184,0.0
2,ridge,9,562.341325190349,4217,0,4.271251857769253,7.322469000489976,0.0
2,ridge,9,1000.0,4217,0,6.011345324145266,10.407792626502054,0.0
2,ridge,9,0.01,4217,1,0.4690176785415011,0.562264476416226,0.0
2,ridge,9,0.01778279410038923,4217,1,0.432492061215104,0.5099307035106607,0.0
2,ridge,9,0.03162277660168379,4217,1,0.3953747478050241,0.4567767585489948,0.0
2,ridge,9,0.05623413251903491,4217,1,0.3619096841118175,0.40879604164057737,0.0
2,ridge,9,0.1,4217,1,0.33501719503215605,0.3699883150336046,0.0
2,ridge,9,0.1778279410038923,4217,1,0.31579639138884347,0.3417190309365651,0.0
2,ridge,9,0.31622776601683794,4217,1,0.30421068537509327,0.3237036385852427,0.0
2,ridge,9,0.5623413251903491,4217,1,0.3002135947585286,0.3154909966155859,0.0
2,ridge,9,1.0,4217,1,0.304652632157188,0.3176787392398311,0.0
2,ridge,9,1.7782794100389228,4217,1,0.31954115734935506,0.33248983338548754,0.0
2,ridge,9,3.1622776601683795,4217,1,0.3477895151721453,0.3636481965213001,0.0
2,ridge,9,5.623413251903491,4217,1,0.3931370376839422,0.4162495501862689,0.0
2,ridge,9,10.0,4217,1,0.4608141807633023,0.49747434440691374,0.0
2,ridge,9,17.78279410038923,4217,1,0.5587754153188704,0.6184656575449441,0.0
2,ridge,9,31.622776601683793,4217,1,0.6990780914649428,0.7969852202840828,0.0
2,ridge,9,56.23413251903491,4217,1,0.8988805073089076,1.059423668474396,0.0
2,ridge,9,100.0,4217,1,1.1812953297177047,1.4424039947724026,0.0
2,ridge,9,177.82794100389228,4217,1,1.583781559610741,2.0062047574221267,0.0
2,ridge,9,316.22776601683796,4217,1,2.1822214949640406,2.871457501962539,0.0
2,ridge,9,562.341325190349,4217,1,3.106624732555267,4.241896873810711,0.0
2,ridge,9,1000.0,4217,1,4.513631606779792,6.3603868690266765,0.0
2,ridge,9,0.01,4217,2,0.27291441373272207,0.32294829849170165,0.0
2,ridge,9,0.01778279410038923,4217,2,0.25992585367250653,0.30383926914593157,0.0
2,ridge,9,0.03162277660168379,4217,2,0.24831484565364695,0.2880802602778337,0.0
2,ridge,9,0.05623413251903491,4217,2,0.2399988279503788,0.2789504931030944,0.0
2,ridge,9,0.1,4217,2,0.23590315338666482,0.27769856081776545,0.0
2,ridge,9,0.1778279410038923,4217,2,0.2360573019796211,0.28371903732701076,0.0
2,ridge,9,0.31622776601683794,4217,2,0.2401975753584326,0.2959136049452833,0.0
2,ridge,9,0.5623413251903491,4217,2,0.2486215947296297,0.3144736261870682,0.0
2,ridge,9,1.0,4217,2,0.26263101855416465,0.34166192569606,0.0
2,ridge,9,1.7782794100389228,4217,2,0.28433664085367527,0.38111924865343944,0.0
2,ridge,9,3.1622776601683795,4217,2,0.31650663281380187,0.4370034721027448,0.0
2,ridge,9,5.623413251903491,4217,2,0.36308010493317633,0.5145259631588609,0.0
2,ridge,9,10.0,4217,2,0.43014422177326006,0.6219492733092487,0.0
2,ridge,9,17.78279410038923,4217,2,0.5267788012764524,0.7725389496589925,0.0
2,ridge,9,31.622776601683793,4217,2,0.6661904186672937,0.9860697791104909,0.0
2,ridge,9,56.23413251903491,4217,2,0.8686685857506845,1.2921656802356372,0.0
2,ridge,9,100.0,4217,2,1.1674777210300973,1.73881560225886,0.0
2,ridge,9,177.82794100389228,4217,2,1.6216806344450743,2.4136922901380924,0.0
2,ridge,9,316.22776601683796,4217,2,2.3389343187553515,3.482581739960974,0.0
2,ridge,9,562.341325190349,4217,2,3.4897981437833665,5.219255906080947,0.0
2,ridge,9,1000.0,4217,2,5.29373780275872,7.999903569680901,0.0
2,ridge,9,0.01,4217,3,0.3118273429538061,0.34972367256197595,0.0
2,ridge,9,0.01778279410038923,4217,3,0.3055706605444714,0.34392384073144133,0.0
2,ridge,9,0.03162277660168379,4217,3,0.29967188725735905,0.3384745409013269,0.0
2,ridge,9,0.05623413251903491,4217,3,0.2945549341328229,0.33353523846595207,0.0
2,ridge,9,0.1,4217,3,0.29031389754928016,0.3288865776479846,0.0
2,ridge,9,0.1778279410038923,4217,3,0.2869195744828595,0.32446478056531475,0.0
2,ridge,9,0.31622776601683794,4217,3,0.2847179978822653,0.32099870366777294,0.0
2,ridge,9,0.5623413251903491,4217,3,0.2847310769218319,0.3202110898068453,0.0
2,ridge,9,1.0,4217,3,0.2885417774042726,0.324596817567652,0.0
2,ridge,9,1.7782794100389228,4217,3,0.2979132399083449,0.3368459655255222,0.0
2,ridge,9,3.1622776601683795,4217,3,0.31429472762660776,0.3587287703526878,0.0
2,ridge,9,5.623413251903491,4217,3,0.33844065992922234,0.3900214284606425,0.0
2,ridge,9,10.0,4217,3,0.37117920563526463,0.42976551489463394,0.0
2,ridge,9,17.78279410038923,4217,3,0.41627912014417506,0.48137129613351665,0.0
2,ridge,9,31.622776601683793,4217,3,0.48351718552955114,0.5583141119904061,0.0
2,ridge,9,56.23413251903491,4217,3,0.5891716381296199,0.6863190060546134,0.0
2,ridge,9,100.0,4217,3,0.7539877963727724,0.9026085551416799,0.0
2,ridge,9,177.82794100389228,4217,3,1.00435168063282,1.2597770725224078,0.0
2,ridge,9,316.22776601683796,4217,3,1.3839209116908164,1.8414065372837842,0.0
2,ridge,9,562.341325190349,4217,3,1.958110992170918,2.7621393046790232,0.0
2,ridge,9,1000.0,4217,3,2.7856359731202494,4.119632489042858,0.0
2,ridge,9,0.01,4217,4,0.4339255254134812,0.5114715650782085,0.0
2,ridge,9,0.01778279410038923,4217,4,0.4147684007287717,0.4817242798380751,0.0
2,ridge,9,0.03162277660168379,4217,4,0.3955325115456304,0.4514930481351416,0.0
2,ridge,9,0.05623413251903491,4217,4,0.378215459327341,0.424363594847839,0.0
2,ridge,9,0.1,4217,4,0.3627500673165483,0.4007501409108138,0.0
2,ridge,9,0.1778279410038923,4217,4,0.34820113644201234,0.37957872741438636,0.0
2,ridge,9,0.31622776601683794,4217,4,0.33422071874154796,0.3603231254639737,0.0
2,ridge,9,0.5623413251903491,4217,4,0.3216692962906158,0.3439386873618038,0.0
2,ridge,9,1.0,4217,4,0.3124950394939021,0.33283376126906555,0.0
2,ridge,9,1.7782794100389228,4217,4,0.30936512692230544,0.33034916641208395,0.0
2,ridge,9,3.1622776601683795,4217,4,0.31504709645055373,0.3397138050050381,0.0
2,ridge,9,5.623413251903491,4217,4,0.3316459956521286,0.3628721028776048,0.0
2,ridge,9,10.0,4217,4,0.3610608434377124,0.401237315291635,0.0
2,ridge,9,17.78279410038923,4217,4,0.40712048106763665,0.45871953147946554,0.0
2,ridge,9,31.622776601683793,4217,4,0.47862899437500567,0.5457760248087061,0.0
2,ridge,9,56.23413251903491,4217,4,0.5952989093882967,0.6878642494574649,0.0
2,ridge,9,100.0,4217,4,0.7978595479853258,0.9414285156067826,0.0
2,ridge,9,177.82794100389228,4217,4,1.1606552081203325,1.4158153034112817,0.0
2,ridge,9,316.22776601683796,4217,4,1.802019399838473,2.2921062931208187,0.0
2,ridge,9,562.341325190349,4217,4,2.8703813914670584,3.8047955199703907,0.0
2,ridge,9,1000.0,4217,4,4.495745459905368,6.172562210318885,0.0
2,ridge,10,0.01,4197,0,0.5106069789269247,0.7198174641826129,0.0
2,ridge,10,0.01778279410038923,4197,0,0.44491858088013814,0.605007308974818,0.0
2,ridge,10,0.03162277660168379,4197,0,0.38938497870630284,0.5077947879303825,0.0
2,ridge,10,0.05623413251903491,4197,0,0.3458962612549604,0.4313615750931475,0.0
2,ridge,10,0.1,4197,0,0.314292866787969,0.375358429162411,0.0
2,ridge,10,0.1778279410038923,4197,0,0.29298060457881603,0.3369299366476604,0.0
2,ridge,10,0.31622776601683794,4197,0,0.2795084917159453,0.3116164952677671,0.0
2,ridge,10,0.5623413251903491,4197,0,0.27133153152273315,0.29468785777263273,0.0
2,ridge,10,1.0,4197,0,0.2667043012672989,0.28288413719030797,0.0
2,ridge,10,1.7782794100389228,4197,0,0.2651373032473476,0.2754361348819146,0.0
2,ridge,10,3.1622776601683795,4197,0,0.26733635927136357,0.2739142787671248,0.0
2,ridge,10,5.623413251903491,4197,0,0.2750110199162862,0.2813842716193235,0.0
2,ridge,10,10.0,4197,0,0.2910173236163757,0.3019645345636367,0.0
2,ridge,10,17.78279410038923,4197,0,0.3209810175540011,0.3431121158061539,0.0
2,ridge,10,31.622776601683793,4197,0,0.37705718672149685,0.4217740651337534,0.0
2,ridge,10,56.23413251903491,4197,0,0.4822784630641805,0.5717699005231199,0.0
2,ridge,10,100.0,4197,0,0.6742593577290272,0.8503464582359074,0.0
2,ridge,10,177.82794100389228,4197,0,1.0095728591894246,1.34575832758236,0.0
2,ridge,10,316.22776601683796,4197,0,1.570091105931629,2.1875263827518743,0.0
2,ridge,10,562.341325190349,4197,0,2.4679318610302503,3.556583013022881,0.0
2,ridge,10,1000.0,4197,0,3.8381583747317927,5.682966111177564,0.0
2,ridge,10,0.01,4197,1,0.36544092700079356,0.4026569480359256,0.0
2,ridge,10,0.01778279410038923,4197,1,0.3500494092247167,0.3878930156065195,0.0
2,ridge,10,0.03162277660168379,4197,1,0.33777873892185567,0.37748236536594265,0.0
2,ridge,10,0.05623413251903491,4197,1,0.3276892713792242,0.3696250750114239,0.0
2,ridge,10,0.1,4197,1,0.3193123706724462,0.3632236328802948,0.0
2,ridge,10,0.1778279410038923,4197,1,0.3128411067910637,0.35811990696492446,0.0
2,ridge,10,0.31622776601683794,4197,1,0.30896923830965595,0.3549350132291957,0.0
2,ridge,10,0.5623413251903491,4197,1,0.3088666551718577,0.35528639780971183,0.0
2,ridge,10,1.0,4197,1,0.3141560609234183,0.36183212608167886,0.0
2,ridge,10,1.7782794100389228,4197,1,0.3266351733281216,0.37762647848500475,0.0
2,ridge,10,3.1622776601683795,4197,1,0.3480433107690013,0.40539142993600963,0.0
2,ridge,10,5.623413251903491,4197,1,0.38038331632591793,0.44755685852053495,0.0
2,ridge,10,10.0,4197,1,0.42699900842333544,0.5073932383775684,0.0
2,ridge,10,17.78279410038923,4197,1,0.49446780531837653,0.5915412278098461,0.0
2,ridge,10,31.622776601683793,4197,1,0.595658544943707,0.7153336584786423,0.0
2,ridge,10,56.23413251903491,4197,1,0.7536088820780661,0.9115677638112473,0.0
2,ridge,10,100.0,4197,1,1.0028202488060702,1.236646793241136,0.0
2,ridge,10,177.82794100389228,4197,1,1.3846699733828365,1.764552291413713,0.0
2,ridge,10,316.22776601683796,4197,1,1.9433657045089023,2.575307261920658,0.0
2,ridge,10,562.341325190349,4197,1,2.7287963641522675,3.7530353429679204,0.0
2,ridge,10,1000.0,4197,1,3.7982410984634782,5.389826667765674,0.0
2,ridge,10,0.01,4197,2,0.3888978570427529,0.49518820205743636,0.0
2,ridge,10,0.01778279410038923,4197,2,0.32661869469062327,0.39212492344074285,0.0
2,ridge,10,0.03162277660168379,4197,2,0.2864627804251219,0.3267334825791491,0.0
2,ridge,10,0.05623413251903491,4197,2,0.26341010236830587,0.29061169883833216,0.0
2,ridge,10,0.1,4197,2,0.2512587399867613,0.27332549043623106,0.0
2,ridge,10,0.1778279410038923,4197,2,0.24521100671412444,0.2665993225319315,0.0
2,ridge,10,0.31622776601683794,4197,2,0.24275210110334489,0.26567747748222315,0.0
2,ridge,10,0.5623413251903491,4197,2,0.243233908704451,0.2685275910195696,0.0
2,ridge,10,1.0,4197,2,0.24708336910810477,0.27455592698343323,0.0
2,ridge,10,1.7782794100389228,4197,2,0.2555047076767111,0.2843276911943786,0.0
2,ridge,10,3.1622776601683795,4197,2,0.27082138181233223,0.30035700880398275,0.0
2,ridge,10,5.623413251903491,4197,2,0.296676355217454,0.3274964065663271,0.0
2,ridge,10,10.0,4197,2,0.33771700084046796,0.37231820426391216,0.0
2,ridge,10,17.78279410038923,4197,2,0.4000312565337604,0.44347166670280036,0.0
2,ridge,10,31.622776601683793,4197,2,0.493911531921022,0.5555048083320987,0.0
2,ridge,10,56.23413251903491,4197,2,0.6380865205418296,0.7353113361223347,0.0
2,ridge,10,100.0,4197,2,0.8626473302601816,1.0275484190845183,0.0
2,ridge,10,177.82794100389228,4197,2,1.2129184784755642,1.5028348376624618,0.0
2,ridge,10,316.22776601683796,4197,2,1.7625325832896386,2.2817199666406864,0.0
2,ridge,10,562.341325190349,4197,2,2.6282001318618233,3.5623777235652496,0.0
2,ridge,10,1000.0,4197,2,3.9539195917330985,5.598510456963824,0.0
2,ridge,10,0.01,4197,3,0.32343651481029967,0.37291810653037843,0.0
2,ridge,10,0.01778279410038923,4197,3,0.3026850927918795,0.33713604777307793,0.0
2,ridge,10,0.03162277660168379,4197,3,0.2851886085936406,0.30686489734902395,0.0
2,ridge,10,0.05623413251903491,4197,3,0.2701997586249142,0.28080835175718416,0.0
2,ridge,10,0.1,4197,3,0.25708464392797015,0.2582150520509222,0.0
2,ridge,10,0.1778279410038923,4197,3,0.24543324395043506,0.2389657223747549,0.0
2,ridge,10,0.31622776601683794,4197,3,0.23506803145430316,0.22322457805416063,0.0
2,ridge,10,0.5623413251903491,4197,3,0.2261105118740192,0.21129907363420522,0.0
2,ridge,10,1.0,4197,3,0.21910722419236978,0.2038537154497947,0.0
2,ridge,10,1.7782794100389228,4197,3,0.21516371002652468,0.20218636274970633,0.0
2,ridge,10,3.1622776601683795,4197,3,0.2161948943262498,0.20849312610151413,0.0
2,ridge,10,5.623413251903491,4197,3,0.22537282102842754,0.22636389572964874,0.0
2,ridge,10,10.0,4197,3,0.24756197131209562,0.2615459949157762,0.0
2,ridge,10,17.78279410038923,4197,3,0.28969357503921983,0.3229463433551354,0.0
2,ridge,10,31.622776601683793,4197,3,0.3615152276285764,0.4244424009454017,0.0
2,ridge,10,56.23413251903491,4197,3,0.4768955424751331,0.588063605744658,0.0
2,ridge,10,100.0,4197,3,0.6560725218148151,0.84918227040713,0.0
2,ridge,10,177.82794100389228,4197,3,0.9324900587879126,1.268786558224513,0.0
2,ridge,10,316.22776601683796,4197,3,1.3671411822203994,1.95698196147194,0.0
2,ridge,10,562.341325190349,4197,3,2.0548625016258493,3.082513859978103,0.0
2,ridge,10,1000.0,4197,3,3.097737001858104,4.827225305540728,0.0
2,ridge,10,0.01,4197,4,0.3200143838300697,0.3776331565211004,0.0
2,ridge,10,0.01778279410038923,4197,4,0.2960911316710578,0.34450257804212275,0.0
2,ridge,10,0.03162277660168379,4197,4,0.27137881730050295,0.30972044632639867,0.0
2,ridge,10,0.05623413251903491,4197,4,0.24834473578977273,0.277197045949923,0.0
2,ridge,10,0.1,4197,4,0.2291155185736442,0.2504389095082569,0.0
2,ridge,10,0.1778279410038923,4197,4,0.21474566347149038,0.23132057726237903,0.0
2,ridge,10,0.31622776601683794,4197,4,0.2048842932041457,0.21929906167898153,0.0
2,ridge,10,0.5623413251903491,4197,4,0.19846537606991438,0.21227223962114328,0.0
2,ridge,10,1.0,4197,4,0.19502980805388934,0.20872739662147632,0.0
2,ridge,10,1.7782794100389228,4197,4,0.19535517099332894,0.2090451560425785,0.0
2,ridge,10,3.1622776601683795,4197,4,0.20103127945578728,0.21504863238566635,0.0
2,ridge,10,5.623413251903491,4197,4,0.2138623166555104,0.22889474900707898,0.0
2,ridge,10,10.0,4197,4,0.2363544392287527,0.2533380496220953,0.0
2,ridge,10,17.78279410038923,4197,4,0.2735326282575773,0.2942581020958371,0.0
2,ridge,10,31.622776601683793,4197,4,0.3348733782795177,0.3641071383976995,0.0
2,ridge,10,56.23413251903491,4197,4,0.4362179437303994,0.4860295931902445,0.0
2,ridge,10,100.0,4197,4,0.60325388725923,0.7006024415945177,0.0
2,ridge,10,177.82794100389228,4197,4,0.8781452825977546,1.0765880044555476,0.0
2,ridge,10,316.22776601683796,4197,4,1.3326807381251977,1.7293592049524886,0.0
2,ridge,10,562.341325190349,4197,4,2.084535174963113,2.84364900097677,0.0
2,ridge,10,1000.0,4197,4,3.2990098657542335,4.678825179815442,0.0
2,ridge,10,0.01,4207,0,0.3264776013645073,0.31831808905310083,0.0
2,ridge,10,0.01778279410038923,4207,0,0.3103311452095019,0.3144791065784073,0.0
2,ridge,10,0.03162277660168379,4207,0,0.2989725774886197,0.3125963000319081,0.0
2,ridge,10,0.05623413251903491,4207,0,0.2901791679964902,0.30991393720046806,0.0
2,ridge,10,0.1,4207,0,0.2825578963208474,0.3054706622370045,0.0
2,ridge,10,0.1778279410038923,4207,0,0.27567693161608287,0.29983611520651937,0.0
2,ridge,10,0.31622776601683794,4207,0,0.26982789905011495,0.29428386400263573,0.0
2,ridge,10,0.5623413251903491,4207,0,0.2656940020311968,0.2901251207159117,0.0
2,ridge,10,1.0,4207,0,0.26415283551202823,0.2886805041572699,0.0
2,ridge,10,1.7782794100389228,4207,0,0.26640542113085647,0.2918923191454063,0.0
2,ridge,10,3.1622776601683795,4207,0,0.2743464351302224,0.30293558590497593,0.0
2,ridge,10,5.623413251903491,4207,0,0.2910455064567671,0.3264531530787604,0.0
2,ridge,10,10.0,4207,0,0.3216116275315891,0.369448898611882,0.0
2,ridge,10,17.78279410038923,4207,0,0.3746356875953808,0.44395675154441705,0.0
2,ridge,10,31.622776601683793,4207,0,0.4636093107045756,0.5703927344141602,0.0
2,ridge,10,56.23413251903491,4207,0,0.6073710396478003,0.7790116678844737,0.0
2,ridge,10,100.0,4207,0,0.8321816570373887,1.113232253363975,0.0
2,ridge,10,177.82794100389228,4207,0,1.1823083972366724,1.647326527872493,0.0
2,ridge,10,316.22776601683796,4207,0,1.7378462145322904,2.517359084136515,0.0
2,ridge,10,562.341325190349,4207,0,2.61926053018388,3.931707350826836,0.0
2,ridge,10,1000.0,4207,0,3.961489503805552,6.1341086611271844,0.0
2,ridge,10,0.01,4207,1,0.484384030720656,0.6652615406724639,0.0
2,ridge,10,0.01778279410038923,4207,1,0.4336028530082373,0.5782159542970243,0.0
2,ridge,10,0.03162277660168379,4207,1,0.38559858640850714,0.49631712836881076,0.0
2,ridge,10,0.05623413251903491,4207,1,0.3430574261881564,0.4243866644285835,0.0
2,ridge,10,0.1,4207,1,0.3089446554780236,0.3676327824262248,0.0
2,ridge,10,0.1778279410038923,4207,1,0.28479322166728477,0.32864612756300077,0.0
2,ridge,10,0.31622776601683794,4207,1,0.26971807102772094,0.3053254813057442,0.0
2,ridge,10,0.5623413251903491,4207,1,0.26166518395303134,0.29299372363711157,0.0
2,ridge,10,1.0,4207,1,0.2591778675235206,0.28781082868571634,0.0
2,ridge,10,1.7782794100389228,4207,1,0.26213437142249546,0.2883001809168478,0.0
2,ridge,10,3.1622776601683795,4207,1,0.2718089868389303,0.2953632421456994,0.0
2,ridge,10,5.623413251903491,4207,1,0.2910693703611162,0.3123471160554806,0.0
2,ridge,10,10.0,4207,1,0.32488523398260544,0.3457526837425644,0.0
2,ridge,10,17.78279410038923,4207,1,0.3809159507002496,0.40626185251006053,0.0
2,ridge,10,31.622776601683793,4207,1,0.4700781465923297,0.5099134780887477,0.0
2,ridge,10,56.23413251903491,4207,1,0.6069964768482088,0.6797386880763276,0.0
2,ridge,10,100.0,4207,1,0.8101914397593676,0.9478398347277801,0.0
2,ridge,10,177.82794100389228,4207,1,1.104209241966671,1.360462476135232,0.0
2,ridge,10,316.22776601683796,4207,1,1.5292063530506774,1.9936948909845273,0.0
2,ridge,10,562.341325190349,4207,1,2.153101319014456,2.9719447961116314,0.0
2,ridge,10,1000.0,4207,1,3.0611655511460287,4.449061548363833,0.0
2,ridge,10,0.01,4207,2,0.24428291058781224,0.2897839448579433,0.0
2,ridge,10,0.01778279410038923,4207,2,0.23390629819888548,0.2761169652270441,0.0
2,ridge,10,0.03162277660168379,4207,2,0.22539489196732815,0.2655735269279084,0.0
2,ridge,10,0.05623413251903491,4207,2,0.2188047496072303,0.2583079994893994,0.0
2,ridge,10,0.1,4207,2,0.21376769493167752,0.2536596289572093,0.0
2,ridge,10,0.1778279410038923,4207,2,0.21003745998583953,0.250894407540366,0.0
2,ridge,10,0.31622776601683794,4207,2,0.2075926697898165,0.2494249357635768,0.0
2,ridge,10,0.5623413251903491,4207,2,0.2064992208596174,0.24876546367265454,0.0
2,ridge,10,1.0,4207,2,0.206949894573089,0.24879290265187168,0.0
2,ridge,10,1.7782794100389228,4207,2,0.209438112531165,0.25019036157490854,0.0
2,ridge,10,3.1622776601683795,4207,2,0.21496095881272517,0.2547413723349787,0.0
2,ridge,10,5.623413251903491,4207,2,0.22548965113414038,0.2655816709607933,0.0
2,ridge,10,10.0,4207,2,0.24484222642272474,0.2877555285080746,0.0
2,ridge,10,17.78279410038923,4207,2,0.2798408787886822,0.32952513229809166,0.0
2,ridge,10,31.622776601683793,4207,2,0.34206866578782535,0.4052903824231887,0.0
2,ridge,10,56.23413251903491,4207,2,0.45142655603978277,0.5420591267096689,0.0
2,ridge,10,100.0,4207,2,0.6414291604133099,0.7897562718307791,0.0
2,ridge,10,177.82794100389228,4207,2,0.9631614750219175,1.2303136805601183,0.0
2,ridge,10,316.22776601683796,4207,2,1.4850347027577877,1.9783568537871272,0.0
2,ridge,10,562.341325190349,4207,2,2.2846459611950776,3.1659442887417315,0.0
2,ridge,10,1000.0,4207,2,3.434055313219763,4.917851097589735,0.0
2,ridge,10,0.01,4207,3,0.3979521560724469,0.4648077702699939,0.0
2,ridge,10,0.01778279410038923,4207,3,0.3747409312561377,0.43009712323019655,0.0
2,ridge,10,0.03162277660168379,4207,3,0.35264404418287226,0.39785876306878387,0.0
2,ridge,10,0.05623413251903491,4207,3,0.3319647191780659,0.36814319351831387,0.0
2,ridge,10,0.1,4207,3,0.31343699484858634,0.3418697751303762,0.0
2,ridge,10,0.1778279410038923,4207,3,0.29806898954921424,0.3206497102475385,0.0
2,ridge,10,0.31622776601683794,4207,3,0.2867053097123202,0.30594634028410594,0.0
2,ridge,10,0.5623413251903491,4207,3,0.27974767368333425,0.298293700840102,0.0
2,ridge,10,1.0,4207,3,0.2773221856570261,0.2972607924093923,0.0
2,ridge,10,1.7782794100389228,4207,3,0.27954372775977,0.3020176832462188,0.0
2,ridge,10,3.1622776601683795,4207,3,0.28708287474806554,0.31261601472210326,0.0
2,ridge,10,5.623413251903491,4207,3,0.3025391605072619,0.3322712944411678,0.0
2,ridge,10,10.0,4207,3,0.3318527062789448,0.36937199570127205,0.0
2,ridge,10,17.78279410038923,4207,3,0.3848337052633205,0.4378005997138609,0.0
2,ridge,10,31.622776601683793,4207,3,0.47542646335040156,0.5568075122828753,0.0
2,ridge,10,56.23413251903491,4207,3,0.6231316874137807,0.7538004473406674,0.0
2,ridge,10,100.0,4207,3,0.8560922710842227,1.0712862797401013,0.0
2,ridge,10,177.82794100389228,4207,3,1.2175234872902836,1.578490321780159,0.0
2,ridge,10,316.22776601683796,4207,3,1.77941629319559,2.3924561533864233,0.0
2,ridge,10,562.341325190349,4207,3,2.653438917595145,3.6968428516524687,0.0
2,ridge,10,1000.0,4207,3,3.9748792555879384,5.723224921673638,0.0
2,ridge,10,0.01,4207,4,0.4100747816557786,0.4716976494953544,0.0
2,ridge,10,0.01778279410038923,4207,4,0.38055370675880695,0.43073355630662014,0.0
2,ridge,10,0.03162277660168379,4207,4,0.35386183301481633,0.3948934047918824,0.0
2,ridge,10,0.05623413251903491,4207,4,0.3293958121566516,0.3630178627017982,0.0
2,ridge,10,0.1,4207,4,0.30677586573222365,0.33391359761369765,0.0
2,ridge,10,0.1778279410038923,4207,4,0.2862576767633354,0.3071667345606815,0.0
2,ridge,10,0.31622776601683794,4207,4,0.2687121219220042,0.28337124275109266,0.0
2,ridge,10,0.5623413251903491,4207,4,0.25568248770558205,0.26441264798571756,0.0
2,ridge,10,1.0,4207,4,0.24903738293573935,0.2530699260980865,0.0
2,ridge,10,1.7782794100389228,4207,4,0.2501217825310917,0.2516928456174937,0.0
2,ridge,10,3.1622776601683795,4207,4,0.25950954390636555,0.2615523439807262,0.0
2,ridge,10,5.623413251903491,4207,4,0.2781909506567837,0.28426801261141893,0.0
2,ridge,10,10.0,4207,4,0.30981020079388993,0.32487771362719864,0.0
2,ridge,10,17.78279410038923,4207,4,0.36293886896705774,0.3949071126281001,0.0
2,ridge,10,31.622776601683793,4207,4,0.45331399512404164,0.5156792060600378,0.0
2,ridge,10,56.23413251903491,4207,4,0.6050794955898504,0.7212598809077108,0.0
2,ridge,10,100.0,4207,4,0.8486463204189457,1.057000669459189,0.0
2,ridge,10,177.82794100389228,4207,4,1.2206895350193967,1.5799849884314234,0.0
2,ridge,10,316.22776601683796,4207,4,1.77675030512929,2.375793341031471,0.0
2,ridge,10,562.341325190349,4207,4,2.609410718379625,3.5826991363302647,0.0
2,ridge,10,1000.0,4207,4,3.8453013685328914,5.386894980314969,0.0
2,ridge,10,0.01,4217,0,0.40295521775027776,0.5892312325375195,0.0
2,ridge,10,0.01778279410038923,4217,0,0.37418116763216613,0.5328498815149691,0.0
2,ridge,10,0.03162277660168379,4217,0,0.3479615083744746,0.4818712571540188,0.0
2,ridge,10,0.05623413251903491,4217,0,0.32456506828097614,0.4372072045363605,0.0
2,ridge,10,0.1,4217,0,0.3057310120772522,0.4020714906422175,0.0
2,ridge,10,0.1778279410038923,4217,0,0.29359197064554715,0.37977376702299603,0.0
2,ridge,10,0.31622776601683794,4217,0,0.2892000380116266,0.37122238170744326,0.0
2,ridge,10,0.5623413251903491,4217,0,0.2921274565275953,0.37453367482480626,0.0
2,ridge,10,1.0,4217,0,0.301171054124385,0.38655419113054607,0.0
2,ridge,10,1.7782794100389228,4217,0,0.3154082842781401,0.4049433905831044,0.0
2,ridge,10,3.1622776601683795,4217,0,0.3354951878150352,0.43063768380046935,0.0
2,ridge,10,5.623413251903491,4217,0,0.36497196014394995,0.47008026351174725,0.0
2,ridge,10,10.0,4217,0,0.4111411317583606,0.5363258603866061,0.0
2,ridge,10,17.78279410038923,4217,0,0.4862389252702567,0.6507529071306453,0.0
2,ridge,10,31.622776601683793,4217,0,0.6099830068106409,0.8478966573436603,0.0
2,ridge,10,56.23413251903491,4217,0,0.813795093444603,1.1837620285058081,0.0
2,ridge,10,100.0,4217,0,1.145407412566621,1.7440229712097801,0.0
2,ridge,10,177.82794100389228,4217,0,1.6708062799657135,2.6459402306314033,0.0
2,ridge,10,316.22776601683796,4217,0,2.4706419633493617,4.0311567522283545,0.0
2,ridge,10,562.341325190349,4217,0,3.6227862851721495,6.037933428659305,0.0
2,ridge,10,1000.0,4217,0,5.165511138448619,8.740968506445226,0.0
2,ridge,10,0.01,4217,1,0.4545385731278856,0.5316238832434145,0.0
2,ridge,10,0.01778279410038923,4217,1,0.41473909731800396,0.47752015097254075,0.0
2,ridge,10,0.03162277660168379,4217,1,0.37985022997477175,0.4312587905236978,0.0
2,ridge,10,0.05623413251903491,4217,1,0.3489655018327269,0.39058703319094235,0.0
2,ridge,10,0.1,4217,1,0.32152301882074735,0.3538999799138655,0.0
2,ridge,10,0.1778279410038923,4217,1,0.2977075370546883,0.32109857937237135,0.0
2,ridge,10,0.31622776601683794,4217,1,0.2786543843638954,0.2937875051358991,0.0
2,ridge,10,0.5623413251903491,4217,1,0.26607114610876054,0.27437308484227846,0.0
2,ridge,10,1.0,4217,1,0.2614336328615891,0.26471175761724197,0.0
2,ridge,10,1.7782794100389228,4217,1,0.2656182553055071,0.26571099928000386,0.0
2,ridge,10,3.1622776601683795,4217,1,0.27960720099134284,0.278560083534149,0.0
2,ridge,10,5.623413251903491,4217,1,0.3060589134972994,0.30696617312216407,0.0
2,ridge,10,10.0,4217,1,0.350925459425547,0.35927652107982294,0.0
2,ridge,10,17.78279410038923,4217,1,0.4246935308462646,0.4502224041951905,0.0
2,ridge,10,31.622776601683793,4217,1,0.5428776762781788,0.6020122319734812,0.0
2,ridge,10,56.23413251903491,4217,1,0.7241761889937138,0.8424924830532874,0.0
2,ridge,10,100.0,4217,1,0.9869250561163649,1.200691314549709,0.0
2,ridge,10,177.82794100389228,4217,1,1.3517356331620127,1.7106824210150176,0.0
2,ridge,10,316.22776601683796,4217,1,1.8615307525541944,2.440549834598809,0.0
2,ridge,10,562.341325190349,4217,1,2.611826261557245,3.5364605393192354,0.0
2,ridge,10,1000.0,4217,1,3.754631913423475,5.228419299161661,0.0
2,ridge,10,0.01,4217,2,0.3045288749473014,0.3781424894410821,0.0
2,ridge,10,0.01778279410038923,4217,2,0.278605300588269,0.33751662943031885,0.0
2,ridge,10,0.03162277660168379,4217,2,0.2557964300355526,0.30251130084891953,0.0
2,ridge,10,0.05623413251903491,4217,2,0.23840455071784125,0.2772950590480689,0.0
2,ridge,10,0.1,4217,2,0.22704651751834212,0.2629290443202846,0.0
2,ridge,10,0.1778279410038923,4217,2,0.22067752831411877,0.25744797597895286,0.0
2,ridge,10,0.31622776601683794,4217,2,0.21763691917705952,0.25758725298021146,0.0
2,ridge,10,0.5623413251903491,4217,2,0.2168629053615443,0.2608599855874223,0.0
2,ridge,10,1.0,4217,2,0.21852643596066873,0.2668432278607162,0.0
2,ridge,10,1.7782794100389228,4217,2,0.2240318531178016,0.27749759707355853,0.0
2,ridge,10,3.1622776601683795,4217,2,0.23582629420213969,0.29691359675658585,0.0
2,ridge,10,5.623413251903491,4217,2,0.2575796619143927,0.3310242408324064,0.0
2,ridge,10,10.0,4217,2,0.2947930455990067,0.38764857771480815,0.0
2,ridge,10,17.78279410038923,4217,2,0.3552823238508892,0.47664618059550307,0.0
2,ridge,10,31.622776601683793,4217,2,0.4497402707775386,0.610774724153072,0.0
2,ridge,10,56.23413251903491,4217,2,0.5937647267971522,0.8096373235879972,0.0
2,ridge,10,100.0,4217,2,0.8125503954448835,1.10869614170292,0.0
2,ridge,10,177.82794100389228,4217,2,1.1510175308859192,1.5767037416124527,0.0
2,ridge,10,316.22776601683796,4217,2,1.6936938631805538,2.347295285495002,0.0
2,ridge,10,562.341325190349,4217,2,2.5851240615746813,3.653411387676862,0.0
2,ridge,10,1000.0,4217,2,4.027682570680055,5.834114909066919,0.0
2,ridge,10,0.01,4217,3,0.29420736720650614,0.2958879487472728,0.0
2,ridge,10,0.01778279410038923,4217,3,0.28477358530007424,0.28676001734777273,0.0
2,ridge,10,0.03162277660168379,4217,3,0.2798405877449611,0.28533999431319257,0.0
2,ridge,10,0.05623413251903491,4217,3,0.2780062806890939,0.2891453218347932,0.0
2,ridge,10,0.1,4217,3,0.27743933472408105,0.2943987908311222,0.0
2,ridge,10,0.1778279410038923,4217,3,0.27662435852722755,0.2977982523332737,0.0
2,ridge,10,0.31622776601683794,4217,3,0.27498486456509325,0.2978902007311802,0.0
2,ridge,10,0.5623413251903491,4217,3,0.2728943095933881,0.2949895710265746,0.0
2,ridge,10,1.0,4217,3,0.27139260694212136,0.2904476437396679,0.0
2,ridge,10,1.7782794100389228,4217,3,0.2721344233461363,0.2866208471295014,0.0
2,ridge,10,3.1622776601683795,4217,3,0.2778156411974436,0.28785855985811204,0.0
2,ridge,10,5.623413251903491,4217,3,0.29254831910876944,0.3009990161287042,0.0
2,ridge,10,10.0,4217,3,0.3210966199541743,0.3329746518698716,0.0
2,ridge,10,17.78279410038923,4217,3,0.3682256983676935,0.3880902093107171,0.0
2,ridge,10,31.622776601683793,4217,3,0.44105703550078007,0.47195442530488774,0.0
2,ridge,10,56.23413251903491,4217,3,0.5529110022921431,0.6014946106056543,0.0
2,ridge,10,100.0,4217,3,0.7237785071291507,0.811947901076196,0.0
2,ridge,10,177.82794100389228,4217,3,0.9779645133638228,1.1565992226885184,0.0
2,ridge,10,316.22776601683796,4217,3,1.3479597458652326,1.7089419923023068,0.0
2,ridge,10,562.341325190349,4217,3,1.8861137782957116,2.572669508408925,0.0
2,ridge,10,1000.0,4217,3,2.663565091156184,3.874004411496403,0.0
2,ridge,10,0.01,4217,4,0.4587186009348684,0.5687959008535314,0.0
2,ridge,10,0.01778279410038923,4217,4,0.41956567236393977,0.5063865966388975,0.0
2,ridge,10,0.03162277660168379,4217,4,0.3909607658344275,0.45983510749011514,0.0
2,ridge,10,0.05623413251903491,4217,4,0.37212509784961195,0.42849316346296895,0.0
2,ridge,10,0.1,4217,4,0.3614812878327419,0.41064940870476585,0.0
2,ridge,10,0.1778279410038923,4217,4,0.3568520992753693,0.4034894196439169,0.0
2,ridge,10,0.31622776601683794,4217,4,0.35559931839284376,0.40301135549088213,0.0
2,ridge,10,0.5623413251903491,4217,4,0.35487930982549926,0.40437520613662103,0.0
2,ridge,10,1.0,4217,4,0.35228884987655584,0.4031192005854657,0.0
2,ridge,10,1.7782794100389228,4217,4,0.3467353972694217,0.39675155743048707,0.0
2,ridge,10,3.1622776601683795,4217,4,0.33937402622089674,0.38620307857302394,0.0
2,ridge,10,5.623413251903491,4217,4,0.3345574686515921,0.3769828221091017,0.0
2,ridge,10,10.0,4217,4,0.33966663036177763,0.3785300439244039,0.0
2,ridge,10,17.78279410038923,4217,4,0.36338677269634784,0.40133717580721623,0.0
2,ridge,10,31.622776601683793,4217,4,0.4144368012835023,0.45490247634434516,0.0
2,ridge,10,56.23413251903491,4217,4,0.5030019459420924,0.5499697988993875,0.0
2,ridge,10,100.0,4217,4,0.647373393353808,0.709213822683824,0.0
2,ridge,10,177.82794100389228,4217,4,0.8885900311320842,0.9909296465289215,0.0
2,ridge,10,316.22776601683796,4217,4,1.308095924381414,1.5179256463508408,0.0
2,ridge,10,562.341325190349,4217,4,2.027537610536808,2.479977090019178,0.0
2,ridge,10,1000.0,4217,4,3.1788555705774395,4.092292116152583,0.0
2,ridge,11,0.01,4197,0,0.5243230133950868,0.7404136306837016,0.0
2,ridge,11,0.01778279410038923,4197,0,0.5107749654627863,0.7199660028480117,0.0
2,ridge,11,0.03162277660168379,4197,0,0.48549255089329846,0.6786417415143678,0.0
2,ridge,11,0.05623413251903491,4197,0,0.4516692460489676,0.6217779350630345,0.0
2,ridge,11,0.1,4197,0,0.41611711252136285,0.5612118789679831,0.0
2,ridge,11,0.1778279410038923,4197,0,0.3850829840335878,0.5078605273977312,0.0
2,ridge,11,0.31622776601683794,4197,0,0.36072736805493444,0.4654336713703614,0.0
2,ridge,11,0.5623413251903491,4197,0,0.3419606795326006,0.4318000248681848,0.0
2,ridge,11,1.0,4197,0,0.32712835026267995,0.40370649841581013,0.0
2,ridge,11,1.7782794100389228,4197,0,0.3156338791154771,0.37983603936665467,0.0
2,ridge,11,3.1622776601683795,4197,0,0.3080158203258897,0.36111553940787666,0.0
2,ridge,11,5.623413251903491,4197,0,0.3052953648070381,0.3493089744878102,0.0
2,ridge,11,10.0,4197,0,0.30841395388412995,0.34548538644425997,0.0
2,ridge,11,17.78279410038923,4197,0,0.31906121847294033,0.35104156950326443,0.0
2,ridge,11,31.622776601683793,4197,0,0.3437599732585178,0.37455172454119895,0.0
2,ridge,11,56.23413251903491,4197,0,0.39978161000355594,0.44201740519115373,0.0
2,ridge,11,100.0,4197,0,0.519871075167624,0.6048568684390168,0.0
2,ridge,11,177.82794100389228,4197,0,0.7558133995289149,0.9445450030223005,0.0
2,ridge,11,316.22776601683796,4197,0,1.1824025496652486,1.5769042289449882,0.0
2,ridge,11,562.341325190349,4197,0,1.9028309327325608,2.661524590730515,0.0
2,ridge,11,1000.0,4197,0,3.0463574733921215,4.407865824114065,0.0
2,ridge,11,0.01,4197,1,0.3877129845260916,0.4428916375525084,0.0
2,ridge,11,0.01778279410038923,4197,1,0.36864449309479236,0.4196409564788082,0.0
2,ridge,11,0.03162277660168379,4197,1,0.3519063310353193,0.40127805093891333,0.0
2,ridge,11,0.05623413251903491,4197,1,0.3382507969057926,0.3887804322706741,0.0
2,ridge,11,0.1,4197,1,0.3273051525605396,0.37994054002249716,0.0
2,ridge,11,0.1778279410038923,4197,1,0.3184018605512822,0.3721801368328665,0.0
2,ridge,11,0.31622776601683794,4197,1,0.31165308136852643,0.36505307245864943,0.0
2,ridge,11,0.5623413251903491,4197,1,0.3082152666644501,0.3604505785140375,0.0
2,ridge,11,1.0,4197,1,0.3098244775216636,0.3613730166716147,0.0
2,ridge,11,1.7782794100389228,4197,1,0.31845840222654287,0.3710740697524454,0.0
2,ridge,11,3.1622776601683795,4197,1,0.3363018303299538,0.3927569059412364,0.0
2,ridge,11,5.623413251903491,4197,1,0.365638067339427,0.4290147981569344,0.0
2,ridge,11,10.0,4197,1,0.40884486462670566,0.4814116946999198,0.0
2,ridge,11,17.78279410038923,4197,1,0.46915790447904787,0.5516490149227898,0.0
2,ridge,11,31.622776601683793,4197,1,0.5526227652041726,0.6454175229781002,0.0
2,ridge,11,56.23413251903491,4197,1,0.6717578481086958,0.7799019035986064,0.0
2,ridge,11,100.0,4197,1,0.8510677707115535,0.9948381116550884,0.0
2,ridge,11,177.82794100389228,4197,1,1.1317804333985957,1.3617175834777269,0.0
2,ridge,11,316.22776601683796,4197,1,1.5740716833029709,1.9859905107951146,0.0
2,ridge,11,562.341325190349,4197,1,2.257906722342981,3.0033540502813,0.0
2,ridge,11,1000.0,4197,1,3.2716678669460664,4.557710353795199,0.0
2,ridge,11,0.01,4197,2,0.5498837808857193,0.7740080577024836,0.0
2,ridge,11,0.01778279410038923,4197,2,0.4655936029988393,0.6308222650397804,0.0
2,ridge,11,0.03162277660168379,4197,2,0.3925728147709132,0.5066288817616181,0.0
2,ridge,11,0.05623413251903491,4197,2,0.3354838617209096,0.4097632971009379,0.0
2,ridge,11,0.1,4197,2,0.29515671407691324,0.3421999828254234,0.0
2,ridge,11,0.1778279410038923,4197,2,0.2692414070746222,0.3001782792028935,0.0
2,ridge,11,0.31622776601683794,4197,2,0.25399389278629037,0.27701860496856795,0.0
2,ridge,11,0.5623413251903491,4197,2,0.24612398243674063,0.2662913364303279,0.0
2,ridge,11,1.0,4197,2,0.24392822011710846,0.26377345341321273,0.0
2,ridge,11,1.7782794100389228,4197,2,0.24755310927044025,0.26800373336920125,0.0
2,ridge,11,3.1622776601683795,4197,2,0.2587381433087083,0.2801495419759586,0.0
2,ridge,11,5.623413251903491,4197,2,0.28013531408945846,0.30305846407843134,0.0
2,ridge,11,10.0,4197,2,0.3143747029354546,0.33956425526512124,0.0
2,ridge,11,17.78279410038923,4197,2,0.3641530169602214,0.3924856413713529,0.0
2,ridge,11,31.622776601683793,4197,2,0.43483468418764104,0.46907473136039224,0.0
2,ridge,11,56.23413251903491,4197,2,0.5392803081545166,0.5888441056525175,0.0
2,ridge,11,100.0,4197,2,0.7036145299008668,0.791965184657405,0.0
2,ridge,11,177.82794100389228,4197,2,0.9734088872572881,1.1484494734146982,0.0
2,ridge,11,316.22776601683796,4197,2,1.4231125823395934,1.774666532470521,0.0
2,ridge,11,562.341325190349,4197,2,2.169819928061452,2.8601665932754865,0.0
2,ridge,11,1000.0,4197,2,3.3651499199219415,4.662491256495883,0.0
2,ridge,11,0.01,4197,3,0.38355603378505065,0.4723485709565031,0.0
2,ridge,11,0.01778279410038923,4197,3,0.3557944242787355,0.4264231369266523,0.0
2,ridge,11,0.03162277660168379,4197,3,0.33379625261898627,0.389693046903046,0.0
2,ridge,11,0.05623413251903491,4197,3,0.31483394781267526,0.3572943502510558,0.0
2,ridge,11,0.1,4197,3,0.2970295608987731,0.32642345828717695,0.0
2,ridge,11,0.1778279410038923,4197,3,0.279876850587919,0.29694118067349473,0.0
2,ridge,11,0.31622776601683794,4197,3,0.2639528794247253,0.27042672811365953,0.0
2,ridge,11,0.5623413251903491,4197,3,0.250401455629945,0.24904565724537123,0.0
2,ridge,11,1.0,4197,3,0.24036273781143472,0.23463377390211484,0.0
2,ridge,11,1.7782794100389228,4197,3,0.23466905761968548,0.2282660933172149,0.0
2,ridge,11,3.1622776601683795,4197,3,0.23423402888308012,0.23075451219451504,0.0
2,ridge,11,5.623413251903491,4197,3,0.24085347231304044,0.24366400213258113,0.0
2,ridge,11,10.0,4197,3,0.2577458942941482,0.27006211352578174,0.0
2,ridge,11,17.78279410038923,4197,3,0.28976938751016873,0.31521299855300833,0.0
2,ridge,11,31.622776601683793,4197,3,0.3439959686855552,0.3884576808242128,0.0
2,ridge,11,56.23413251903491,4197,3,0.4312995549520752,0.5071666362878602,0.0
2,ridge,11,100.0,4197,3,0.5695268362192218,0.7029662663786578,0.0
2,ridge,11,177.82794100389228,4197,3,0.7893695064392808,1.0314471657989568,0.0
2,ridge,11,316.22776601683796,4197,3,1.1447690498749254,1.5889136184831822,0.0
2,ridge,11,562.341325190349,4197,3,1.7232228095452466,2.5290162946133354,0.0
2,ridge,11,1000.0,4197,3,2.6314651528794655,4.038289715322034,0.0
2,ridge,11,0.01,4197,4,0.28893874296977046,0.32331360737887993,0.0
2,ridge,11,0.01778279410038923,4197,4,0.27344822951658876,0.303185957076176,0.0
2,ridge,11,0.03162277660168379,4197,4,0.2601058132397298,0.2864787958171386,0.0
2,ridge,11,0.05623413251903491,4197,4,0.24907615802208358,0.2734561481999919,0.0
2,ridge,11,0.1,4197,4,0.24050522334448482,0.26432825553311234,0.0
2,ridge,11,0.1778279410038923,4197,4,0.23410448688521868,0.2585828057827336,0.0
2,ridge,11,0.31622776601683794,4197,4,0.22894329353160786,0.25471250617291386,0.0
2,ridge,11,0.5623413251903491,4197,4,0.22414345205562275,0.25126322109855015,0.0
2,ridge,11,1.0,4197,4,0.21967738995803238,0.24788964996515664,0.0
2,ridge,11,1.7782794100389228,4197,4,0.21653134567569401,0.2454704252703004,0.0
2,ridge,11,3.1622776601683795,4197,4,0.21644356455159547,0.2457341609815162,0.0
2,ridge,11,5.623413251903491,4197,4,0.2216039322973483,0.25076571426518485,0.0
2,ridge,11,10.0,4197,4,0.2346844365671017,0.2628987659690866,0.0
2,ridge,11,17.78279410038923,4197,4,0.2595697593692746,0.28589923907028414,0.0
2,ridge,11,31.622776601683793,4197,4,0.30252138388179417,0.32735143066402994,0.0
2,ridge,11,56.23413251903491,4197,4,0.3737426460478012,0.4021825466248806,0.0
2,ridge,11,100.0,4197,4,0.4916696710885651,0.5401838928203649,0.0
2,ridge,11,177.82794100389228,4197,4,0.6924599024581856,0.8003832183493532,0.0
2,ridge,11,316.22776601683796,4197,4,1.0449907333651551,1.2924753682338228,0.0
2,ridge,11,562.341325190349,4197,4,1.667686617419994,2.200720702704118,0.0
2,ridge,11,1000.0,4197,4,2.7264638108052526,3.78262716755698,0.0
2,ridge,11,0.01,4207,0,0.3478419869894723,0.3697459377070849,0.0
2,ridge,11,0.01778279410038923,4207,0,0.3253882512694335,0.3494365745027876,0.0
2,ridge,11,0.03162277660168379,4207,0,0.310680625026913,0.33948725185661655,0.0
2,ridge,11,0.05623413251903491,4207,0,0.3018056490674411,0.33595645934091606,0.0
2,ridge,11,0.1,4207,0,0.29595022442086716,0.33421507431306874,0.0
2,ridge,11,0.1778279410038923,4207,0,0.2909119918323993,0.33140957224080303,0.0
2,ridge,11,0.31622776601683794,4207,0,0.28600406063122363,0.32735303075996,0.0
2,ridge,11,0.5623413251903491,4207,0,0.28188909150416525,0.32379455060472156,0.0
2,ridge,11,1.0,4207,0,0.27985161242174855,0.32302371771449506,0.0
2,ridge,11,1.7782794100389228,4207,0,0.28117546911263125,0.32690079488120655,0.0
2,ridge,11,3.1622776601683795,4207,0,0.2868187647026036,0.33648593740569344,0.0
2,ridge,11,5.623413251903491,4207,0,0.2975262650795316,0.35203918565377124,0.0
2,ridge,11,10.0,4207,0,0.3152394401512593,0.3748317286697579,0.0
2,ridge,11,17.78279410038923,4207,0,0.346044510715585,0.41205724397319526,0.0
2,ridge,11,31.622776601683793,4207,0,0.40244440066571985,0.4817794972048107,0.0
2,ridge,11,56.23413251903491,4207,0,0.5028511489925915,0.6137138641395948,0.0
2,ridge,11,100.0,4207,0,0.6704774114440815,0.8478026036040814,0.0
2,ridge,11,177.82794100389228,4207,0,0.9385802377727466,1.2414064719269022,0.0
2,ridge,11,316.22776601683796,4207,0,1.3677616958971688,1.8964698229174322,0.0
2,ridge,11,562.341325190349,4207,0,2.0655691377096064,2.9934663838074815,0.0
2,ridge,11,1000.0,4207,0,3.177350588792769,4.782876575620076,0.0
2,ridge,11,0.01,4207,1,0.9379464269127797,1.5340089909237122,0.0
2,ridge,11,0.01778279410038923,4207,1,0.84345101692509,1.3624189943801426,0.0
2,ridge,11,0.03162277660168379,4207,1,0.7426735376020029,1.1789916265157487,0.0
2,ridge,11,0.05623413251903491,4207,1,0.6346655567765888,0.9811331749627408,0.0
2,ridge,11,0.1,4207,1,0.5332196641150942,0.7948867104111641,0.0
2,ridge,11,0.1778279410038923,4207,1,0.4509801843829305,0.6443650980834807,0.0
2,ridge,11,0.31622776601683794,4207,1,0.39121915508265187,0.5356334903901089,0.0
2,ridge,11,0.5623413251903491,4207,1,0.3506688898087007,0.46182992835108433,0.0
2,ridge,11,1.0,4207,1,0.32509840843067406,0.41376453342989455,0.0
2,ridge,11,1.7782794100389228,4207,1,0.3116852200540188,0.38451246639594466,0.0
2,ridge,11,3.1622776601683795,4207,1,0.30899461812662665,0.36931643250750146,0.0
2,ridge,11,5.623413251903491,4207,1,0.31699436084251204,0.36540873700247734,0.0
2,ridge,11,10.0,4207,1,0.33776027132793973,0.3733183716956226,0.0
2,ridge,11,17.78279410038923,4207,1,0.3764152696574472,0.39904633624582775,0.0
2,ridge,11,31.622776601683793,4207,1,0.4417153451448785,0.455886151962562,0.0
2,ridge,11,56.23413251903491,4207,1,0.5456726768382911,0.5645213915684946,0.0
2,ridge,11,100.0,4207,1,0.7032360350166006,0.7528885993837255,0.0
2,ridge,11,177.82794100389228,4207,1,0.9352440205567815,1.0609725518266537,0.0
2,ridge,11,316.22776601683796,4207,1,1.2788155182351648,1.5572159813407582,0.0
2,ridge,11,562.341325190349,4207,1,1.8036858486572342,2.364636972163978,0.0
2,ridge,11,1000.0,4207,1,2.6102024520255265,3.658634047892629,0.0
2,ridge,11,0.01,4207,2,0.2518426931549246,0.2939367112693896,0.0
2,ridge,11,0.01778279410038923,4207,2,0.24691610657921478,0.2879558603493159,0.0
2,ridge,11,0.03162277660168379,4207,2,0.24168929697637834,0.2823779038811848,0.0
2,ridge,11,0.05623413251903491,4207,2,0.23581141496697974,0.27639415745272067,0.0
2,ridge,11,0.1,4207,2,0.2291970204620674,0.2694768937618071,0.0
2,ridge,11,0.1778279410038923,4207,2,0.2221460922766656,0.26166738387333544,0.0
2,ridge,11,0.31622776601683794,4207,2,0.2153461541688249,0.25359511213185354,0.0
2,ridge,11,0.5623413251903491,4207,2,0.20966048481846097,0.24618590076146843,0.0
2,ridge,11,1.0,4207,2,0.20589473725472102,0.24038308487866353,0.0
2,ridge,11,1.7782794100389228,4207,2,0.2047266401159087,0.2371082647317869,0.0
2,ridge,11,3.1622776601683795,4207,2,0.2068861068059477,0.2374526115228596,0.0
2,ridge,11,5.623413251903491,4207,2,0.21366815224596664,0.24307806228994328,0.0
2,ridge,11,10.0,4207,2,0.2276798014511368,0.2568576532528564,0.0
2,ridge,11,17.78279410038923,4207,2,0.253590714513957,0.2838971168399222,0.0
2,ridge,11,31.622776601683793,4207,2,0.2990150209311861,0.3333509613007137,0.0
2,ridge,11,56.23413251903491,4207,2,0.3770454212576276,0.4230940385859281,0.0
2,ridge,11,100.0,4207,2,0.5129225641863083,0.5908014228465213,0.0
2,ridge,11,177.82794100389228,4207,2,0.7534877242576011,0.9097194167621576,0.0
2,ridge,11,316.22776601683796,4207,2,1.172133685574197,1.4979722254184966,0.0
2,ridge,11,562.341325190349,4207,2,1.8606265998555944,2.50623646580982,0.0
2,ridge,11,1000.0,4207,2,2.9028344018537586,4.075900474972469,0.0
2,ridge,11,0.01,4207,3,0.42850642077827683,0.5106015657174287,0.0
2,ridge,11,0.01778279410038923,4207,3,0.4158348474672498,0.4894060645638525,0.0
2,ridge,11,0.03162277660168379,4207,3,0.3995452348910197,0.46254059688035026,0.0
2,ridge,11,0.05623413251903491,4207,3,0.379950947598518,0.43182648089625336,0.0
2,ridge,11,0.1,4207,3,0.35792082381172213,0.39918160316916157,0.0
2,ridge,11,0.1778279410038923,4207,3,0.3353082519590512,0.36740261957173354,0.0
2,ridge,11,0.31622776601683794,4207,3,0.3145640287597726,0.3399674116427707,0.0
2,ridge,11,0.5623413251903491,4207,3,0.2976866673390203,0.31955903895058047,0.0
2,ridge,11,1.0,4207,3,0.2857398199555584,0.307168184373355,0.0
2,ridge,11,1.7782794100389228,4207,3,0.279303661214416,0.30267609465802886,0.0
2,ridge,11,3.1622776601683795,4207,3,0.27909215925845665,0.30591201327359896,0.0
2,ridge,11,5.623413251903491,4207,3,0.2863997667229791,0.3175569876065207,0.0
2,ridge,11,10.0,4207,3,0.30395313152903625,0.3406444465492283,0.0
2,ridge,11,17.78279410038923,4207,3,0.3375061786299744,0.3830910534502415,0.0
2,ridge,11,31.622776601683793,4207,3,0.3972473128924366,0.45968102107472153,0.0
2,ridge,11,56.23413251903491,4207,3,0.49925862940802546,0.5941539494881334,0.0
2,ridge,11,100.0,4207,3,0.670399824866976,0.8273447283900274,0.0
2,ridge,11,177.82794100389228,4207,3,0.9581096579387118,1.2332225973542155,0.0
2,ridge,11,316.22776601683796,4207,3,1.4423971109632592,1.9372831002752902,0.0
2,ridge,11,562.341325190349,4207,3,2.242762032545989,3.128019696703981,0.0
2,ridge,11,1000.0,4207,3,3.499010732890624,5.034311220944448,0.0
2,ridge,11,0.01,4207,4,0.6092273137332296,0.7870462215930792,0.0
2,ridge,11,0.01778279410038923,4207,4,0.5471957326382558,0.6969431368086987,0.0
2,ridge,11,0.03162277660168379,4207,4,0.4893098786970514,0.6117121374817907,0.0
2,ridge,11,0.05623413251903491,4207,4,0.4350248231887098,0.5310975076654859,0.0
2,ridge,11,0.1,4207,4,0.3861055732382831,0.4587484336230163,0.0
2,ridge,11,0.1778279410038923,4207,4,0.3446451495269639,0.39834066898197795,0.0
2,ridge,11,0.31622776601683794,4207,4,0.3115422574357526,0.35085481970756877,0.0
2,ridge,11,0.5623413251903491,4207,4,0.28697835733425603,0.31554731709790396,0.0
2,ridge,11,1.0,4207,4,0.2712203950638597,0.29170403196985983,0.0
2,ridge,11,1.7782794100389228,4207,4,0.26482261017946546,0.27948562576291897,0.0
2,ridge,11,3.1622776601683795,4207,4,0.2685838003482367,0.2801131953234402,0.0
2,ridge,11,5.623413251903491,4207,4,0.28355539031602633,0.29549307905941036,0.0
2,ridge,11,10.0,4207,4,0.3115641665502601,0.3282422280447486,0.0
2,ridge,11,17.78279410038923,4207,4,0.3566327157812862,0.3833492070842866,0.0
2,ridge,11,31.622776601683793,4207,4,0.42750377434179754,0.47230818286365556,0.0
2,ridge,11,56.23413251903491,4207,4,0.5410393808831658,0.6193309767478256,0.0
2,ridge,11,100.0,4207,4,0.7247713356875298,0.8659928271647581,0.0
2,ridge,11,177.82794100389228,4207,4,1.0177034903039837,1.2719823742878553,0.0
2,ridge,11,316.22776601683796,4207,4,1.4762927916313047,1.9224939337590141,0.0
2,ridge,11,562.341325190349,4207,4,2.1915372725900673,2.9517933416501063,0.0
2,ridge,11,1000.0,4207,4,3.2934211827787534,4.549942056422313,0.0
2,ridge,11,0.01,4217,0,0.462335443077627,0.7074823071482634,0.0
2,ridge,11,0.01778279410038923,4217,0,0.4298275902630079,0.6440502556054913,0.0
2,ridge,11,0.03162277660168379,4217,0,0.40182414252117277,0.5892036331884897,0.0
2,ridge,11,0.05623413251903491,4217,0,0.3768227345196771,0.5403645530206679,0.0
2,ridge,11,0.1,4217,0,0.35460385792514404,0.49722377901706005,0.0
2,ridge,11,0.1778279410038923,4217,0,0.33608004854238366,0.4613745245739565,0.0
2,ridge,11,0.31622776601683794,4217,0,0.3226525672198891,0.4350790376378861,0.0
2,ridge,11,0.5623413251903491,4217,0,0.3154855575357436,0.4198175453514212,0.0
2,ridge,11,1.0,4217,0,0.3151098311269246,0.4156612695574205,0.0
2,ridge,11,1.7782794100389228,4217,0,0.321736038243066,0.42224001097486397,0.0
2,ridge,11,3.1622776601683795,4217,0,0.3361640951150383,0.4406695928565005,0.0
2,ridge,11,5.623413251903491,4217,0,0.36050377570098086,0.47458682423650334,0.0
2,ridge,11,10.0,4217,0,0.3984247015274787,0.5298879057835618,0.0
2,ridge,11,17.78279410038923,4217,0,0.4562463996208813,0.6162820219612134,0.0
2,ridge,11,31.622776601683793,4217,0,0.5466583850210813,0.7546769974916857,0.0
2,ridge,11,56.23413251903491,4217,0,0.6949448651165,0.9899994245022046,0.0
2,ridge,11,100.0,4217,0,0.9457451023058647,1.4042354359567046,0.0
2,ridge,11,177.82794100389228,4217,0,1.36754961042982,2.1228231158962627,0.0
2,ridge,11,316.22776601683796,4217,0,2.051784366837658,3.3097826078906256,0.0
2,ridge,11,562.341325190349,4217,0,3.098978875283458,5.142158012614276,0.0
2,ridge,11,1000.0,4217,0,4.574340137455058,7.734807991548661,0.0
2,ridge,11,0.01,4217,1,0.47889704393371674,0.5738520880948493,0.0
2,ridge,11,0.01778279410038923,4217,1,0.4568883816445644,0.543964177540593,0.0
2,ridge,11,0.03162277660168379,4217,1,0.4314679786066632,0.5100374120302273,0.0
2,ridge,11,0.05623413251903491,4217,1,0.4008467174217599,0.46869966444674444,0.0
2,ridge,11,0.1,4217,1,0.36717938866666816,0.42256609583944343,0.0
2,ridge,11,0.1778279410038923,4217,1,0.3346934488474954,0.37752345830871337,0.0
2,ridge,11,0.31622776601683794,4217,1,0.30710474959269857,0.3388196018747087,0.0
2,ridge,11,0.5623413251903491,4217,1,0.28649008457701536,0.3092690971094682,0.0
2,ridge,11,1.0,4217,1,0.2737601226142313,0.28987552812688033,0.0
2,ridge,11,1.7782794100389228,4217,1,0.2693018509574395,0.2808250009934709,0.0
2,ridge,11,3.1622776601683795,4217,1,0.273387070843236,0.28215753898658896,0.0
2,ridge,11,5.623413251903491,4217,1,0.2868350041856037,0.29465599228768485,0.0
2,ridge,11,10.0,4217,1,0.31211088957619315,0.3212336528700351,0.0
2,ridge,11,17.78279410038923,4217,1,0.35475494805045443,0.368937536718431,0.0
2,ridge,11,31.622776601683793,4217,1,0.4248851262586867,0.4516255679611417,0.0
2,ridge,11,56.23413251903491,4217,1,0.5382519195762239,0.5927334648762974,0.0
2,ridge,11,100.0,4217,1,0.716826125285958,0.827152089579501,0.0
2,ridge,11,177.82794100389228,4217,1,0.9906471439770975,1.2033234056842572,0.0
2,ridge,11,316.22776601683796,4217,1,1.4081325611778615,1.7964144541763707,0.0
2,ridge,11,562.341325190349,4217,1,2.0613230066811377,2.744195212895549,0.0
2,ridge,11,1000.0,4217,1,3.0981906016285357,4.2663831954365135,0.0
2,ridge,11,0.01,4217,2,0.31599980425564866,0.4073529614978495,0.0
2,ridge,11,0.01778279410038923,4217,2,0.2971398759664766,0.3765818325627744,0.0
2,ridge,11,0.03162277660168379,4217,2,0.2766052970329919,0.34264934064088587,0.0
2,ridge,11,0.05623413251903491,4217,2,0.2557811876469944,0.3088448660687129,0.0
2,ridge,11,0.1,4217,2,0.23725037624909895,0.2798650265533246,0.0
2,ridge,11,0.1778279410038923,4217,2,0.22313356833986453,0.2592893450256253,0.0
2,ridge,11,0.31622776601683794,4217,2,0.21390213460517876,0.2477301343965189,0.0
2,ridge,11,0.5623413251903491,4217,2,0.20877583728073712,0.24343190853619712,0.0
2,ridge,11,1.0,4217,2,0.20699823376825552,0.2444049262704567,0.0
2,ridge,11,1.7782794100389228,4217,2,0.20894746544244155,0.2504943679655664,0.0
2,ridge,11,3.1622776601683795,4217,2,0.2165561781020673,0.2641821159469137,0.0
2,ridge,11,5.623413251903491,4217,2,0.23308725189136553,0.2898965778906387,0.0
2,ridge,11,10.0,4217,2,0.2629146280318439,0.33309102852524003,0.0
2,ridge,11,17.78279410038923,4217,2,0.3119404432967633,0.4006627595632835,0.0
2,ridge,11,31.622776601683793,4217,2,0.3885816409872667,0.5029918101831329,0.0
2,ridge,11,56.23413251903491,4217,2,0.5055099383102623,0.657547549961214,0.0
2,ridge,11,100.0,4217,2,0.6836591683237214,0.8955446250908252,0.0
2,ridge,11,177.82794100389228,4217,2,0.9610248892535086,1.275105314873532,0.0
2,ridge,11,316.22776601683796,4217,2,1.409927146272203,1.9075683533543197,0.0
2,ridge,11,562.341325190349,4217,2,2.1600625504929374,2.995794802554826,0.0
2,ridge,11,1000.0,4217,2,3.404238469043425,4.853354664407272,0.0
2,ridge,11,0.01,4217,3,0.3433635837382402,0.4083171928970867,0.0
2,ridge,11,0.01778279410038923,4217,3,0.3205446849081045,0.3661467311374516,0.0
2,ridge,11,0.03162277660168379,4217,3,0.3046940085669574,0.3376813711730865,0.0
2,ridge,11,0.05623413251903491,4217,3,0.2953838312665367,0.3232055507607654,0.0
2,ridge,11,0.1,4217,3,0.29025608146982956,0.317866922637087,0.0
2,ridge,11,0.1778279410038923,4217,3,0.28716991436031813,0.3167933958979364,0.0
2,ridge,11,0.31622776601683794,4217,3,0.2848237976996758,0.31681534805804334,0.0
2,ridge,11,0.5623413251903491,4217,3,0.28265456799652816,0.316258409883398,0.0
2,ridge,11,1.0,4217,3,0.2810015449065023,0.31495569929993206,0.0
2,ridge,11,1.7782794100389228,4217,3,0.28147135549022295,0.31463654892987625,0.0
2,ridge,11,3.1622776601683795,4217,3,0.28700699665602214,0.31894635196901905,0.0
2,ridge,11,5.623413251903491,4217,3,0.30124892354473326,0.33234272436760887,0.0
2,ridge,11,10.0,4217,3,0.3273355158045417,0.35804840839710866,0.0
2,ridge,11,17.78279410038923,4217,3,0.36743882192579774,0.3972106400545573,0.0
2,ridge,11,31.622776601683793,4217,3,0.42465344462315163,0.4522006745573994,0.0
2,ridge,11,56.23413251903491,4217,3,0.5069092445983682,0.5342441805902605,0.0
2,ridge,11,100.0,4217,3,0.630285778771875,0.6713270491956107,0.0
2,ridge,11,177.82794100389228,4217,3,0.8199196373534123,0.9119609784554745,0.0
2,ridge,11,316.22776601683796,4217,3,1.111549348640293,1.3269305374829152,0.0
2,ridge,11,562.341325190349,4217,3,1.5586164525662662,2.015425351936009,0.0
2,ridge,11,1000.0,4217,3,2.230867458669522,3.0967827607694667,0.0
2,ridge,11,0.01,4217,4,0.5038614697275505,0.6353360622589468,0.0
2,ridge,11,0.01778279410038923,4217,4,0.4889772483990799,0.6132357086625722,0.0
2,ridge,11,0.03162277660168379,4217,4,0.4679334976567452,0.5801862952809138,0.0
2,ridge,11,0.05623413251903491,4217,4,0.44287405651427825,0.5396273261674108,0.0
2,ridge,11,0.1,4217,4,0.4184810919077585,0.4995686480598384,0.0
2,ridge,11,0.1778279410038923,4217,4,0.3981230866936841,0.4662578745876399,0.0
2,ridge,11,0.31622776601683794,4217,4,0.38192648593846706,0.4406996012247181,0.0
2,ridge,11,0.5623413251903491,4217,4,0.3680929755352012,0.42030651178757134,0.0
2,ridge,11,1.0,4217,4,0.35513296585327925,0.40222961215424863,0.0
2,ridge,11,1.7782794100389228,4217,4,0.34283967151330774,0.3850711837349532,0.0
2,ridge,11,3.1622776601683795,4217,4,0.3322705256970093,0.3691593110384951,0.0
2,ridge,11,5.623413251903491,4217,4,0.32591241851209496,0.3567914142937414,0.0
2,ridge,11,10.0,4217,4,0.32769809362642227,0.3520166322885039,0.0
2,ridge,11,17.78279410038923,4217,4,0.3425654209318542,0.35987993878077157,0.0
2,ridge,11,31.622776601683793,4217,4,0.37710621407583,0.3875773377574058,0.0
2,ridge,11,56.23413251903491,4217,4,0.4414359983027715,0.4474235258274397,0.0
2,ridge,11,100.0,4217,4,0.5535023179753371,0.5632637368420731,0.0
2,ridge,11,177.82794100389228,4217,4,0.7504511416300117,0.7878790540584014,0.0
2,ridge,11,316.22776601683796,4217,4,1.1067323081858613,1.2318752895990517,0.0
2,ridge,11,562.341325190349,4217,4,1.747290704211093,2.0868736224988145,0.0
2,ridge,11,1000.0,4217,4,2.8349076045937265,3.6116609126106387,0.0
2,ridge,12,0.01,4197,0,0.7250132553034347,1.094334726023671,0.0
2,ridge,12,0.01778279410038923,4197,0,0.6502941440288365,0.9653006274006272,0.0
2,ridge,12,0.03162277660168379,4197,0,0.5759925275039819,0.8376799674589351,0.0
2,ridge,12,0.05623413251903491,4197,0,0.5039164117955414,0.714160236993656,0.0
2,ridge,12,0.1,4197,0,0.4386293637084381,0.6022765577248894,0.0
2,ridge,12,0.1778279410038923,4197,0,0.3845503076035603,0.5094136195953695,0.0
2,ridge,12,0.31622776601683794,4197,0,0.3438059327019854,0.43906959853248884,0.0
2,ridge,12,0.5623413251903491,4197,0,0.3156855085551138,0.38978945692553046,0.0
2,ridge,12,1.0,4197,0,0.29767471252048583,0.3568134166844693,0.0
2,ridge,12,1.7782794100389228,4197,0,0.2872299134970418,0.3352353405015096,0.0
2,ridge,12,3.1622776601683795,4197,0,0.2829064618748592,0.32224741636899834,0.0
2,ridge,12,5.623413251903491,4197,0,0.2844915137408246,0.31743910615341103,0.0
2,ridge,12,10.0,4197,0,0.292920433794841,0.3221709534774769,0.0
2,ridge,12,17.78279410038923,4197,0,0.310738021466464,0.3396661203187953,0.0
2,ridge,12,31.622776601683793,4197,0,0.3439585446960892,0.3777901700768724,0.0
2,ridge,12,56.23413251903491,4197,0,0.40579938283440864,0.45542373221974497,0.0
2,ridge,12,100.0,4197,0,0.5213230897885694,0.6105876024275817,0.0
2,ridge,12,177.82794100389228,4197,0,0.7330933160593825,0.909625181087275,0.0
2,ridge,12,316.22776601683796,4197,0,1.1076665652951196,1.4564405832470584,0.0
2,ridge,12,562.341325190349,4197,0,1.7392566351061554,2.3978702413891186,0.0
2,ridge,12,1000.0,4197,0,2.7480949113891793,3.9270364236343442,0.0
2,ridge,12,0.01,4197,1,0.4278888570209382,0.47516137638435046,0.0
2,ridge,12,0.01778279410038923,4197,1,0.4019549101203782,0.449296614679694,0.0
2,ridge,12,0.03162277660168379,4197,1,0.3792833210565592,0.42580575186904357,0.0
2,ridge,12,0.05623413251903491,4197,1,0.3591090840954602,0.4047815072463747,0.0
2,ridge,12,0.1,4197,1,0.3416331141949364,0.3867485371068963,0.0
2,ridge,12,0.1778279410038923,4197,1,0.32702045188936835,0.37131019171974167,0.0
2,ridge,12,0.31622776601683794,4197,1,0.3154001233469841,0.3579047066862728,0.0
2,ridge,12,0.5623413251903491,4197,1,0.307284091347644,0.3468486116458328,0.0
2,ridge,12,1.0,4197,1,0.3037224579360451,0.3395730993261272,0.0
2,ridge,12,1.7782794100389228,4197,1,0.3062198881976361,0.3383843433736999,0.0
2,ridge,12,3.1622776601683795,4197,1,0.31669945539476607,0.34619140304271195,0.0
2,ridge,12,5.623413251903491,4197,1,0.33748813303821756,0.3660798858333509,0.0
2,ridge,12,10.0,4197,1,0.3714906643884267,0.4010444370172987,0.0
2,ridge,12,17.78279410038923,4197,1,0.4232331508447998,0.45531913526003015,0.0
2,ridge,12,31.622776601683793,4197,1,0.5012671209666204,0.5386553669882997,0.0
2,ridge,12,56.23413251903491,4197,1,0.6215279236920844,0.6731705573992163,0.0
2,ridge,12,100.0,4197,1,0.8109273811535849,0.9014493973481377,0.0
2,ridge,12,177.82794100389228,4197,1,1.1090123267620804,1.291469687508684,0.0
2,ridge,12,316.22776601683796,4197,1,1.5638859037446946,1.9292211604827247,0.0
2,ridge,12,562.341325190349,4197,1,2.22678504119978,2.9039806772000785,0.0
2,ridge,12,1000.0,4197,1,3.1513024064910766,4.30140676445009,0.0
2,ridge,12,0.01,4197,2,0.9033419215237128,1.3975284852611587,0.0
2,ridge,12,0.01778279410038923,4197,2,0.6991059613121802,1.0431140102669547,0.0
2,ridge,12,0.03162277660168379,4197,2,0.5282676052616867,0.7475357375509352,0.0
2,ridge,12,0.05623413251903491,4197,2,0.4060637857023641,0.5372639241647303,0.0
2,ridge,12,0.1,4197,2,0.32920933856634405,0.4062769087789857,0.0
2,ridge,12,0.1778279410038923,4197,2,0.2854613588426873,0.3330159269892224,0.0
2,ridge,12,0.31622776601683794,4197,2,0.26232448897036026,0.2955656393320495,0.0
2,ridge,12,0.5623413251903491,4197,2,0.251274733390178,0.2787501516261257,0.0
2,ridge,12,1.0,4197,2,0.24795337273031456,0.27413729769335515,0.0
2,ridge,12,1.7782794100389228,4197,2,0.2508760587931056,0.2776467725661893,0.0
2,ridge,12,3.1622776601683795,4197,2,0.2604429638989983,0.2880073913531752,0.0
2,ridge,12,5.623413251903491,4197,2,0.2786226137509705,0.30655122337063584,0.0
2,ridge,12,10.0,4197,2,0.30875639839080476,0.33709385366392386,0.0
2,ridge,12,17.78279410038923,4197,2,0.3551917493892646,0.38528712840073226,0.0
2,ridge,12,31.622776601683793,4197,2,0.4238730174750122,0.4592787652427601,0.0
2,ridge,12,56.23413251903491,4197,2,0.5255697333520738,0.5743289392814439,0.0
2,ridge,12,100.0,4197,2,0.6817862477031582,0.761772794055688,0.0
2,ridge,12,177.82794100389228,4197,2,0.9311382109029145,1.0795386200646275,0.0
2,ridge,12,316.22776601683796,4197,2,1.3357622672961758,1.6240041269387633,0.0
2,ridge,12,562.341325190349,4197,2,1.9912829019871736,2.549528433351274,0.0
2,ridge,12,1000.0,4197,2,3.0314278357455144,4.0820933042786525,0.0
2,ridge,12,0.01,4197,3,0.4444998936081018,0.5886312805381372,0.0
2,ridge,12,0.01778279410038923,4197,3,0.4036457012852891,0.5198326159866639,0.0
2,ridge,12,0.03162277660168379,4197,3,0.36770366608829763,0.4589172205154774,0.0
2,ridge,12,0.05623413251903491,4197,3,0.3373920982413399,0.4073262491083667,0.0
2,ridge,12,0.1,4197,3,0.31219026110872283,0.3641124935205817,0.0
2,ridge,12,0.1778279410038923,4197,3,0.2907504467298691,0.3268777802892397,0.0
2,ridge,12,0.31622776601683794,4197,3,0.2720379369149176,0.2940118566008604,0.0
2,ridge,12,0.5623413251903491,4197,3,0.2558723034107967,0.26564183697175026,0.0
2,ridge,12,1.0,4197,3,0.242662951132515,0.24287738926179442,0.0
2,ridge,12,1.7782794100389228,4197,3,0.23292114801147257,0.22667081295964067,0.0
2,ridge,12,3.1622776601683795,4197,3,0.2272302443562321,0.21761569600580877,0.0
2,ridge,12,5.623413251903491,4197,3,0.22690806468313224,0.21684854416083316,0.0
2,ridge,12,10.0,4197,3,0.23510435509360866,0.22755942429412554,0.0
2,ridge,12,17.78279410038923,4197,3,0.25774662407628723,0.2566536308540195,0.0
2,ridge,12,31.622776601683793,4197,3,0.30373395204612796,0.31593297041409235,0.0
2,ridge,12,56.23413251903491,4197,3,0.3846716614371064,0.4229315822921379,0.0
2,ridge,12,100.0,4197,3,0.5159586167532674,0.6039758474932309,0.0
2,ridge,12,177.82794100389228,4197,3,0.7213703567015198,0.9023511083665378,0.0
2,ridge,12,316.22776601683796,4197,3,1.0421261265853319,1.3924175795527693,0.0
2,ridge,12,562.341325190349,4197,3,1.5480665369929456,2.1969700639207073,0.0
2,ridge,12,1000.0,4197,3,2.3366688699690235,3.486236142719984,0.0
2,ridge,12,0.01,4197,4,0.3733503938788104,0.4598390176581309,0.0
2,ridge,12,0.01778279410038923,4197,4,0.3450341557708226,0.41835201215571993,0.0
2,ridge,12,0.03162277660168379,4197,4,0.32522375681268706,0.39065405731600367,0.0
2,ridge,12,0.05623413251903491,4197,4,0.30614502975914604,0.3644982262505687,0.0
2,ridge,12,0.1,4197,4,0.28402475562998236,0.33382468910271834,0.0
2,ridge,12,0.1778279410038923,4197,4,0.25991981957497867,0.30013771935328337,0.0
2,ridge,12,0.31622776601683794,4197,4,0.2373396932378747,0.26882233071521316,0.0
2,ridge,12,0.5623413251903491,4197,4,0.21915904842484388,0.24425621208289106,0.0
2,ridge,12,1.0,4197,4,0.20628118820648025,0.22748889860246527,0.0
2,ridge,12,1.7782794100389228,4197,4,0.19832783994368586,0.21709979136394897,0.0
2,ridge,12,3.1622776601683795,4197,4,0.19502929961051238,0.21144695706435523,0.0
2,ridge,12,5.623413251903491,4197,4,0.1971806592200036,0.21038711593211323,0.0
2,ridge,12,10.0,4197,4,0.20697841387347685,0.21577646348376905,0.0
2,ridge,12,17.78279410038923,4197,4,0.22833116163243541,0.23172216745182875,0.0
2,ridge,12,31.622776601683793,4197,4,0.26766464582081195,0.2658677182187366,0.0
2,ridge,12,56.23413251903491,4197,4,0.33470544287544324,0.3314354849111802,0.0
2,ridge,12,100.0,4197,4,0.4438471734013943,0.45083946273457615,0.0
2,ridge,12,177.82794100389228,4197,4,0.6198012243681729,0.6652111603033559,0.0
2,ridge,12,316.22776601683796,4197,4,0.9106342267549585,1.0531747882366806,0.0
2,ridge,12,562.341325190349,4197,4,1.4075161230560855,1.7587176743255735,0.0
2,ridge,12,1000.0,4197,4,2.258036545598908,3.011987051750324,0.0
2,ridge,12,0.01,4207,0,0.41248096023052544,0.40584772606461095,0.0
2,ridge,12,0.01778279410038923,4207,0,0.3614193966978826,0.3535329431768249,0.0
2,ridge,12,0.03162277660168379,4207,0,0.32603530303220507,0.3225821462261812,0.0
2,ridge,12,0.05623413251903491,4207,0,0.30389264801044075,0.3086807947782511,0.0
2,ridge,12,0.1,4207,0,0.29117234111045837,0.3049511153671882,0.0
2,ridge,12,0.1778279410038923,4207,0,0.2836654152255885,0.30461067750880677,0.0
2,ridge,12,0.31622776601683794,4207,0,0.27823547889523415,0.3034763359300151,0.0
2,ridge,12,0.5623413251903491,4207,0,0.2734113829588904,0.3002387196144747,0.0
2,ridge,12,1.0,4207,0,0.2691109175410314,0.2954713790548034,0.0
2,ridge,12,1.7782794100389228,4207,0,0.26609829852542444,0.2906943124588501,0.0
2,ridge,12,3.1622776601683795,4207,0,0.2656601374657169,0.28803625234170604,0.0
2,ridge,12,5.623413251903491,4207,0,0.26984552364683195,0.29063378411979496,0.0
2,ridge,12,10.0,4207,0,0.2822511512415884,0.3034684890304746,0.0
2,ridge,12,17.78279410038923,4207,0,0.30941290301225755,0.33514362026971334,0.0
2,ridge,12,31.622776601683793,4207,0,0.3626346548495305,0.40120975431161693,0.0
2,ridge,12,56.23413251903491,4207,0,0.45891270013906577,0.5271800393799874,0.0
2,ridge,12,100.0,4207,0,0.6199500232305394,0.7484843892528651,0.0
2,ridge,12,177.82794100389228,4207,0,0.8735453175330574,1.1123857010695088,0.0
2,ridge,12,316.22776601683796,4207,0,1.2662220324868012,1.6969164923875106,0.0
2,ridge,12,562.341325190349,4207,0,1.8848899318632657,2.6476770097943807,0.0
2,ridge,12,1000.0,4207,0,2.8626758482507784,4.19452839646162,0.0
2,ridge,12,0.01,4207,1,1.1379988280923494,1.9170168129857157,0.0
2,ridge,12,0.01778279410038923,4207,1,0.9306791214963999,1.528545057061131,0.0
2,ridge,12,0.03162277660168379,4207,1,0.7572596382784771,1.2041666781081288,0.0
2,ridge,12,0.05623413251903491,4207,1,0.6180201898735262,0.9449238217593281,0.0
2,ridge,12,0.1,4207,1,0.5109564097037588,0.7471797929632139,0.0
2,ridge,12,0.1778279410038923,4207,1,0.4313268199754264,0.6017344015640294,0.0
2,ridge,12,0.31622776601683794,4207,1,0.37366954975478006,0.4976452622227157,0.0
2,ridge,12,0.5623413251903491,4207,1,0.3335394840863438,0.42553529220909797,0.0
2,ridge,12,1.0,4207,1,0.30752889420528245,0.3775950643091588,0.0
2,ridge,12,1.7782794100389228,4207,1,0.29281934389001846,0.3467278945265408,0.0
2,ridge,12,3.1622776601683795,4207,1,0.28752338107966113,0.327181051552363,0.0
2,ridge,12,5.623413251903491,4207,1,0.29150591962857086,0.3159367990904589,0.0
2,ridge,12,10.0,4207,1,0.3071189336138745,0.3140098988646292,0.0
2,ridge,12,17.78279410038923,4207,1,0.3396157934709407,0.327516494865994,0.0
2,ridge,12,31.622776601683793,4207,1,0.3969950791544127,0.36792380927239754,0.0
2,ridge,12,56.23413251903491,4207,1,0.4896640534643712,0.45200233129839207,0.0
2,ridge,12,100.0,4207,1,0.6312558845948733,0.6040876275744583,0.0
2,ridge,12,177.82794100389228,4207,1,0.8416680159656341,0.8622177527687382,0.0
2,ridge,12,316.22776601683796,4207,1,1.1534419679484658,1.2885869810100787,0.0
2,ridge,12,562.341325190349,4207,1,1.622830238210332,1.9863299784809207,0.0
2,ridge,12,1000.0,4207,1,2.3357081953072374,3.108790099299816,0.0
2,ridge,12,0.01,4207,2,0.2552614027114412,0.3053307470568151,0.0
2,ridge,12,0.01778279410038923,4207,2,0.24844077772612386,0.29454774383392457,0.0
2,ridge,12,0.03162277660168379,4207,2,0.24145596438118253,0.28427126432591737,0.0
2,ridge,12,0.05623413251903491,4207,2,0.2339973007032563,0.2740561855590985,0.0
2,ridge,12,0.1,4207,2,0.2267999345483997,0.2649875358404578,0.0
2,ridge,12,0.1778279410038923,4207,2,0.22040997854892225,0.25775738629441736,0.0
2,ridge,12,0.31622776601683794,4207,2,0.2148876547771273,0.2521094944545682,0.0
2,ridge,12,0.5623413251903491,4207,2,0.2102540794087812,0.24750241220577335,0.0
2,ridge,12,1.0,4207,2,0.20675423373661223,0.24360885632749224,0.0
2,ridge,12,1.7782794100389228,4207,2,0.2048589299697185,0.24044069033654966,0.0
2,ridge,12,3.1622776601683795,4207,2,0.20533932153001597,0.23853352328911814,0.0
2,ridge,12,5.623413251903491,4207,2,0.2095203731046063,0.23924021975544107,0.0
2,ridge,12,10.0,4207,2,0.2198828993457127,0.24529409627775411,0.0
2,ridge,12,17.78279410038923,4207,2,0.24115308371234345,0.26209428091251336,0.0
2,ridge,12,31.622776601683793,4207,2,0.2817452788188278,0.30000075065714604,0.0
2,ridge,12,56.23413251903491,4207,2,0.35577870826075275,0.378176064651407,0.0
2,ridge,12,100.0,4207,2,0.4872700545994032,0.5323704338002521,0.0
2,ridge,12,177.82794100389228,4207,2,0.7172068850741932,0.827611372394603,0.0
2,ridge,12,316.22776601683796,4207,2,1.1079341790631818,1.3661284323657532,0.0
2,ridge,12,562.341325190349,4207,2,1.7362742141006287,2.2753409995255787,0.0
2,ridge,12,1000.0,4207,2,2.674576576574602,3.675745644531003,0.0
2,ridge,12,0.01,4207,3,0.49736851397663484,0.6363414244253001,0.0
2,ridge,12,0.01778279410038923,4207,3,0.4625599354629609,0.5779104295961731,0.0
2,ridge,12,0.03162277660168379,4207,3,0.428735314411714,0.5209270899579198,0.0
2,ridge,12,0.05623413251903491,4207,3,0.3959915348114553,0.46713632390037463,0.0
2,ridge,12,0.1,4207,3,0.365279781815498,0.4188606089370254,0.0
2,ridge,12,0.1778279410038923,4207,3,0.33733630181827556,0.37721316455711174,0.0
2,ridge,12,0.31622776601683794,4207,3,0.312961130878204,0.34284375019528757,0.0
2,ridge,12,0.5623413251903491,4207,3,0.2933228667938766,0.3168162382919707,0.0
2,ridge,12,1.0,4207,3,0.2795246750620542,0.30014555235145074,0.0
2,ridge,12,1.7782794100389228,4207,3,0.27220794214650135,0.2930108310891404,0.0
2,ridge,12,3.1622776601683795,4207,3,0.2716607484305014,0.2947386860283785,0.0
2,ridge,12,5.623413251903491,4207,3,0.27809233155130453,0.304388181403791,0.0
2,ridge,12,10.0,4207,3,0.29271066596699946,0.3226915435681069,0.0
2,ridge,12,17.78279410038923,4207,3,0.3201626201061278,0.3559694520856036,0.0
2,ridge,12,31.622776601683793,4207,3,0.370767808570288,0.4193453067938887,0.0
2,ridge,12,56.23413251903491,4207,3,0.4606278260900002,0.5362141831618411,0.0
2,ridge,12,100.0,4207,3,0.6117565983695166,0.7385006383514093,0.0
2,ridge,12,177.82794100389228,4207,3,0.8575897175231761,1.0766889163835647,0.0
2,ridge,12,316.22776601683796,4207,3,1.2541853860416576,1.6381023969761348,0.0
2,ridge,12,562.341325190349,4207,3,1.8918218558759357,2.564939295578769,0.0
2,ridge,12,1000.0,4207,3,2.894499307197965,4.0572449719663375,0.0
2,ridge,12,0.01,4207,4,0.542525517417878,0.67505103147338,0.0
2,ridge,12,0.01778279410038923,4207,4,0.508586090866787,0.630497319696931,0.0
2,ridge,12,0.03162277660168379,4207,4,0.4675279784817786,0.5736822771204604,0.0
2,ridge,12,0.05623413251903491,4207,4,0.4235175076058525,0.5107886639806594,0.0
2,ridge,12,0.1,4207,4,0.3812612669629944,0.4495910835266185,0.0
2,ridge,12,0.1778279410038923,4207,4,0.34346631261801497,0.3949904067260636,0.0
2,ridge,12,0.31622776601683794,4207,4,0.3111804471109097,0.3488760719230226,0.0
2,ridge,12,0.5623413251903491,4207,4,0.28497182244458846,0.31160680466991314,0.0
2,ridge,12,1.0,4207,4,0.2656311968591914,0.2832845426659371,0.0
2,ridge,12,1.7782794100389228,4207,4,0.25456311298207523,0.26492687483445626,0.0
2,ridge,12,3.1622776601683795,4207,4,0.25361554125555674,0.25877346265434253,0.0
2,ridge,12,5.623413251903491,4207,4,0.2643387197133518,0.26723319078625907,0.0
2,ridge,12,10.0,4207,4,0.2882451866158432,0.2927710335983553,0.0
2,ridge,12,17.78279410038923,4207,4,0.32890427394693106,0.34042816600701686,0.0
2,ridge,12,31.622776601683793,4207,4,0.39451313771650615,0.4213116825076799,0.0
2,ridge,12,56.23413251903491,4207,4,0.5004880265179568,0.5567214616413211,0.0
2,ridge,12,100.0,4207,4,0.6715435286948486,0.7821849007222049,0.0
2,ridge,12,177.82794100389228,4207,4,0.9415531955035339,1.147944376317552,0.0
2,ridge,12,316.22776601683796,4207,4,1.3575148209893293,1.724469446718452,0.0
2,ridge,12,562.341325190349,4207,4,1.9960389217083232,2.625952188889277,0.0
2,ridge,12,1000.0,4207,4,2.979420313722972,4.034442681621913,0.0
2,ridge,12,0.01,4217,0,0.5981769450109058,0.9796090515881917,0.0
2,ridge,12,0.01778279410038923,4217,0,0.5346441176184861,0.8553045146667623,0.0
2,ridge,12,0.03162277660168379,4217,0,0.48325853297588023,0.7533482890377781,0.0
2,ridge,12,0.05623413251903491,4217,0,0.4380590073306914,0.6633504665224367,0.0
2,ridge,12,0.1,4217,0,0.3963921245417696,0.5808182379900677,0.0
2,ridge,12,0.1778279410038923,4217,0,0.358897873378345,0.5070860792505568,0.0
2,ridge,12,0.31622776601683794,4217,0,0.32864144926635397,0.4475904101199009,0.0
2,ridge,12,0.5623413251903491,4217,0,0.30888927192850735,0.40766148214233766,0.0
2,ridge,12,1.0,4217,0,0.3008932416850062,0.3885341374650805,0.0
2,ridge,12,1.7782794100389228,4217,0,0.3037588640203535,0.3873766295646353,0.0
2,ridge,12,3.1622776601683795,4217,0,0.3161030910958083,0.4006053425824263,0.0
2,ridge,12,5.623413251903491,4217,0,0.33788812951730085,0.4274093096425401,0.0
2,ridge,12,10.0,4217,0,0.3717364264501426,0.47208527620802765,0.0
2,ridge,12,17.78279410038923,4217,0,0.42406901969867483,0.5456688727354181,0.0
2,ridge,12,31.622776601683793,4217,0,0.5072225665209069,0.669265224113738,0.0
2,ridge,12,56.23413251903491,4217,0,0.643330191872039,0.8811326350897368,0.0
2,ridge,12,100.0,4217,0,0.8700515024706164,1.2477363704793427,0.0
2,ridge,12,177.82794100389228,4217,0,1.2466273759293531,1.874867641667505,0.0
2,ridge,12,316.22776601683796,4217,0,1.8539497169631485,2.906497041565308,0.0
2,ridge,12,562.341325190349,4217,0,2.7819355919716022,4.501802624721176,0.0
2,ridge,12,1000.0,4217,0,4.100122295810085,6.786667041743358,0.0
2,ridge,12,0.01,4217,1,0.6523533811109112,0.8433514857073686,0.0
2,ridge,12,0.01778279410038923,4217,1,0.5829905658258775,0.738096485559499,0.0
2,ridge,12,0.03162277660168379,4217,1,0.5225665535762124,0.6490344025762133,0.0
2,ridge,12,0.05623413251903491,4217,1,0.4655586516346066,0.5669808743527863,0.0
2,ridge,12,0.1,4217,1,0.41149445975128307,0.4902366236436426,0.0
2,ridge,12,0.1778279410038923,4217,1,0.363073234970629,0.42193116015753096,0.0
2,ridge,12,0.31622776601683794,4217,1,0.32279408445870966,0.36501168496760833,0.0
2,ridge,12,0.5623413251903491,4217,1,0.2915645527457709,0.3202822576280213,0.0
2,ridge,12,1.0,4217,1,0.26961584066468713,0.2877538035696253,0.0
2,ridge,12,1.7782794100389228,4217,1,0.25740673444308626,0.267813611265283,0.0
2,ridge,12,3.1622776601683795,4217,1,0.2552865906658185,0.2606474802309808,0.0
2,ridge,12,5.623413251903491,4217,1,0.2631246877628546,0.2656841471094773,0.0
2,ridge,12,10.0,4217,1,0.2815562699612321,0.28330595970491534,0.0
2,ridge,12,17.78279410038923,4217,1,0.31498478886225817,0.31914965094878445,0.0
2,ridge,12,31.622776601683793,4217,1,0.3747662004729647,0.38903627513192335,0.0
2,ridge,12,56.23413251903491,4217,1,0.4799140511430891,0.5208053487739137,0.0
2,ridge,12,100.0,4217,1,0.6540928013770997,0.7508935282679859,0.0
2,ridge,12,177.82794100389228,4217,1,0.9227301220112413,1.120017457027447,0.0
2,ridge,12,316.22776601683796,4217,1,1.3185772415657953,1.6793134913839773,0.0
2,ridge,12,562.341325190349,4217,1,1.9044574499669893,2.5216158758788207,0.0
2,ridge,12,1000.0,4217,1,2.8014429126476306,3.823716657358554,0.0
2,ridge,12,0.01,4217,2,0.35476529610679686,0.4750061654241186,0.0
2,ridge,12,0.01778279410038923,4217,2,0.33076776452845774,0.4359922457000532,0.0
2,ridge,12,0.03162277660168379,4217,2,0.3069506549295629,0.3963738864756994,0.0
2,ridge,12,0.05623413251903491,4217,2,0.28224662030245296,0.3555299041923428,0.0
2,ridge,12,0.1,4217,2,0.2582787078978057,0.31684590258884426,0.0
2,ridge,12,0.1778279410038923,4217,2,0.2377117293219484,0.2849609470281884,0.0
2,ridge,12,0.31622776601683794,4217,2,0.22232433598131468,0.26268408670233023,0.0
2,ridge,12,0.5623413251903491,4217,2,0.21197668435220335,0.249349102275124,0.0
2,ridge,12,1.0,4217,2,0.2053276794126231,0.24194344902015533,0.0
2,ridge,12,1.7782794100389228,4217,2,0.20155494437905266,0.23797313788857039,0.0
2,ridge,12,3.1622776601683795,4217,2,0.2016097795091482,0.2377643569025731,0.0
2,ridge,12,5.623413251903491,4217,2,0.20830029605003314,0.24480310222627444,0.0
2,ridge,12,10.0,4217,2,0.2257965165876276,0.26468238222317325,0.0
2,ridge,12,17.78279410038923,4217,2,0.25961083508107297,0.3043842050835035,0.0
2,ridge,12,31.622776601683793,4217,2,0.31728009055591655,0.37290853536818874,0.0
2,ridge,12,56.23413251903491,4217,2,0.4094981718228755,0.4833931206876378,0.0
2,ridge,12,100.0,4217,2,0.5529839329769866,0.6586950510224594,0.0
2,ridge,12,177.82794100389228,4217,2,0.7782769576351602,0.9447034114935061,0.0
2,ridge,12,316.22776601683796,4217,2,1.1455620648778007,1.4352912743102708,0.0
2,ridge,12,562.341325190349,4217,2,1.766277087047601,2.306611768589913,0.0
2,ridge,12,1000.0,4217,2,2.8124870655809886,3.8370570326059554,0.0
2,ridge,12,0.01,4217,3,0.38878263614117564,0.490499926277227,0.0
2,ridge,12,0.01778279410038923,4217,3,0.3522854205247917,0.42205993569635997,0.0
2,ridge,12,0.03162277660168379,4217,3,0.3209367608401724,0.3624396747404463,0.0
2,ridge,12,0.05623413251903491,4217,3,0.29852023166092123,0.3210794415923794,0.0
2,ridge,12,0.1,4217,3,0.2855638729084319,0.2996656183493555,0.0
2,ridge,12,0.1778279410038923,4217,3,0.28027963755516105,0.29446447452320224,0.0
2,ridge,12,0.31622776601683794,4217,3,0.2799618780973515,0.2993950528613244,0.0
2,ridge,12,0.5623413251903491,4217,3,0.28169208101064747,0.3075748694660523,0.0
2,ridge,12,1.0,4217,3,0.2833321583775842,0.3133991463678268,0.0
2,ridge,12,1.7782794100389228,4217,3,0.2845040429020891,0.3144045181499371,0.0
2,ridge,12,3.1622776601683795,4217,3,0.2868854847043189,0.31168929543516416,0.0
2,ridge,12,5.623413251903491,4217,3,0.2942403418038959,0.31005217576005745,0.0
2,ridge,12,10.0,4217,3,0.31219570600433644,0.31778334513752027,0.0
2,ridge,12,17.78279410038923,4217,3,0.34704463196729946,0.3442195159384703,0.0
2,ridge,12,31.622776601683793,4217,3,0.40467903296145397,0.3969000796012906,0.0
2,ridge,12,56.23413251903491,4217,3,0.4922753829307359,0.4843401541737121,0.0
2,ridge,12,100.0,4217,3,0.6224878032336669,0.6260069599222572,0.0
2,ridge,12,177.82794100389228,4217,3,0.8167708919673888,0.8626827292665608,0.0
2,ridge,12,316.22776601683796,4217,3,1.1064994783540718,1.2597995653166991,0.0
2,ridge,12,562.341325190349,4217,3,1.5366855064395206,1.9084942309319122,0.0
2,ridge,12,1000.0,4217,3,2.1726051255406356,2.92987681992927,0.0
2,ridge,12,0.01,4217,4,0.678354500192021,0.9120559743659106,0.0
2,ridge,12,0.01778279410038923,4217,4,0.5948617295171117,0.7813526386677181,0.0
2,ridge,12,0.03162277660168379,4217,4,0.5247491371249478,0.6716410098714773,0.0
2,ridge,12,0.05623413251903491,4217,4,0.46898360991153976,0.5840071784847949,0.0
2,ridge,12,0.1,4217,4,0.4279680826066466,0.5191178403712183,0.0
2,ridge,12,0.1778279410038923,4217,4,0.401257164245638,0.4767802876940599,0.0
2,ridge,12,0.31622776601683794,4217,4,0.3870637762758383,0.45484491046179815,0.0
2,ridge,12,0.5623413251903491,4217,4,0.3824233448403228,0.4490028011192331,0.0
2,ridge,12,1.0,4217,4,0.3836285499040685,0.4531369904874985,0.0
2,ridge,12,1.7782794100389228,4217,4,0.3868424718519135,0.4603018105025827,0.0
2,ridge,12,3.1622776601683795,4217,4,0.3892019976675074,0.4647379098096601,0.0
2,ridge,12,5.623413251903491,4217,4,0.39041903783756415,0.4644801406247134,0.0
2,ridge,12,10.0,4217,4,0.3944706553990025,0.4637267642267077,0.0
2,ridge,12,17.78279410038923,4217,4,0.410083547463364,0.4733373633190715,0.0
2,ridge,12,31.622776601683793,4217,4,0.44905912516355534,0.508272486003821,0.0
2,ridge,12,56.23413251903491,4217,4,0.5234557098124178,0.5834483535586296,0.0
2,ridge,12,100.0,4217,4,0.6439373273344412,0.7113649251299055,0.0
2,ridge,12,177.82794100389228,4217,4,0.8253094328315781,0.9106157776105211,0.0
2,ridge,12,316.22776601683796,4217,4,1.1051626042355378,1.2346806304019815,0.0
2,ridge,12,562.341325190349,4217,4,1.567118367310421,1.8094188533461577,0.0
2,ridge,12,1000.0,4217,4,2.344161107409218,2.843163462046744,0.0
2,ridge,13,0.01,4197,0,0.5955108845095838,0.8590805375344766,0.0
2,ridge,13,0.01778279410038923,4197,0,0.5531083008060623,0.7865900354681256,0.0
2,ridge,13,0.03162277660168379,4197,0,0.5233788797006131,0.7379575154539745,0.0
2,ridge,13,0.05623413251903491,4197,0,0.49525177736826353,0.6933032775185115,0.0
2,ridge,13,0.1,4197,0,0.46314859659189206,0.6418603957422567,0.0
2,ridge,13,0.1778279410038923,4197,0,0.4285143768124521,0.5854151757579741,0.0
2,ridge,13,0.31622776601683794,4197,0,0.3975649822403596,0.5344747733016634,0.0
2,ridge,13,0.5623413251903491,4197,0,0.3749638298590727,0.49695733169024686,0.0
2,ridge,13,1.0,4197,0,0.3609099154047331,0.47284624897196514,0.0
2,ridge,13,1.7782794100389228,4197,0,0.35329776471303487,0.45791710250181916,0.0
2,ridge,13,3.1622776601683795,4197,0,0.35021714303944707,0.44831378310681863,0.0
2,ridge,13,5.623413251903491,4197,0,0.3507217829318996,0.44206723147968013,0.0
2,ridge,13,10.0,4197,0,0.3549769833788426,0.43904083114973047,0.0
2,ridge,13,17.78279410038923,4197,0,0.364452267293521,0.44069035178572874,0.0
2,ridge,13,31.622776601683793,4197,0,0.38282880045023676,0.4513815371177401,0.0
2,ridge,13,56.23413251903491,4197,0,0.41958059203843473,0.48457642416269686,0.0
2,ridge,13,100.0,4197,0,0.4959581629367743,0.5730751489878237,0.0
2,ridge,13,177.82794100389228,4197,0,0.6510792225384983,0.7787250395648377,0.0
2,ridge,13,316.22776601683796,4197,0,0.946847997703893,1.1985194062105777,0.0
2,ridge,13,562.341325190349,4197,0,1.4698654396154542,1.9655936722829754,0.0
2,ridge,13,1000.0,4197,0,2.330116511200164,3.2511006405849487,0.0
2,ridge,13,0.01,4197,1,0.4477819753586366,0.5043835450516619,0.0
2,ridge,13,0.01778279410038923,4197,1,0.41515598228463296,0.4651430265635389,0.0
2,ridge,13,0.03162277660168379,4197,1,0.38901204087889824,0.4351031717492533,0.0
2,ridge,13,0.05623413251903491,4197,1,0.3664044393859133,0.41065264424519105,0.0
2,ridge,13,0.1,4197,1,0.3466710864341894,0.39087073148186363,0.0
2,ridge,13,0.1778279410038923,4197,1,0.3302795339647534,0.37536749888991316,0.0
2,ridge,13,0.31622776601683794,4197,1,0.3175463121542914,0.3628059493776744,0.0
2,ridge,13,0.5623413251903491,4197,1,0.30862915379177647,0.35218781762968154,0.0
2,ridge,13,1.0,4197,1,0.3041664785544702,0.34438713574423413,0.0
2,ridge,13,1.7782794100389228,4197,1,0.30555454841609014,0.3419645258702086,0.0
2,ridge,13,3.1622776601683795,4197,1,0.314787932180002,0.3480215750034726,0.0
2,ridge,13,5.623413251903491,4197,1,0.3343034647794439,0.3654616868652898,0.0
2,ridge,13,10.0,4197,1,0.36695295803387057,0.3968268704712129,0.0
2,ridge,13,17.78279410038923,4197,1,0.4163107493559382,0.4448525664935956,0.0
2,ridge,13,31.622776601683793,4197,1,0.4878822023469643,0.5149409836895111,0.0
2,ridge,13,56.23413251903491,4197,1,0.5915078000774009,0.6204157312013083,0.0
2,ridge,13,100.0,4197,1,0.7454048695960713,0.7905970880255028,0.0
2,ridge,13,177.82794100389228,4197,1,0.9819001265644776,1.080765397971328,0.0
2,ridge,13,316.22776601683796,4197,1,1.351131360437866,1.5777536436427781,0.0
2,ridge,13,562.341325190349,4197,1,1.9201619851397105,2.396116031578518,0.0
2,ridge,13,1000.0,4197,1,2.7681658309678894,3.6663254128330047,0.0
2,ridge,13,0.01,4197,2,1.0028060788940631,1.5802505311550745,0.0
2,ridge,13,0.01778279410038923,4197,2,0.8259763799282119,1.2713394585275988,0.0
2,ridge,13,0.03162277660168379,4197,2,0.6630911630483571,0.9871371700250363,0.0
2,ridge,13,0.05623413251903491,4197,2,0.5272222840127215,0.7506535660534084,0.0
2,ridge,13,0.1,4197,2,0.42399368110081853,0.5714788164176494,0.0
2,ridge,13,0.1778279410038923,4197,2,0.3523115843333589,0.44755362040178476,0.0
2,ridge,13,0.31622776601683794,4197,2,0.3064246794329882,0.3688059711307226,0.0
2,ridge,13,0.5623413251903491,4197,2,0.2793555228103055,0.32286034655179635,0.0
2,ridge,13,1.0,4197,2,0.2654915923678904,0.29924152911044327,0.0
2,ridge,13,1.7782794100389228,4197,2,0.2614592171097279,0.29069263238907717,0.0
2,ridge,13,3.1622776601683795,4197,2,0.2662458378031704,0.2934090696220172,0.0
2,ridge,13,5.623413251903491,4197,2,0.28111478580136956,0.30721545469730427,0.0
2,ridge,13,10.0,4197,2,0.3088823071892656,0.33465626273828786,0.0
2,ridge,13,17.78279410038923,4197,2,0.3526944567024895,0.3789432490352764,0.0
2,ridge,13,31.622776601683793,4197,2,0.4158777943496542,0.4436595239929445,0.0
2,ridge,13,56.23413251903491,4197,2,0.504426284318529,0.5369528734817489,0.0
2,ridge,13,100.0,4197,2,0.6329248553491313,0.6807777908230954,0.0
2,ridge,13,177.82794100389228,4197,2,0.8335186260183194,0.9240820492214914,0.0
2,ridge,13,316.22776601683796,4197,2,1.1657094231277514,1.3578762821888992,0.0
2,ridge,13,562.341325190349,4197,2,1.7263746194725857,2.133678116724657,0.0
2,ridge,13,1000.0,4197,2,2.6546869219441835,3.4786554848612474,0.0
2,ridge,13,0.01,4197,3,0.5471221870766019,0.7689531598733482,0.0
2,ridge,13,0.01778279410038923,4197,3,0.4772554738843951,0.6479983227039036,0.0
2,ridge,13,0.03162277660168379,4197,3,0.41969417754850735,0.5483130358533165,0.0
2,ridge,13,0.05623413251903491,4197,3,0.37646367600900876,0.47401803674354653,0.0
2,ridge,13,0.1,4197,3,0.34489104183722236,0.42006732315724626,0.0
2,ridge,13,0.1778279410038923,4197,3,0.32010304940495504,0.3773928163553847,0.0
2,ridge,13,0.31622776601683794,4197,3,0.2984523285286822,0.3394813418108373,0.0
2,ridge,13,0.5623413251903491,4197,3,0.2789306246365555,0.304883891026518,0.0
2,ridge,13,1.0,4197,3,0.262481307709044,0.27564903306121386,0.0
2,ridge,13,1.7782794100389228,4197,3,0.25065286003720616,0.25460163913444045,0.0
2,ridge,13,3.1622776601683795,4197,3,0.24465882977399772,0.24354065376255074,0.0
2,ridge,13,5.623413251903491,4197,3,0.24546318919934246,0.24324293099864072,0.0
2,ridge,13,10.0,4197,3,0.2548796724365291,0.25504072399272965,0.0
2,ridge,13,17.78279410038923,4197,3,0.27687257097858603,0.2828293474894173,0.0
2,ridge,13,31.622776601683793,4197,3,0.3180418053955983,0.3344078568787474,0.0
2,ridge,13,56.23413251903491,4197,3,0.3874700481297497,0.4226613599189964,0.0
2,ridge,13,100.0,4197,3,0.49809816511048205,0.5694115288698983,0.0
2,ridge,13,177.82794100389228,4197,3,0.6717701526957507,0.8142823777467497,0.0
2,ridge,13,316.22776601683796,4197,3,0.9475632210653634,1.227565029184283,0.0
2,ridge,13,562.341325190349,4197,3,1.3911650286839656,1.924584772317294,0.0
2,ridge,13,1000.0,4197,3,2.0966166951035934,3.0687490868194236,0.0
2,ridge,13,0.01,4197,4,0.36103098988650306,0.4372699473636163,0.0
2,ridge,13,0.01778279410038923,4197,4,0.3200351278629895,0.3746562087770822,0.0
2,ridge,13,0.03162277660168379,4197,4,0.2907224638094922,0.3312226575496816,0.0
2,ridge,13,0.05623413251903491,4197,4,0.2686144321222374,0.29987301118792836,0.0
2,ridge,13,0.1,4197,4,0.25152264944557795,0.2770339395573845,0.0
2,ridge,13,0.1778279410038923,4197,4,0.2382743951827535,0.26068197870723897,0.0
2,ridge,13,0.31622776601683794,4197,4,0.22858812088306008,0.2501974164873883,0.0
2,ridge,13,0.5623413251903491,4197,4,0.22237451490613647,0.24524093314554943,0.0
2,ridge,13,1.0,4197,4,0.21885597395398754,0.24424006889707311,0.0
2,ridge,13,1.7782794100389228,4197,4,0.21699339708673832,0.24484710550442015,0.0
2,ridge,13,3.1622776601683795,4197,4,0.21641674922126217,0.2452821953573563,0.0
2,ridge,13,5.623413251903491,4197,4,0.217888568272749,0.2451695612011774,0.0
2,ridge,13,10.0,4197,4,0.22374668853306678,0.2462564871144722,0.0
2,ridge,13,17.78279410038923,4197,4,0.23852375101086493,0.2532523786238065,0.0
2,ridge,13,31.622776601683793,4197,4,0.2690049612086018,0.2742148853337346,0.0
2,ridge,13,56.23413251903491,4197,4,0.3232766824080162,0.3201089190162369,0.0
2,ridge,13,100.0,4197,4,0.41094081109432157,0.40634854983756963,0.0
2,ridge,13,177.82794100389228,4197,4,0.5498733385823626,0.5633505647128859,0.0
2,ridge,13,316.22776601683796,4197,4,0.7825045393562213,0.8600333610013295,0.0
2,ridge,13,562.341325190349,4197,4,1.1973461265012797,1.4349350895370314,0.0
2,ridge,13,1000.0,4197,4,1.9415402719190848,2.516080351772828,0.0
2,ridge,13,0.01,4207,0,0.4530023869158333,0.4713291769793696,0.0
2,ridge,13,0.01778279410038923,4207,0,0.38971369015887003,0.39895902727535715,0.0
2,ridge,13,0.03162277660168379,4207,0,0.3434441477823037,0.349934302701788,0.0
2,ridge,13,0.05623413251903491,4207,0,0.31103890211936,0.31977988631029153,0.0
2,ridge,13,0.1,4207,0,0.29066105340959425,0.30484448296706224,0.0
2,ridge,13,0.1778279410038923,4207,0,0.27965389195417395,0.30003976977895125,0.0
2,ridge,13,0.31622776601683794,4207,0,0.27456803575367233,0.3001049383425218,0.0
2,ridge,13,0.5623413251903491,4207,0,0.27258850224938624,0.3017142038701521,0.0
2,ridge,13,1.0,4207,0,0.2724099740478453,0.3040270130539638,0.0
2,ridge,13,1.7782794100389228,4207,0,0.2740460058390878,0.30781036925462885,0.0
2,ridge,13,3.1622776601683795,4207,0,0.27808626615502846,0.3140236765254233,0.0
2,ridge,13,5.623413251903491,4207,0,0.28527462773204726,0.3230797517564148,0.0
2,ridge,13,10.0,4207,0,0.29707086494178536,0.3356336621040334,0.0
2,ridge,13,17.78279410038923,4207,0,0.3175933818948174,0.35561260101985126,0.0
2,ridge,13,31.622776601683793,4207,0,0.35633980307035096,0.3951241893113495,0.0
2,ridge,13,56.23413251903491,4207,0,0.4293932934643969,0.47796072735931117,0.0
2,ridge,13,100.0,4207,0,0.5580938944502597,0.6392845425659076,0.0
2,ridge,13,177.82794100389228,4207,0,0.7685508113031326,0.9247251679251572,0.0
2,ridge,13,316.22776601683796,4207,0,1.0994055495396151,1.4001901973982975,0.0
2,ridge,13,562.341325190349,4207,0,1.6213735178041166,2.182531258137319,0.0
2,ridge,13,1000.0,4207,0,2.453234478734405,3.4714870813438488,0.0
2,ridge,13,0.01,4207,1,1.8750393444647961,3.3363699059598133,0.0
2,ridge,13,0.01778279410038923,4207,1,1.5900059289827049,2.7966073453511187,0.0
2,ridge,13,0.03162277660168379,4207,1,1.3473022882848726,2.3376944381659497,0.0
2,ridge,13,0.05623413251903491,4207,1,1.1320894533155605,1.931846492147842,0.0
2,ridge,13,0.1,4207,1,0.932295514976435,1.55566475543817,0.0
2,ridge,13,0.1778279410038923,4207,1,0.75458117025213,1.2213460031082513,0.0
2,ridge,13,0.31622776601683794,4207,1,0.6131863403884643,0.9557010798615155,0.0
2,ridge,13,0.5623413251903491,4207,1,0.5128929229081872,0.7673800961795667,0.0
2,ridge,13,1.0,4207,1,0.4471687975916283,0.6429072743084936,0.0
2,ridge,13,1.7782794100389228,4207,1,0.40607033177380475,0.5615791238970568,0.0
2,ridge,13,3.1622776601683795,4207,1,0.381699638454499,0.5059223784614335,0.0
2,ridge,13,5.623413251903491,4207,1,0.36950872919929206,0.4641795686007042,0.0
2,ridge,13,10.0,4207,1,0.36880615153605806,0.43123796644961293,0.0
2,ridge,13,17.78279410038923,4207,1,0.383477474114189,0.4103345506259853,0.0
2,ridge,13,31.622776601683793,4207,1,0.42148563819325513,0.4130075380753518,0.0
2,ridge,13,56.23413251903491,4207,1,0.4927984443635185,0.4562993071681382,0.0
2,ridge,13,100.0,4207,1,0.6081910949852664,0.5609888516296893,0.0
2,ridge,13,177.82794100389228,4207,1,0.7824114188351798,0.756518182779783,0.0
2,ridge,13,316.22776601683796,4207,1,1.042487566085482,1.0940283131654978,0.0
2,ridge,13,562.341325190349,4207,1,1.4408398740808162,1.667227058568836,0.0
2,ridge,13,1000.0,4207,1,2.065950304101019,2.6307690973968887,0.0
2,ridge,13,0.01,4207,2,0.2718394837718688,0.3304947596034423,0.0
2,ridge,13,0.01778279410038923,4207,2,0.2594847340070958,0.30884569223039815,0.0
2,ridge,13,0.03162277660168379,4207,2,0.25096801711376504,0.29440633282367357,0.0
2,ridge,13,0.05623413251903491,4207,2,0.2441365216361035,0.28399102682230826,0.0
2,ridge,13,0.1,4207,2,0.2380247386167788,0.27598790911997706,0.0
2,ridge,13,0.1778279410038923,4207,2,0.23217008501791012,0.2693296620198036,0.0
2,ridge,13,0.31622776601683794,4207,2,0.2262390129467983,0.2629667520787692,0.0
2,ridge,13,0.5623413251903491,4207,2,0.22024250606881898,0.25627612550165385,0.0
2,ridge,13,1.0,4207,2,0.21482938815549496,0.24959985632627105,0.0
2,ridge,13,1.7782794100389228,4207,2,0.21111399568430547,0.24403244569737004,0.0
2,ridge,13,3.1622776601683795,4207,2,0.21032884188208936,0.2408635249730159,0.0
2,ridge,13,5.623413251903491,4207,2,0.21375559126192592,0.24131105010618134,0.0
2,ridge,13,10.0,4207,2,0.2232106015441023,0.24688890608579686,0.0
2,ridge,13,17.78279410038923,4207,2,0.24212937978663157,0.2607340252352052,0.0
2,ridge,13,31.622776601683793,4207,2,0.27676556185757034,0.28977982845772,0.0
2,ridge,13,56.23413251903491,4207,2,0.337364840155698,0.34764634953564105,0.0
2,ridge,13,100.0,4207,2,0.44160609679862173,0.4609671760147368,0.0
2,ridge,13,177.82794100389228,4207,2,0.6234151365236922,0.6834445292683503,0.0
2,ridge,13,316.22776601683796,4207,2,0.9430968633268219,1.1118465009380691,0.0
2,ridge,13,562.341325190349,4207,2,1.4862151246713746,1.884452845718647,0.0
2,ridge,13,1000.0,4207,2,2.3422440923653594,3.147390979903555,0.0
2,ridge,13,0.01,4207,3,0.5133234776085004,0.6579888436236577,0.0
2,ridge,13,0.01778279410038923,4207,3,0.4844334681850751,0.6097502842075188,0.0
2,ridge,13,0.03162277660168379,4207,3,0.4581770669562978,0.5654126987707939,0.0
2,ridge,13,0.05623413251903491,4207,3,0.4305846813875201,0.5186786471452223,0.0
2,ridge,13,0.1,4207,3,0.40163764813196334,0.47041289953859855,0.0
2,ridge,13,0.1778279410038923,4207,3,0.37242658699646947,0.4236019171907379,0.0
2,ridge,13,0.31622776601683794,4207,3,0.3442801559442372,0.38111605959722683,0.0
2,ridge,13,0.5623413251903491,4207,3,0.31902158823676785,0.34575480006259984,0.0
2,ridge,13,1.0,4207,3,0.2987342051437526,0.3199809764501032,0.0
2,ridge,13,1.7782794100389228,4207,3,0.28497118171175406,0.3049282232148236,0.0
2,ridge,13,3.1622776601683795,4207,3,0.27851382875557074,0.30026955515868375,0.0
2,ridge,13,5.623413251903491,4207,3,0.2798433063747231,0.3051371797822545,0.0
2,ridge,13,10.0,4207,3,0.28983774111909283,0.31933573525052733,0.0
2,ridge,13,17.78279410038923,4207,3,0.3111585710528165,0.34573433758381894,0.0
2,ridge,13,31.622776601683793,4207,3,0.35068505207942224,0.3942785143919481,0.0
2,ridge,13,56.23413251903491,4207,3,0.42110499710318877,0.48415899613091046,0.0
2,ridge,13,100.0,4207,3,0.5415133937855687,0.6440277259618021,0.0
2,ridge,13,177.82794100389228,4207,3,0.7432321004183197,0.9210124172196203,0.0
2,ridge,13,316.22776601683796,4207,3,1.083255860170984,1.40220071301045,0.0
2,ridge,13,562.341325190349,4207,3,1.656883383955866,2.2345723270985167,0.0
2,ridge,13,1000.0,4207,3,2.5952126100258934,3.6240053600733106,0.0
2,ridge,13,0.01,4207,4,0.8555843957530597,1.1719768833606328,0.0
2,ridge,13,0.01778279410038923,4207,4,0.775037874029995,1.0522773294532901,0.0
2,ridge,13,0.03162277660168379,4207,4,0.6840158526261588,0.9167973952148379,0.0
2,ridge,13,0.05623413251903491,4207,4,0.594153472362368,0.7823289561376872,0.0
2,ridge,13,0.1,4207,4,0.511404585604734,0.6573979373105909,0.0
2,ridge,13,0.1778279410038923,4207,4,0.43830782832647514,0.5463524107675898,0.0
2,ridge,13,0.31622776601683794,4207,4,0.37694289387423463,0.4533259243710956,0.0
2,ridge,13,0.5623413251903491,4207,4,0.3291561998877893,0.3815046174632002,0.0
2,ridge,13,1.0,4207,4,0.2955787308179363,0.3310894920119138,0.0
2,ridge,13,1.7782794100389228,4207,4,0.2758033303175444,0.29991769020987663,0.0
2,ridge,13,3.1622776601683795,4207,4,0.2695164957015473,0.28602099591681396,0.0
2,ridge,13,5.623413251903491,4207,4,0.2773705007026746,0.28964656264504735,0.0
2,ridge,13,10.0,4207,4,0.30100898197587156,0.31325577428412804,0.0
2,ridge,13,17.78279410038923,4207,4,0.3430612525487836,0.3607670940096667,0.0
2,ridge,13,31.622776601683793,4207,4,0.407996053533327,0.4381247587813059,0.0
2,ridge,13,56.23413251903491,4207,4,0.504373535004942,0.5568067658852126,0.0
2,ridge,13,100.0,4207,4,0.649103882325831,0.7410973084078145,0.0
2,ridge,13,177.82794100389228,4207,4,0.8715600688301427,1.0345226614608336,0.0
2,ridge,13,316.22776601683796,4207,4,1.217994426634751,1.505602111178492,0.0
2,ridge,13,562.341325190349,4207,4,1.7637089202229503,2.2652147764506037,0.0
2,ridge,13,1000.0,4207,4,2.6288951923092254,3.490938189174918,0.0
2,ridge,13,0.01,4217,0,0.70266775927797,1.1768884047983914,0.0
2,ridge,13,0.01778279410038923,4217,0,0.6211357966693075,1.0203482175449985,0.0
2,ridge,13,0.03162277660168379,4217,0,0.5541220969873211,0.8895917231636583,0.0
2,ridge,13,0.05623413251903491,4217,0,0.4953860965630181,0.774207613260654,0.0
2,ridge,13,0.1,4217,0,0.4430545223310095,0.6713505949315276,0.0
2,ridge,13,0.1778279410038923,4217,0,0.3983865351043775,0.5835350111147228,0.0
2,ridge,13,0.31622776601683794,4217,0,0.3631368704287377,0.5137759708666361,0.0
2,ridge,13,0.5623413251903491,4217,0,0.3383570609909639,0.4634996227163785,0.0
2,ridge,13,1.0,4217,0,0.32432124542995533,0.43248221657583874,0.0
2,ridge,13,1.7782794100389228,4217,0,0.320731316379776,0.41922266968805527,0.0
2,ridge,13,3.1622776601683795,4217,0,0.3272709387396435,0.42215447720774285,0.0
2,ridge,13,5.623413251903491,4217,0,0.34457447948044595,0.44172679895443745,0.0
2,ridge,13,10.0,4217,0,0.3750268555973875,0.48177841472616306,0.0
2,ridge,13,17.78279410038923,4217,0,0.42305835404792164,0.5494292387383288,0.0
2,ridge,13,31.622776601683793,4217,0,0.4962827916228919,0.6565855484655122,0.0
2,ridge,13,56.23413251903491,4217,0,0.609689183360995,0.8279787284862405,0.0
2,ridge,13,100.0,4217,0,0.7936879637705286,1.1169973301744196,0.0
2,ridge,13,177.82794100389228,4217,0,1.1036397600465258,1.6234945718825884,0.0
2,ridge,13,316.22776601683796,4217,0,1.6238567163905082,2.4997758054045196,0.0
2,ridge,13,562.341325190349,4217,0,2.458105750918272,3.9317412895734702,0.0
2,ridge,13,1000.0,4217,0,3.699517994559256,6.086120309089481,0.0
2,ridge,13,0.01,4217,1,0.6339995582045608,0.8135109079391528,0.0
2,ridge,13,0.01778279410038923,4217,1,0.5526541587028803,0.6903418218574455,0.0
2,ridge,13,0.03162277660168379,4217,1,0.5014689624887175,0.6150858056467507,0.0
2,ridge,13,0.05623413251903491,4217,1,0.46142216049579926,0.5585270456971161,0.0
2,ridge,13,0.1,4217,1,0.421699504251934,0.5034408522815875,0.0
2,ridge,13,0.1778279410038923,4217,1,0.3802589574273939,0.4458912908745093,0.0
2,ridge,13,0.31622776601683794,4217,1,0.34092416395712616,0.39099443535844625,0.0
2,ridge,13,0.5623413251903491,4217,1,0.30832404405982017,0.3452484346923137,0.0
2,ridge,13,1.0,4217,1,0.28488474486553433,0.3119265961273369,0.0
2,ridge,13,1.7782794100389228,4217,1,0.2713283352689619,0.29172529772305905,0.0
2,ridge,13,3.1622776601683795,4217,1,0.26786851214992746,0.284542252858779,0.0
2,ridge,13,5.623413251903491,4217,1,0.2741209382264553,0.28937151644763487,0.0
2,ridge,13,10.0,4217,1,0.2891817032137093,0.30421878700316807,0.0
2,ridge,13,17.78279410038923,4217,1,0.31357046226442414,0.32869731585978995,0.0
2,ridge,13,31.622776601683793,4217,1,0.35254195063293264,0.3691525036381612,0.0
2,ridge,13,56.23413251903491,4217,1,0.4187716112818138,0.4436707861700637,0.0
2,ridge,13,100.0,4217,1,0.5330875017370691,0.5844655404613045,0.0
2,ridge,13,177.82794100389228,4217,1,0.725221051034386,0.8389685631316511,0.0
2,ridge,13,316.22776601683796,4217,1,1.0384079948078693,1.274194933704,0.0
2,ridge,13,562.341325190349,4217,1,1.5429684656354115,1.993519641918751,0.0
2,ridge,13,1000.0,4217,1,2.3574444105645385,3.1677236422446673,0.0
2,ridge,13,0.01,4217,2,0.365938921052598,0.4846100997416606,0.0
2,ridge,13,0.01778279410038923,4217,2,0.3396798249108462,0.44882210942576717,0.0
2,ridge,13,0.03162277660168379,4217,2,0.31588421712577036,0.4127914039544681,0.0
2,ridge,13,0.05623413251903491,4217,2,0.29120275389947853,0.37322959196462857,0.0
2,ridge,13,0.1,4217,2,0.26605520905598995,0.3325063020489733,0.0
2,ridge,13,0.1778279410038923,4217,2,0.24264997023559864,0.2951198634471967,0.0
2,ridge,13,0.31622776601683794,4217,2,0.22355898904063715,0.26558102995793875,0.0
2,ridge,13,0.5623413251903491,4217,2,0.2099490192708319,0.24570766770077712,0.0
2,ridge,13,1.0,4217,2,0.20101652471207757,0.23371928811742462,0.0
2,ridge,13,1.7782794100389228,4217,2,0.19546954948705578,0.22659548232864862,0.0
2,ridge,13,3.1622776601683795,4217,2,0.19349392035646476,0.22329293867431524,0.0
2,ridge,13,5.623413251903491,4217,2,0.19763271704720273,0.22631657560163457,0.0
2,ridge,13,10.0,4217,2,0.21236804063747977,0.24112126830888897,0.0
2,ridge,13,17.78279410038923,4217,2,0.2431744144301212,0.27437515764579784,0.0
2,ridge,13,31.622776601683793,4217,2,0.2962043703826001,0.3331445001250164,0.0
2,ridge,13,56.23413251903491,4217,2,0.37931607518851373,0.4268583916735891,0.0
2,ridge,13,100.0,4217,2,0.5052088995057499,0.573246430140605,0.0
2,ridge,13,177.82794100389228,4217,2,0.6988675380233644,0.8103002838572682,0.0
2,ridge,13,316.22776601683796,4217,2,1.0119005206612592,1.2176985721113,0.0
2,ridge,13,562.341325190349,4217,2,1.5434112093438905,1.9493840735787356,0.0
2,ridge,13,1000.0,4217,2,2.4550652966618305,3.26269243758795,0.0
2,ridge,13,0.01,4217,3,0.43466173012077036,0.5790354144805984,0.0
2,ridge,13,0.01778279410038923,4217,3,0.40391877427373934,0.5319631114324602,0.0
2,ridge,13,0.03162277660168379,4217,3,0.37286780845825696,0.47625955694161665,0.0
2,ridge,13,0.05623413251903491,4217,3,0.3406356199191228,0.4137624796258113,0.0
2,ridge,13,0.1,4217,3,0.3132305300691628,0.360221488760324,0.0
2,ridge,13,0.1778279410038923,4217,3,0.295092305789534,0.3264357180564348,0.0
2,ridge,13,0.31622776601683794,4217,3,0.28595909792101154,0.3118456379476108,0.0
2,ridge,13,0.5623413251903491,4217,3,0.28298591905717946,0.3097798006739922,0.0
2,ridge,13,1.0,4217,3,0.28310524926143343,0.3128133343685278,0.0
2,ridge,13,1.7782794100389228,4217,3,0.28455606259516236,0.3157245058075365,0.0
2,ridge,13,3.1622776601683795,4217,3,0.2881711924307498,0.31768015088056695,0.0
2,ridge,13,5.623413251903491,4217,3,0.29778313777095206,0.32284484906729105,0.0
2,ridge,13,10.0,4217,3,0.3189424263117159,0.3380851563863362,0.0
2,ridge,13,17.78279410038923,4217,3,0.35678894070657247,0.36951813666044725,0.0
2,ridge,13,31.622776601683793,4217,3,0.41484300004105873,0.42096987337031266,0.0
2,ridge,13,56.23413251903491,4217,3,0.49606819578018513,0.49620252451405844,0.0
2,ridge,13,100.0,4217,3,0.6073620127275805,0.6071893548014994,0.0
2,ridge,13,177.82794100389228,4217,3,0.7663980076420833,0.7872657024087258,0.0
2,ridge,13,316.22776601683796,4217,3,1.00604159482937,1.099713484424687,0.0
2,ridge,13,562.341325190349,4217,3,1.3749914448038851,1.6365289655556734,0.0
2,ridge,13,1000.0,4217,3,1.937666608547368,2.5127751852431373,0.0
2,ridge,13,0.01,4217,4,0.674039519225721,0.904198583034312,0.0
2,ridge,13,0.01778279410038923,4217,4,0.6042699981235825,0.7937289376386963,0.0
2,ridge,13,0.03162277660168379,4217,4,0.5584260567030083,0.7221028076988425,0.0
2,ridge,13,0.05623413251903491,4217,4,0.5232677181462206,0.6675085990298487,0.0
2,ridge,13,0.1,4217,4,0.4896448634427192,0.614809661464492,0.0
2,ridge,13,0.1778279410038923,4217,4,0.45665947287808795,0.5625366574103954,0.0
2,ridge,13,0.31622776601683794,4217,4,0.4289030564906441,0.518443398006354,0.0
2,ridge,13,0.5623413251903491,4217,4,0.410021264257373,0.4889646787876763,0.0
2,ridge,13,1.0,4217,4,0.3994913549794488,0.47359459866403747,0.0
2,ridge,13,1.7782794100389228,4217,4,0.3942581432366731,0.4670045857471128,0.0
2,ridge,13,3.1622776601683795,4217,4,0.3912265332485345,0.46290996190019507,0.0
2,ridge,13,5.623413251903491,4217,4,0.3888399824265091,0.4568291370160756,0.0
2,ridge,13,10.0,4217,4,0.3887556456018597,0.44886431500557716,0.0
2,ridge,13,17.78279410038923,4217,4,0.397086494479865,0.44559456575278045,0.0
2,ridge,13,31.622776601683793,4217,4,0.42370565361024976,0.45914288241437373,0.0
2,ridge,13,56.23413251903491,4217,4,0.4804852904346567,0.5049603316337149,0.0
2,ridge,13,100.0,4217,4,0.579555685019711,0.5993381112542892,0.0
2,ridge,13,177.82794100389228,4217,4,0.7356607787351682,0.7621703505352224,0.0
2,ridge,13,316.22776601683796,4217,4,0.9812202029279302,1.039147915829441,0.0
2,ridge,13,562.341325190349,4217,4,1.3927573687315415,1.5437491906564298,0.0
2,ridge,13,1000.0,4217,4,2.1082904617345894,2.4895730660884987,0.0
